ID,Date Discovered,Company,Title,Location,Match Score,Category,Status,Apply URL,Skills,Why Match,Gaps,Source
08b3ad6996aef4d7,2026-08-19,Tech Company,Sticker Mule: Software engineer,Remote,86.5,,APPLIED,https://weworkremotely.com/remote-jobs/sticker-mule-software-engineer-3,"Postgresql, React","Tier 1 Core SDE Role (Software Engineer) | 0-1 years entry level requirement | Open to student / graduate applicants | Preferred Tech Hub Location (Remote) | Standard candidate company | Matched skills: Postgresql, React | 9.32 CGPA academic cutoff eligible | Software Engineering internship experience (Bluestock Fintech) | Company previously saved/applied to by Aarav",,RSS (We Work Remotely - Software Engineering)
6844cd9f1c1a8a8d,2026-08-19,Figma,Software Engineer Intern (Winter 2027),"San Francisco, CA • New York, NY",83.0,,NEW,https://boards.greenhouse.io/figma/jobs/6131089004?gh_jid=6131089004,"DSA, Java, Javascript, Python, System Design","Tier 1 Core SDE Role (Software Engineer) | Ideal match for student / intern / fresher | Explicit match for 2027 batch / pre-final year | Location: San Francisco, CA • New York, NY | High Priority Target Company (Figma) | Matched skills: Java, Javascript, Python | 9.32 CGPA academic cutoff eligible | Software Engineering internship experience (Bluestock Fintech)","Skills mentioned in JD not on resume: DSA, System Design",Greenhouse
636b7e0ca1c92d5c,2026-08-19,Tech Company,OnTheGoSystems: AI-Native Software Developer,Remote,80.5,,NEW,https://weworkremotely.com/remote-jobs/onthegosystems-ai-native-software-developer,,Tier 1 Core SDE Role (Software Developer) | 0-1 years entry level requirement | Open to student / graduate applicants | Preferred Tech Hub Location (Remote) | Standard candidate company | 9.32 CGPA academic cutoff eligible | Software Engineering internship experience (Bluestock Fintech) | Company previously saved/applied to by Aarav,,RSS (We Work Remotely - Software Engineering)
fc413c9e524d17af,2026-08-19,Tech Company,Charisma-tec: Junior DevOps Engineer (CI/CD & Developer Tooling) remote (m/f/d),Remote,78.5,,NEW,https://weworkremotely.com/remote-jobs/charisma-tec-junior-devops-engineer-ci-cd-developer-tooling-remote-m-f-d,"AWS, Java, Javascript, Python","General Software / Technical Role | 0-1 years entry level requirement | Open to student / graduate applicants | Preferred Tech Hub Location (Remote) | Standard candidate company | Matched skills: AWS, Java, Javascript, Python | 9.32 CGPA academic cutoff eligible | Software Engineering internship experience (Bluestock Fintech) | Company previously saved/applied to by Aarav",,RSS (We Work Remotely - Software Engineering)
98046b1541acaa33,2026-08-19,Cloudflare,"Systems Engineer, Edge",In-Office,78.3,,NEW,https://boards.greenhouse.io/cloudflare/jobs/7068271?gh_jid=7068271,"Postgresql, Python, System Design","Tier 4 Systems/Infrastructure Role (Systems Engineer) | 0-1 years entry level requirement | Open to student / graduate applicants | Location: In-Office | High Priority Target Company (Cloudflare) | Matched skills: Postgresql, Python | 9.32 CGPA academic cutoff eligible | Software Engineering internship experience (Bluestock Fintech)",Skills mentioned in JD not on resume: System Design,Greenhouse
85d31537926c3d5b,2026-08-19,Cloudflare,"Systems Engineer, Spectrum",Hybrid,77.0,,NEW,https://boards.greenhouse.io/cloudflare/jobs/8094826?gh_jid=8094826,"Rest Apis, System Design",Tier 4 Systems/Infrastructure Role (Systems Engineer) | 0-1 years entry level requirement | Open to student / graduate applicants | Location: Hybrid | High Priority Target Company (Cloudflare) | Matched skills: Rest Apis | Strong match for Network Intrusion Detection project (Scapy/Networking) | 9.32 CGPA academic cutoff eligible | Software Engineering internship experience (Bluestock Fintech),Skills mentioned in JD not on resume: System Design,Greenhouse
21e18dbc73beab05,2026-08-19,Tech Company,Base.com: DevOps Engineer,Remote,76.5,,NEW,https://weworkremotely.com/remote-jobs/base-com-devops-engineer,AWS,General Software / Technical Role | 0-1 years entry level requirement | Open to student / graduate applicants | Preferred Tech Hub Location (Remote) | Standard candidate company | Matched skills: AWS | 9.32 CGPA academic cutoff eligible | Software Engineering internship experience (Bluestock Fintech) | Company previously saved/applied to by Aarav,,RSS (We Work Remotely - Software Engineering)
619e34f7aa3ee5b6,2026-08-19,Tech Company,"Stripe: Security Analyst, Bug Bounty",Remote,76.5,,NEW,https://weworkremotely.com/remote-jobs/stripe-security-analyst-bug-bounty,"AWS, Python","General Software / Technical Role | 0-1 years entry level requirement | Open to student / graduate applicants | Preferred Tech Hub Location (Remote) | Standard candidate company | Matched skills: AWS, Python | 9.32 CGPA academic cutoff eligible | Software Engineering internship experience (Bluestock Fintech) | Company previously saved/applied to by Aarav",,RSS (We Work Remotely - Software Engineering)
0f6f8696dca1ebaa,2026-08-19,Cloudflare,Detection & Mitigation Engineer,Hybrid,75.0,,NEW,https://boards.greenhouse.io/cloudflare/jobs/7489019?gh_jid=7489019,Python,General Software / Technical Role | 0-1 years entry level requirement | Open to student / graduate applicants | Location: Hybrid | High Priority Target Company (Cloudflare) | Matched skills: Python | 9.32 CGPA academic cutoff eligible | Software Engineering internship experience (Bluestock Fintech),,Greenhouse
e1f367c86783804f,2026-08-19,Cloudflare,VoidZero Engineer,Hybrid,73.0,,NEW,https://boards.greenhouse.io/cloudflare/jobs/8114069?gh_jid=8114069,Javascript,General Software / Technical Role | 0-1 years entry level requirement | Open to student / graduate applicants | Location: Hybrid | High Priority Target Company (Cloudflare) | Matched skills: Javascript | 9.32 CGPA academic cutoff eligible | Software Engineering internship experience (Bluestock Fintech),,Greenhouse
1d558b456d4ecdb4,2026-08-19,Tech Company,Summa Linguae Technologies: Digital Design Diagram Creators,Remote,68.5,,NEW,https://weworkremotely.com/remote-jobs/summa-linguae-technologies-digital-design-diagram-creators,,General Software / Technical Role | 0-1 years entry level requirement | Open to student / graduate applicants | Preferred Tech Hub Location (Remote) | Standard candidate company | 9.32 CGPA academic cutoff eligible | Software Engineering internship experience (Bluestock Fintech) | Company previously saved/applied to by Aarav,,RSS (We Work Remotely - Software Engineering)
af17c20fb1f2df22,2026-08-19,Cloudflare,Business System Analyst,Hybrid,66.0,,NEW,https://boards.greenhouse.io/cloudflare/jobs/8105718?gh_jid=8105718,"Python, System Design",General Software / Technical Role | 0-1 years entry level requirement | Open to student / graduate applicants | Location: Hybrid | High Priority Target Company (Cloudflare) | Matched skills: Python | 9.32 CGPA academic cutoff eligible | Software Engineering internship experience (Bluestock Fintech),Skills mentioned in JD not on resume: System Design,Greenhouse
786d028583157dee,2026-08-19,Cloudflare,Network Reliability Engineer,Hybrid,66.0,,NEW,https://boards.greenhouse.io/cloudflare/jobs/7649981?gh_jid=7649981,"Python, System Design",General Software / Technical Role | 0-1 years entry level requirement | Open to student / graduate applicants | Location: Hybrid | High Priority Target Company (Cloudflare) | Matched skills: Python | 9.32 CGPA academic cutoff eligible | Software Engineering internship experience (Bluestock Fintech),Skills mentioned in JD not on resume: System Design,Greenhouse
595652d1e820436d,2026-08-19,Gooseworks (YC W23) Is Hiring a Founding Builder / Engineer,Gooseworks (YC W23) Is Hiring a Founding Builder / Engineer,Remote,65.5,,NEW,https://www.ycombinator.com/companies/gooseworks/jobs/UJ4vH2F-founding-engineer,,General Software / Technical Role | 0-1 years entry level requirement | Open to student / graduate applicants | Preferred Tech Hub Location (Remote) | Standard candidate company | 9.32 CGPA academic cutoff eligible | Software Engineering internship experience (Bluestock Fintech),,HackerNews Jobs
15446e567ee040d8,2026-08-19,Voltair (YC W26) Is Hiring a Test Flight Engineer,Voltair (YC W26) Is Hiring a Test Flight Engineer,Remote,65.5,,NEW,https://www.ycombinator.com/companies/voltair/jobs/sSOD2Ox-flight-test-engineer,,General Software / Technical Role | 0-1 years entry level requirement | Open to student / graduate applicants | Preferred Tech Hub Location (Remote) | Standard candidate company | 9.32 CGPA academic cutoff eligible | Software Engineering internship experience (Bluestock Fintech),,HackerNews Jobs
687f9462085c741b,2026-08-19,Tasklet (YC P26) Is Hiring a Customer Success Engineer,Tasklet (YC P26) Is Hiring a Customer Success Engineer,Remote,65.5,,NEW,https://tasklet.ai/careers/customer-success-engineer,,General Software / Technical Role | 0-1 years entry level requirement | Open to student / graduate applicants | Preferred Tech Hub Location (Remote) | Standard candidate company | 9.32 CGPA academic cutoff eligible | Software Engineering internship experience (Bluestock Fintech),,HackerNews Jobs
e42c2221c23adc85,2026-08-19,Mbodi AI (YC P25) Is Hiring Robotics/Research Engineers,Mbodi AI (YC P25) Is Hiring Robotics/Research Engineers,Remote,65.5,,NEW,https://www.ycombinator.com/companies/mbodi-ai/jobs,,General Software / Technical Role | 0-1 years entry level requirement | Open to student / graduate applicants | Preferred Tech Hub Location (Remote) | Standard candidate company | 9.32 CGPA academic cutoff eligible | Software Engineering internship experience (Bluestock Fintech),,HackerNews Jobs
3825c166bf41297b,2026-08-19,Cloudflare,"Software Engineer, Realtime",Hybrid,65.0,,NEW,https://boards.greenhouse.io/cloudflare/jobs/7887609?gh_jid=7887609,System Design,Tier 1 Core SDE Role (Software Engineer) | 0-1 years entry level requirement | Open to student / graduate applicants | Location: Hybrid | High Priority Target Company (Cloudflare) | 9.32 CGPA academic cutoff eligible | Software Engineering internship experience (Bluestock Fintech),Skills mentioned in JD not on resume: System Design,Greenhouse
d6bcb09905fb02a9,2026-08-19,Cloudflare,Network Deployment Engineer,Hybrid,64.0,,NEW,https://boards.greenhouse.io/cloudflare/jobs/8099671?gh_jid=8099671,"DSA, Python",General Software / Technical Role | 0-1 years entry level requirement | Open to student / graduate applicants | Location: Hybrid | High Priority Target Company (Cloudflare) | Matched skills: Python | 9.32 CGPA academic cutoff eligible | Software Engineering internship experience (Bluestock Fintech),Skills mentioned in JD not on resume: DSA,Greenhouse
e0c93a08438a239c,2026-08-19,Tech Company,WeVote: General Volunteering Opportunities: Digital Democracy,Remote,62.5,,NEW,https://weworkremotely.com/remote-jobs/wevote-general-volunteering-opportunities-digital-democracy,,Other Technical Role | 0-1 years entry level requirement | Open to student / graduate applicants | Preferred Tech Hub Location (Remote) | Standard candidate company | 9.32 CGPA academic cutoff eligible | Software Engineering internship experience (Bluestock Fintech) | Company previously saved/applied to by Aarav,,RSS (We Work Remotely - Software Engineering)
3d58ce99b4f15cdc,2026-08-19,Reflex (YC W23) Is hiring Growth and GTM Roles,Reflex (YC W23) Is hiring Growth and GTM Roles,Remote,59.5,,NEW,https://www.ycombinator.com/companies/reflex/jobs/71x5GFb-growth-engineer,,Other Technical Role | 0-1 years entry level requirement | Open to student / graduate applicants | Preferred Tech Hub Location (Remote) | Standard candidate company | 9.32 CGPA academic cutoff eligible | Software Engineering internship experience (Bluestock Fintech),,HackerNews Jobs
9db543894298caa9,2026-08-19,Tech Startup,CollectWise (YC F24) Is Hiring,Remote,59.5,,NEW,https://www.ycombinator.com/companies/collectwise/jobs/oEAfzBS-ai-agent-engineer,,Other Technical Role | 0-1 years entry level requirement | Open to student / graduate applicants | Preferred Tech Hub Location (Remote) | Standard candidate company | 9.32 CGPA academic cutoff eligible | Software Engineering internship experience (Bluestock Fintech),,HackerNews Jobs
17996eb79fb45299,2026-08-19,Tech Startup,Kontigo (YC S24) Is Hiring,Remote,59.5,,NEW,https://www.ycombinator.com/companies/kontigo/jobs/xAo6tMt-founding-engineer,,Other Technical Role | 0-1 years entry level requirement | Open to student / graduate applicants | Preferred Tech Hub Location (Remote) | Standard candidate company | 9.32 CGPA academic cutoff eligible | Software Engineering internship experience (Bluestock Fintech),,HackerNews Jobs
17f9a1d7e1f76231,2026-08-19,Loops (YC W22) Is Hiring a Product Educator,Loops (YC W22) Is Hiring a Product Educator,Remote,59.5,,NEW,https://www.ycombinator.com/companies/loops/jobs/zqUnwqB-product-educator-technical-content-creator,,Other Technical Role | 0-1 years entry level requirement | Open to student / graduate applicants | Preferred Tech Hub Location (Remote) | Standard candidate company | 9.32 CGPA academic cutoff eligible | Software Engineering internship experience (Bluestock Fintech),,HackerNews Jobs
175adcb138a86673,2026-08-19,Miso (YC S16),Miso (YC S16) is hiring for U.S. expansion,Remote,59.5,,NEW,https://www.ycombinator.com/companies/miso/jobs/g2uAlMG-founding-business-lead-u-s-expansion,,Other Technical Role | 0-1 years entry level requirement | Open to student / graduate applicants | Preferred Tech Hub Location (Remote) | Standard candidate company | 9.32 CGPA academic cutoff eligible | Software Engineering internship experience (Bluestock Fintech),,HackerNews Jobs
3995c823a1758dd9,2026-08-19,SalesPatriot (YC W25) Is Hiring FDEs,SalesPatriot (YC W25) Is Hiring FDEs,Remote,59.5,,NEW,https://www.ycombinator.com/companies/salespatriot/jobs/M46X6YX-forward-deployed-engineer,,Other Technical Role | 0-1 years entry level requirement | Open to student / graduate applicants | Preferred Tech Hub Location (Remote) | Standard candidate company | 9.32 CGPA academic cutoff eligible | Software Engineering internship experience (Bluestock Fintech),,HackerNews Jobs
12acb332a1b35596,2026-08-19,Tech Startup,PgDog (YC P25) Is Hiring,Remote,59.5,,NEW,https://www.ycombinator.com/companies/pgdog/jobs/uWymUYy-founding-software-engineer,,Other Technical Role | 0-1 years entry level requirement | Open to student / graduate applicants | Preferred Tech Hub Location (Remote) | Standard candidate company | 9.32 CGPA academic cutoff eligible | Software Engineering internship experience (Bluestock Fintech),,HackerNews Jobs
319d0eedb38c9265,2026-08-19,UpCodes (YC S17),UpCodes (YC S17) is hiring remote AE's to help make buildings cheaper,Remote,59.5,,NEW,https://up.codes/careers,,Other Technical Role | 0-1 years entry level requirement | Open to student / graduate applicants | Preferred Tech Hub Location (Remote) | Standard candidate company | 9.32 CGPA academic cutoff eligible | Software Engineering internship experience (Bluestock Fintech),,HackerNews Jobs
2041070b9db3a3f6,2026-08-19,Tech Startup,DrDroid (YC W23) Is Hiring,Remote,59.5,,NEW,https://www.ycombinator.com/companies/drdroid/jobs/w45QcNV-product-engineer-assignment-mandatory,,Other Technical Role | 0-1 years entry level requirement | Open to student / graduate applicants | Preferred Tech Hub Location (Remote) | Standard candidate company | 9.32 CGPA academic cutoff eligible | Software Engineering internship experience (Bluestock Fintech),,HackerNews Jobs
8f74e94bb03e28bd,2026-08-19,Tech Startup,Adaptional (YC S25) Is Hiring,Remote,59.5,,NEW,https://www.ycombinator.com/companies/adaptional/jobs,,Other Technical Role | 0-1 years entry level requirement | Open to student / graduate applicants | Preferred Tech Hub Location (Remote) | Standard candidate company | 9.32 CGPA academic cutoff eligible | Software Engineering internship experience (Bluestock Fintech),,HackerNews Jobs
0c909291485d1c6f,2026-08-19,Cloudflare,Post-Award Governance Specialist,Hybrid,59.0,,NEW,https://boards.greenhouse.io/cloudflare/jobs/8112140?gh_jid=8112140,,Other Technical Role | 0-1 years entry level requirement | Open to student / graduate applicants | Location: Hybrid | High Priority Target Company (Cloudflare) | 9.32 CGPA academic cutoff eligible | Software Engineering internship experience (Bluestock Fintech),,Greenhouse
0957587c8e426c9f,2026-08-19,Figma,"Designer Advocate (London, United Kingdom)","London, England",59.0,,NEW,https://boards.greenhouse.io/figma/jobs/6122399004?gh_jid=6122399004,,"Other Technical Role | 0-1 years entry level requirement | Open to student / graduate applicants | Location: London, England | High Priority Target Company (Figma) | 9.32 CGPA academic cutoff eligible | Software Engineering internship experience (Bluestock Fintech)",,Greenhouse
545c51c786e21fe8,2026-08-19,Figma,"Designer Advocate (São Paulo, Brazil)","São Paulo, Brazil",59.0,,NEW,https://boards.greenhouse.io/figma/jobs/6022151004?gh_jid=6022151004,,"Other Technical Role | 0-1 years entry level requirement | Open to student / graduate applicants | Location: São Paulo, Brazil | High Priority Target Company (Figma) | 9.32 CGPA academic cutoff eligible | Software Engineering internship experience (Bluestock Fintech)",,Greenhouse
709229c02e93cb6b,2026-08-19,Cloudflare,"Account Executive, FedCiv",Hybrid,0.0,,NEW,https://boards.greenhouse.io/cloudflare/jobs/7695702?gh_jid=7695702,,,No explicit CGPA/academic cutoff specified | No graduation batch restrictions specified | Requires 5.0+ years of prior work experience (Strict Fresher filter enabled),Greenhouse
78073214bfdbc9fd,2026-08-19,Cloudflare,Accounting Intern (Fall 2026),In-Office,0.0,,NEW,https://boards.greenhouse.io/cloudflare/jobs/7902104?gh_jid=7902104,,,No explicit CGPA/academic cutoff specified | No graduation batch restrictions specified | Requires 5.0+ years of prior work experience (Strict Fresher filter enabled),Greenhouse
51f0fc9518fd65df,2026-08-19,Cloudflare,AI Security Research & Red Team Engineer,Hybrid,0.0,,NEW,https://boards.greenhouse.io/cloudflare/jobs/8097321?gh_jid=8097321,,,No explicit CGPA/academic cutoff specified | No graduation batch restrictions specified | Requires 5.0+ years of prior work experience (Strict Fresher filter enabled),Greenhouse
7044722e460fce89,2026-08-19,Cloudflare,Business Development Manager,Hybrid,0.0,,NEW,https://boards.greenhouse.io/cloudflare/jobs/8084358?gh_jid=8084358,,,No explicit CGPA/academic cutoff specified | No graduation batch restrictions specified | Requires 5.0+ years of prior work experience (Strict Fresher filter enabled),Greenhouse
cedfbf05fe4b06b4,2026-08-19,Cloudflare,Business Development Representative,Hybrid,0.0,,NEW,https://boards.greenhouse.io/cloudflare/jobs/8078210?gh_jid=8078210,,,No explicit CGPA/academic cutoff specified | No graduation batch restrictions specified | Requires 5.0+ years of prior work experience (Strict Fresher filter enabled),Greenhouse
0c17737487b77918,2026-08-19,Cloudflare,Business Development Representative - Arabic Speaking,Hybrid,0.0,,NEW,https://boards.greenhouse.io/cloudflare/jobs/6696709?gh_jid=6696709,,,No explicit CGPA/academic cutoff specified | No graduation batch restrictions specified | Requires 5.0+ years of prior work experience (Strict Fresher filter enabled),Greenhouse
957e202e189234c0,2026-08-19,Cloudflare,Business Development Representative - Bahasa Indonesia Speaking,Hybrid,0.0,,NEW,https://boards.greenhouse.io/cloudflare/jobs/7167659?gh_jid=7167659,,,No explicit CGPA/academic cutoff specified | No graduation batch restrictions specified | Requires 5.0+ years of prior work experience (Strict Fresher filter enabled),Greenhouse
71a4c2f1526feb35,2026-08-19,Cloudflare, Business Development Representative (BDR) ,Hybrid,0.0,,NEW,https://boards.greenhouse.io/cloudflare/jobs/6557318?gh_jid=6557318,,,No explicit CGPA/academic cutoff specified | No graduation batch restrictions specified | Requires 5.0+ years of prior work experience (Strict Fresher filter enabled),Greenhouse
43a08a17475e5976,2026-08-19,Cloudflare," Business Development Representative (BDR), LATAM Spanish Speaking",Hybrid,0.0,,NEW,https://boards.greenhouse.io/cloudflare/jobs/7991345?gh_jid=7991345,,,No explicit CGPA/academic cutoff specified | No graduation batch restrictions specified | Requires 5.0+ years of prior work experience (Strict Fresher filter enabled),Greenhouse
b3800f1bded12f37,2026-08-19,Cloudflare,"Business Development Representative - Danish, Norwegian or Swedish Speaking",Hybrid,0.0,,NEW,https://boards.greenhouse.io/cloudflare/jobs/7657028?gh_jid=7657028,,,No explicit CGPA/academic cutoff specified | No graduation batch restrictions specified | Requires 5.0+ years of prior work experience (Strict Fresher filter enabled),Greenhouse
34504de40eb8d63c,2026-08-19,Cloudflare,Business Development Representative - Dutch Speaking,Hybrid,0.0,,NEW,https://boards.greenhouse.io/cloudflare/jobs/7883803?gh_jid=7883803,,,No explicit CGPA/academic cutoff specified | No graduation batch restrictions specified | Requires 5.0+ years of prior work experience (Strict Fresher filter enabled),Greenhouse
2d23cce4ef5322ff,2026-08-19,Cloudflare,Business Development Representative - German Speaking,Hybrid,0.0,,NEW,https://boards.greenhouse.io/cloudflare/jobs/7504487?gh_jid=7504487,,,No explicit CGPA/academic cutoff specified | No graduation batch restrictions specified | Requires 5.0+ years of prior work experience (Strict Fresher filter enabled),Greenhouse
c5571fcc9d806f31,2026-08-19,Cloudflare,Business Development Representative - Turkish Speaking,Hybrid,0.0,,NEW,https://boards.greenhouse.io/cloudflare/jobs/7772239?gh_jid=7772239,,,No explicit CGPA/academic cutoff specified | No graduation batch restrictions specified | Requires 5.0+ years of prior work experience (Strict Fresher filter enabled),Greenhouse
36a58bf14f625dcf,2026-08-19,Cloudflare,Chief of Staff to Chief Strategy Officer,Hybrid,0.0,,NEW,https://boards.greenhouse.io/cloudflare/jobs/8076815?gh_jid=8076815,,,Academic aggregate ~88.5% meets 50.0% cutoff | No graduation batch restrictions specified | Role title 'Chief of Staff to Chief Strategy Officer' is a senior/experienced role,Greenhouse
369afce90cd07023,2026-08-19,Cloudflare,Commercial Account Executive (German speaking),Hybrid,0.0,,NEW,https://boards.greenhouse.io/cloudflare/jobs/7478874?gh_jid=7478874,,,No explicit CGPA/academic cutoff specified | No graduation batch restrictions specified | Requires 5.0+ years of prior work experience (Strict Fresher filter enabled),Greenhouse
56e03982d879efd5,2026-08-19,Cloudflare,"Commercial Account Executive, Saudi Arabia",Hybrid,0.0,,NEW,https://boards.greenhouse.io/cloudflare/jobs/8045313?gh_jid=8045313,,,No explicit CGPA/academic cutoff specified | No graduation batch restrictions specified | Requires 6.0+ years of prior work experience (Strict Fresher filter enabled),Greenhouse
a22f6116606fa840,2026-08-19,Cloudflare,"Commercial Account Executive, UAE & Oman",Hybrid,0.0,,NEW,https://boards.greenhouse.io/cloudflare/jobs/8045292?gh_jid=8045292,,,No explicit CGPA/academic cutoff specified | No graduation batch restrictions specified | Requires 6.0+ years of prior work experience (Strict Fresher filter enabled),Greenhouse
b756f003caa74271,2026-08-19,Cloudflare,"Country Director, India",Remote,0.0,,NEW,https://boards.greenhouse.io/cloudflare/jobs/7588061?gh_jid=7588061,,,"No explicit CGPA/academic cutoff specified | No graduation batch restrictions specified | Role title 'Country Director, India' is a senior/experienced role",Greenhouse
00fcb892db40cd1d,2026-08-19,Cloudflare,CTO Operations Lead,Hybrid,0.0,,NEW,https://boards.greenhouse.io/cloudflare/jobs/8120031?gh_jid=8120031,,,No explicit CGPA/academic cutoff specified | No graduation batch restrictions specified | Role title 'CTO Operations Lead' is a senior/experienced role,Greenhouse
869501cf374fb143,2026-08-19,Cloudflare,"Customer Engineer, India (Based in Mumbai)",Remote,0.0,,NEW,https://boards.greenhouse.io/cloudflare/jobs/7955378?gh_jid=7955378,,,No explicit CGPA/academic cutoff specified | No graduation batch restrictions specified | Requires 5.0+ years of prior work experience (Strict Fresher filter enabled),Greenhouse
1a51a8303ea65940,2026-08-19,Cloudflare,"Customer Engineer (Pre-Sales), Korea (Based in Seoul)",Hybrid,0.0,,NEW,https://boards.greenhouse.io/cloudflare/jobs/8027774?gh_jid=8027774,,,No explicit CGPA/academic cutoff specified | No graduation batch restrictions specified | Requires 5.0+ years of prior work experience (Strict Fresher filter enabled),Greenhouse
f29a9984fc330d96,2026-08-19,Cloudflare,Customer Experience Manager,Hybrid,0.0,,NEW,https://boards.greenhouse.io/cloudflare/jobs/7988072?gh_jid=7988072,,,No explicit CGPA/academic cutoff specified | No graduation batch restrictions specified | Requires 5.0+ years of prior work experience (Strict Fresher filter enabled),Greenhouse
cb84850a0f17ff98,2026-08-19,Cloudflare,Customer Experience Manager - French Speaking,Hybrid,0.0,,NEW,https://boards.greenhouse.io/cloudflare/jobs/8063946?gh_jid=8063946,,,No explicit CGPA/academic cutoff specified | No graduation batch restrictions specified | Requires 5.0+ years of prior work experience (Strict Fresher filter enabled),Greenhouse
84d4665e87dbfbd0,2026-08-19,Cloudflare,Customer Experience Manager - Russian Speaking,Hybrid,0.0,,NEW,https://boards.greenhouse.io/cloudflare/jobs/7241874?gh_jid=7241874,,,No explicit CGPA/academic cutoff specified | No graduation batch restrictions specified | Requires 5.0+ years of prior work experience (Strict Fresher filter enabled),Greenhouse
f32ea0d502a1c200,2026-08-19,Cloudflare,Data Center DCIM Program Leader - Infrastructure Operations,Hybrid,0.0,,NEW,https://boards.greenhouse.io/cloudflare/jobs/7535803?gh_jid=7535803,,,No explicit CGPA/academic cutoff specified | No graduation batch restrictions specified | Requires 7.0+ years of prior work experience (Strict Fresher filter enabled),Greenhouse
ab85621b28b28e0a,2026-08-19,Cloudflare,Data Center Infrastructure Management (DCIM) Administrator - Infrastructure Operations,Hybrid,0.0,,NEW,https://boards.greenhouse.io/cloudflare/jobs/7736431?gh_jid=7736431,,,No explicit CGPA/academic cutoff specified | No graduation batch restrictions specified | Requires 5.0+ years of prior work experience (Strict Fresher filter enabled),Greenhouse
dd38c705f0b1b43c,2026-08-19,Cloudflare,Deal Desk Engineer,Hybrid,0.0,,NEW,https://boards.greenhouse.io/cloudflare/jobs/8059772?gh_jid=8059772,,,Academic aggregate ~88.5% meets 80.0% cutoff | No graduation batch restrictions specified | Requires 5.0+ years of prior work experience (Strict Fresher filter enabled),Greenhouse
440a39adb53529fa,2026-08-19,Cloudflare,Deal Desk Manager,Hybrid,0.0,,NEW,https://boards.greenhouse.io/cloudflare/jobs/8052464?gh_jid=8052464,,,No explicit CGPA/academic cutoff specified | No graduation batch restrictions specified | Requires 8.0+ years of prior work experience (Strict Fresher filter enabled),Greenhouse
d4817c7c40ef5b91,2026-08-19,Cloudflare,"Deal Desk Manager, EMEA",Hybrid,0.0,,NEW,https://boards.greenhouse.io/cloudflare/jobs/7544182?gh_jid=7544182,,,No explicit CGPA/academic cutoff specified | No graduation batch restrictions specified | Requires 8.0+ years of prior work experience (Strict Fresher filter enabled),Greenhouse
f32286d5640d9382,2026-08-19,Cloudflare,Digital Communications Director,Hybrid,0.0,,NEW,https://boards.greenhouse.io/cloudflare/jobs/8049608?gh_jid=8049608,,,No explicit CGPA/academic cutoff specified | No graduation batch restrictions specified | Role title 'Digital Communications Director' is a senior/experienced role,Greenhouse
d842d02fc9e535f9,2026-08-19,Cloudflare,Digital Customer Engineer,Hybrid,0.0,,NEW,https://boards.greenhouse.io/cloudflare/jobs/8041034?gh_jid=8041034,,,No explicit CGPA/academic cutoff specified | No graduation batch restrictions specified | Requires 5.0+ years of prior work experience (Strict Fresher filter enabled),Greenhouse
bdaa588be37fb33e,2026-08-19,Cloudflare,"Director, Customer Engineering",Remote,0.0,,NEW,https://boards.greenhouse.io/cloudflare/jobs/8077424?gh_jid=8077424,,,"No explicit CGPA/academic cutoff specified | No graduation batch restrictions specified | Role title 'Director, Customer Engineering' is a senior/experienced role",Greenhouse
b786a35d401c9942,2026-08-19,Cloudflare,"Director, Developer GTM Finance",Hybrid,0.0,,NEW,https://boards.greenhouse.io/cloudflare/jobs/8056660?gh_jid=8056660,,,"No explicit CGPA/academic cutoff specified | No graduation batch restrictions specified | Role title 'Director, Developer GTM Finance' is a senior/experienced role",Greenhouse
9c3999627c6dd4a8,2026-08-19,Cloudflare,"Director, Enterprise Sales (AI & Digital Natives)",Hybrid,0.0,,NEW,https://boards.greenhouse.io/cloudflare/jobs/8051548?gh_jid=8051548,,,"No explicit CGPA/academic cutoff specified | No graduation batch restrictions specified | Role title 'Director, Enterprise Sales (AI & Digital Natives)' is a senior/experienced role",Greenhouse
474eee46793ce586,2026-08-19,Cloudflare,"Director, Enterprise Sales, Japan   ",Hybrid,0.0,,NEW,https://boards.greenhouse.io/cloudflare/jobs/7374496?gh_jid=7374496,,,"No explicit CGPA/academic cutoff specified | No graduation batch restrictions specified | Role title 'Director, Enterprise Sales, Japan' is a senior/experienced role",Greenhouse
afbe1e7f8f95a387,2026-08-19,Cloudflare,Director of Developer Events,In-Office,0.0,,NEW,https://boards.greenhouse.io/cloudflare/jobs/7964809?gh_jid=7964809,,,No explicit CGPA/academic cutoff specified | No graduation batch restrictions specified | Role title 'Director of Developer Events' is a senior/experienced role,Greenhouse
6630e66de92c9750,2026-08-19,Cloudflare,"Director, Strategic Finance & Investor Relations",Hybrid,0.0,,NEW,https://boards.greenhouse.io/cloudflare/jobs/8036150?gh_jid=8036150,,,"No explicit CGPA/academic cutoff specified | No graduation batch restrictions specified | Role title 'Director, Strategic Finance & Investor Relations' is a senior/experienced role",Greenhouse
5d6088ac87a3283f,2026-08-19,Cloudflare,"Distributed Systems Engineer, Analytical Database Platform",Hybrid,0.0,,NEW,https://boards.greenhouse.io/cloudflare/jobs/7462799?gh_jid=7462799,,,No explicit CGPA/academic cutoff specified | No graduation batch restrictions specified | Requires 3.0+ years of prior work experience (Strict Fresher filter enabled),Greenhouse
24dc42a53e0164a4,2026-08-19,Cloudflare,Distributed Systems Engineer - Data Platform - Analytics and Alerts,Hybrid,0.0,,NEW,https://boards.greenhouse.io/cloudflare/jobs/7462803?gh_jid=7462803,,,No explicit CGPA/academic cutoff specified | No graduation batch restrictions specified | Requires 5.0+ years of prior work experience (Strict Fresher filter enabled),Greenhouse
30a87eceb380704f,2026-08-19,Cloudflare,"Distributed Systems Engineer - Data Platform (Delivery, Database, Retrieval)",Hybrid,0.0,,NEW,https://boards.greenhouse.io/cloudflare/jobs/7462801?gh_jid=7462801,,,No explicit CGPA/academic cutoff specified | No graduation batch restrictions specified | Requires 3.0+ years of prior work experience (Strict Fresher filter enabled),Greenhouse
e92346c1c4033e1d,2026-08-19,Cloudflare,Distributed Systems Engineer - Data Platform - Logs and Audit Logs,Hybrid,0.0,,NEW,https://boards.greenhouse.io/cloudflare/jobs/7462802?gh_jid=7462802,,,No explicit CGPA/academic cutoff specified | No graduation batch restrictions specified | Requires 5.0+ years of prior work experience (Strict Fresher filter enabled),Greenhouse
a08239e16d692523,2026-08-19,Cloudflare,"Engineering Manager, Browser Run",Hybrid,0.0,,NEW,https://boards.greenhouse.io/cloudflare/jobs/8099000?gh_jid=8099000,,,"No explicit CGPA/academic cutoff specified | No graduation batch restrictions specified | Role title 'Engineering Manager, Browser Run' is a senior/experienced role",Greenhouse
0d8f9612c3f40931,2026-08-19,Cloudflare,"Engineering Manager, Cloudflare Network Interconnect",Hybrid,0.0,,NEW,https://boards.greenhouse.io/cloudflare/jobs/8083701?gh_jid=8083701,,,"No explicit CGPA/academic cutoff specified | No graduation batch restrictions specified | Role title 'Engineering Manager, Cloudflare Network Interconnect' is a senior/experienced role",Greenhouse
19116a90f5c5eef8,2026-08-19,Cloudflare,"Engineering Manager, Linux Team",Hybrid,0.0,,NEW,https://boards.greenhouse.io/cloudflare/jobs/7647474?gh_jid=7647474,,,"No explicit CGPA/academic cutoff specified | No graduation batch restrictions specified | Role title 'Engineering Manager, Linux Team' is a senior/experienced role",Greenhouse
8661f4690f5ce8ef,2026-08-19,Cloudflare,"Engineering Manager - Workers Runtime, Edge Team",Hybrid,0.0,,NEW,https://boards.greenhouse.io/cloudflare/jobs/7653558?gh_jid=7653558,,,"No explicit CGPA/academic cutoff specified | No graduation batch restrictions specified | Role title 'Engineering Manager - Workers Runtime, Edge Team' is a senior/experienced role",Greenhouse
122f17958fa57b24,2026-08-19,Cloudflare,Forward Deployed Engineer (FDE),Hybrid,0.0,,NEW,https://boards.greenhouse.io/cloudflare/jobs/7572075?gh_jid=7572075,,,No explicit CGPA/academic cutoff specified | No graduation batch restrictions specified | Requires 10.0+ years of prior work experience (Strict Fresher filter enabled),Greenhouse
520421430a71b6a5,2026-08-19,Cloudflare,"Forward Deployed Engineer, Hebrew speaker",Hybrid,0.0,,NEW,https://boards.greenhouse.io/cloudflare/jobs/7778816?gh_jid=7778816,,,No explicit CGPA/academic cutoff specified | No graduation batch restrictions specified | Requires 7.0+ years of prior work experience (Strict Fresher filter enabled),Greenhouse
efd046d0fe1637a5,2026-08-19,Cloudflare,"Forward Deployed Engineer, Professional Services",Hybrid,0.0,,NEW,https://boards.greenhouse.io/cloudflare/jobs/8043287?gh_jid=8043287,,,No explicit CGPA/academic cutoff specified | No graduation batch restrictions specified | Requires 5.0+ years of prior work experience (Strict Fresher filter enabled),Greenhouse
f15c6d351ca5bf08,2026-08-19,Cloudflare,Full Stack Engineer - Internal Audit,Hybrid,0.0,,NEW,https://boards.greenhouse.io/cloudflare/jobs/8014902?gh_jid=8014902,,,No explicit CGPA/academic cutoff specified | No graduation batch restrictions specified | Requires 5.0+ years of prior work experience (Strict Fresher filter enabled),Greenhouse
d7cdfafe113e807c,2026-08-19,Cloudflare,GRC Engineer,Hybrid,0.0,,NEW,https://boards.greenhouse.io/cloudflare/jobs/8045914?gh_jid=8045914,,,Academic aggregate ~88.5% below 95.0% cutoff | No graduation batch restrictions specified | Requires 5.0+ years of prior work experience (Strict Fresher filter enabled),Greenhouse
5dd6ff44ba5fe51f,2026-08-19,Cloudflare,GRC Team Intern (Fall 2026) ,In-Office,0.0,,NEW,https://boards.greenhouse.io/cloudflare/jobs/8129796?gh_jid=8129796,,,Academic aggregate ~88.5% below 95.0% cutoff | No graduation batch restrictions specified | Role requires 0 years prior experience (Fresher / Intern / New Grad),Greenhouse
951201a092fbcbf0,2026-08-19,Cloudflare,"Head of GTM, AI Inference",Hybrid,0.0,,NEW,https://boards.greenhouse.io/cloudflare/jobs/7428796?gh_jid=7428796,,,No explicit CGPA/academic cutoff specified | No graduation batch restrictions specified | Requires 5.0+ years of prior work experience (Strict Fresher filter enabled),Greenhouse
095d8c855343aa63,2026-08-19,Cloudflare,Incident Response Analyst - React,In-Office,0.0,,NEW,https://boards.greenhouse.io/cloudflare/jobs/8025650?gh_jid=8025650,,,No explicit CGPA/academic cutoff specified | No graduation batch restrictions specified | Requires 5.0+ years of prior work experience (Strict Fresher filter enabled),Greenhouse
8c8bb9c83ffe2578,2026-08-19,Cloudflare,Indirect Tax Manager,Hybrid,0.0,,NEW,https://boards.greenhouse.io/cloudflare/jobs/8081435?gh_jid=8081435,,,No explicit CGPA/academic cutoff specified | No graduation batch restrictions specified | Requires 8.0+ years of prior work experience (Strict Fresher filter enabled),Greenhouse
df38336464e9a161,2026-08-19,Cloudflare,Insider Threat Engineer,Hybrid,0.0,,NEW,https://boards.greenhouse.io/cloudflare/jobs/8064055?gh_jid=8064055,,,No explicit CGPA/academic cutoff specified | No graduation batch restrictions specified | Requires 5.0+ years of prior work experience (Strict Fresher filter enabled),Greenhouse
59b58e0dff5bff34,2026-08-19,Cloudflare,Intelligence Production Lead,Hybrid; In-Office,0.0,,NEW,https://boards.greenhouse.io/cloudflare/jobs/8046137?gh_jid=8046137,,,No explicit CGPA/academic cutoff specified | No graduation batch restrictions specified | Role title 'Intelligence Production Lead' is a senior/experienced role,Greenhouse
c4406047c6aaa6f3,2026-08-19,Cloudflare,"Interconnection Manager, Network Strategy Americas",Hybrid,0.0,,NEW,https://boards.greenhouse.io/cloudflare/jobs/8046869?gh_jid=8046869,,,No explicit CGPA/academic cutoff specified | No graduation batch restrictions specified | Requires 5.0+ years of prior work experience (Strict Fresher filter enabled),Greenhouse
abb9e79a7af0f193,2026-08-19,Cloudflare,Litigation Counsel,Hybrid,0.0,,NEW,https://boards.greenhouse.io/cloudflare/jobs/7972472?gh_jid=7972472,,,No explicit CGPA/academic cutoff specified | No graduation batch restrictions specified | Requires 5.0+ years of prior work experience (Strict Fresher filter enabled),Greenhouse
43e93bea6d4f6387,2026-08-19,Cloudflare,"Major Account Executive, France",Hybrid,0.0,,NEW,https://boards.greenhouse.io/cloudflare/jobs/7552575?gh_jid=7552575,,,No explicit CGPA/academic cutoff specified | No graduation batch restrictions specified | Requires 10.0+ years of prior work experience (Strict Fresher filter enabled),Greenhouse
2c563fedd9c09210,2026-08-19,Cloudflare,Marketing Campaigns & Account-Based Marketing (ABM) Intern (Fall 2026),In-Office,0.0,,NEW,https://boards.greenhouse.io/cloudflare/jobs/7838607?gh_jid=7838607,,,No explicit CGPA/academic cutoff specified | No graduation batch restrictions specified | Requires 5.0+ years of prior work experience (Strict Fresher filter enabled),Greenhouse
3a6a159e5655486d,2026-08-19,Cloudflare,Marketing Events and Campaigns Intern (Fall 2026),In-Office,0.0,,NEW,https://boards.greenhouse.io/cloudflare/jobs/8131224?gh_jid=8131224,,,No explicit CGPA/academic cutoff specified | No graduation batch restrictions specified | Requires 5.0+ years of prior work experience (Strict Fresher filter enabled),Greenhouse
1dc57023d4c95233,2026-08-19,Cloudflare,Marketing Strategy and Operations Lead ,Hybrid,0.0,,NEW,https://boards.greenhouse.io/cloudflare/jobs/8030678?gh_jid=8030678,,,No explicit CGPA/academic cutoff specified | No graduation batch restrictions specified | Role title 'Marketing Strategy and Operations Lead' is a senior/experienced role,Greenhouse
4896d026f534a7fa,2026-08-19,Cloudflare,Named Account Executive,Hybrid,0.0,,NEW,https://boards.greenhouse.io/cloudflare/jobs/6540163?gh_jid=6540163,,,No explicit CGPA/academic cutoff specified | No graduation batch restrictions specified | Requires 5.0+ years of prior work experience (Strict Fresher filter enabled),Greenhouse
da54e8e52bf6a325,2026-08-19,Cloudflare,"Named Account Executive, FSI (Hong Kong)",Hybrid,0.0,,NEW,https://boards.greenhouse.io/cloudflare/jobs/7868936?gh_jid=7868936,,,No explicit CGPA/academic cutoff specified | No graduation batch restrictions specified | Requires 5.0+ years of prior work experience (Strict Fresher filter enabled),Greenhouse
0c9608ec007c4a9e,2026-08-19,Cloudflare,"Named Account Executive, Thailand",Hybrid,0.0,,NEW,https://boards.greenhouse.io/cloudflare/jobs/7783835?gh_jid=7783835,,,No explicit CGPA/academic cutoff specified | No graduation batch restrictions specified | Requires 5.0+ years of prior work experience (Strict Fresher filter enabled),Greenhouse
2d5424767907dfb5,2026-08-19,Cloudflare,"Network Acquisition Manager, APAC",Hybrid,0.0,,NEW,https://boards.greenhouse.io/cloudflare/jobs/8052843?gh_jid=8052843,,,No explicit CGPA/academic cutoff specified | No graduation batch restrictions specified | Requires 5.0+ years of prior work experience (Strict Fresher filter enabled),Greenhouse
52967e9ef0a22f1c,2026-08-19,Cloudflare,Network Deployment Engineer - APJC,Hybrid,0.0,,NEW,https://boards.greenhouse.io/cloudflare/jobs/8088046?gh_jid=8088046,,,No explicit CGPA/academic cutoff specified | No graduation batch restrictions specified | Requires 5.0+ years of prior work experience (Strict Fresher filter enabled),Greenhouse
08a0be44e496282a,2026-08-19,Cloudflare,Network Security Engineer,Hybrid,0.0,,NEW,https://boards.greenhouse.io/cloudflare/jobs/8081027?gh_jid=8081027,,,No explicit CGPA/academic cutoff specified | No graduation batch restrictions specified | Requires 5.0+ years of prior work experience (Strict Fresher filter enabled),Greenhouse
2b984e532949e50b,2026-08-19,Cloudflare,Network Strategy Intern (Fall 2026),In-Office,0.0,,NEW,https://boards.greenhouse.io/cloudflare/jobs/8013562?gh_jid=8013562,,,No explicit CGPA/academic cutoff specified | No graduation batch restrictions specified | Requires 5.0+ years of prior work experience (Strict Fresher filter enabled),Greenhouse
1fabaf01e8bf789e,2026-08-19,Cloudflare,Oracle ALM Finance Lead,Hybrid,0.0,,NEW,https://boards.greenhouse.io/cloudflare/jobs/8103793?gh_jid=8103793,,,No explicit CGPA/academic cutoff specified | No graduation batch restrictions specified | Role title 'Oracle ALM Finance Lead' is a senior/experienced role,Greenhouse
4fd7ce496645f2e8,2026-08-19,Cloudflare,Oracle Operations Manager,Hybrid,0.0,,NEW,https://boards.greenhouse.io/cloudflare/jobs/8128846?gh_jid=8128846,,,No explicit CGPA/academic cutoff specified | No graduation batch restrictions specified | Requires 5.0+ years of prior work experience (Strict Fresher filter enabled),Greenhouse
eddd38db6ba666ca,2026-08-19,Cloudflare,"Partner Solutions Architect- Service Providers  Location New York, Atlanta, Charlotte, New Jersey and FL",Distributed,0.0,,NEW,https://boards.greenhouse.io/cloudflare/jobs/8049820?gh_jid=8049820,,,"No explicit CGPA/academic cutoff specified | No graduation batch restrictions specified | Role title 'Partner Solutions Architect- Service Providers Location New York, Atlanta, Charlotte, New Jersey and FL' is a senior/experienced role",Greenhouse
d5013e4b51badbfb,2026-08-19,Cloudflare,"Pre-Sales Customer Engineer, Digital Native",Hybrid,0.0,,NEW,https://boards.greenhouse.io/cloudflare/jobs/7956851?gh_jid=7956851,,,No explicit CGPA/academic cutoff specified | No graduation batch restrictions specified | Requires 5.0+ years of prior work experience (Strict Fresher filter enabled),Greenhouse
215cf476ac2f1e03,2026-08-19,Cloudflare,"Presales Customer Engineer, Enterprise (based in Melbourne)",Hybrid,0.0,,NEW,https://boards.greenhouse.io/cloudflare/jobs/8076565?gh_jid=8076565,,,No explicit CGPA/academic cutoff specified | No graduation batch restrictions specified | Requires 7.0+ years of prior work experience (Strict Fresher filter enabled),Greenhouse
46a0eb79f7c311a4,2026-08-19,Cloudflare,"Presales Customer Engineer, Enterprise (Sydney)",Hybrid,0.0,,NEW,https://boards.greenhouse.io/cloudflare/jobs/8076538?gh_jid=8076538,,,No explicit CGPA/academic cutoff specified | No graduation batch restrictions specified | Requires 7.0+ years of prior work experience (Strict Fresher filter enabled),Greenhouse
286f6b0872a31f4f,2026-08-19,Cloudflare,"Pre-Sales Customer Engineer, Indonesia",Hybrid,0.0,,NEW,https://boards.greenhouse.io/cloudflare/jobs/8052856?gh_jid=8052856,,,No explicit CGPA/academic cutoff specified | No graduation batch restrictions specified | Requires 5.0+ years of prior work experience (Strict Fresher filter enabled),Greenhouse
d17b39a46f0e601f,2026-08-19,Cloudflare,Presales Customer Engineer (Sydney),Hybrid,0.0,,NEW,https://boards.greenhouse.io/cloudflare/jobs/8087911?gh_jid=8087911,,,No explicit CGPA/academic cutoff specified | No graduation batch restrictions specified | Requires 7.0+ years of prior work experience (Strict Fresher filter enabled),Greenhouse
7b41c4d97a420cff,2026-08-19,Cloudflare,"Principal Account Executive, SLED West (R1 Institutions and Higher Ed) ",Distributed,0.0,,NEW,https://boards.greenhouse.io/cloudflare/jobs/7958083?gh_jid=7958083,,,"No explicit CGPA/academic cutoff specified | No graduation batch restrictions specified | Role title 'Principal Account Executive, SLED West (R1 Institutions and Higher Ed)' is a senior/experienced role",Greenhouse
ade16c39c63269b5,2026-08-19,Cloudflare,Principal Content Engineer,Hybrid; In-Office,0.0,,NEW,https://boards.greenhouse.io/cloudflare/jobs/8109939?gh_jid=8109939,,,No explicit CGPA/academic cutoff specified | No graduation batch restrictions specified | Role title 'Principal Content Engineer' is a senior/experienced role,Greenhouse
d0062432ea60ceb2,2026-08-19,Cloudflare,Principal Engineer - Cloudforce One,Hybrid,0.0,,NEW,https://boards.greenhouse.io/cloudflare/jobs/8023395?gh_jid=8023395,,,No explicit CGPA/academic cutoff specified | No graduation batch restrictions specified | Role title 'Principal Engineer - Cloudforce One' is a senior/experienced role,Greenhouse
e7b7246ec3a27c99,2026-08-19,Cloudflare,Principal Engineer - GTM Data Platform,Hybrid,0.0,,NEW,https://boards.greenhouse.io/cloudflare/jobs/8054669?gh_jid=8054669,,,No explicit CGPA/academic cutoff specified | No graduation batch restrictions specified | Role title 'Principal Engineer - GTM Data Platform' is a senior/experienced role,Greenhouse
1a8aa1b6b78574f2,2026-08-19,Cloudflare,"Principal Finance Partner, Revenue & Strategic Modeling",Hybrid,0.0,,NEW,https://boards.greenhouse.io/cloudflare/jobs/8003273?gh_jid=8003273,,,"No explicit CGPA/academic cutoff specified | No graduation batch restrictions specified | Role title 'Principal Finance Partner, Revenue & Strategic Modeling' is a senior/experienced role",Greenhouse
023fb61a0d1333c9,2026-08-19,Cloudflare,"Principal, GTM Strategic Initiatives Program Manager ",Hybrid,0.0,,NEW,https://boards.greenhouse.io/cloudflare/jobs/8106415?gh_jid=8106415,,,"No explicit CGPA/academic cutoff specified | No graduation batch restrictions specified | Role title 'Principal, GTM Strategic Initiatives Program Manager' is a senior/experienced role",Greenhouse
f632dc0c00e18235,2026-08-19,Cloudflare,"Principal Partner Account Manager - Service Provider, APAC (Based in Singapore)",Hybrid,0.0,,NEW,https://boards.greenhouse.io/cloudflare/jobs/7573757?gh_jid=7573757,,,"No explicit CGPA/academic cutoff specified | No graduation batch restrictions specified | Role title 'Principal Partner Account Manager - Service Provider, APAC (Based in Singapore)' is a senior/experienced role",Greenhouse
dce653a3445f88d3,2026-08-19,Cloudflare,"Principal Partner Solutions Engineer, SAARC (Based in Bangalore)",Remote,0.0,,NEW,https://boards.greenhouse.io/cloudflare/jobs/8024889?gh_jid=8024889,,,"No explicit CGPA/academic cutoff specified | No graduation batch restrictions specified | Role title 'Principal Partner Solutions Engineer, SAARC (Based in Bangalore)' is a senior/experienced role",Greenhouse
5bd82aa7f8aecbb9,2026-08-19,Cloudflare,Principal People Team Business Partner - M&A / Strategy,Hybrid,0.0,,NEW,https://boards.greenhouse.io/cloudflare/jobs/8000779?gh_jid=8000779,,,No explicit CGPA/academic cutoff specified | No graduation batch restrictions specified | Role title 'Principal People Team Business Partner - M&A / Strategy' is a senior/experienced role,Greenhouse
16e8fbba12d3653b,2026-08-19,Cloudflare,Principal People Team Business Partner - R&D,Hybrid,0.0,,NEW,https://boards.greenhouse.io/cloudflare/jobs/7567848?gh_jid=7567848,,,No explicit CGPA/academic cutoff specified | No graduation batch restrictions specified | Role title 'Principal People Team Business Partner - R&D' is a senior/experienced role,Greenhouse
e89693b1999d230a,2026-08-19,Cloudflare,Principal Professional Services Engineer,Hybrid,0.0,,NEW,https://boards.greenhouse.io/cloudflare/jobs/8050386?gh_jid=8050386,,,No explicit CGPA/academic cutoff specified | No graduation batch restrictions specified | Role title 'Principal Professional Services Engineer' is a senior/experienced role,Greenhouse
da2e9bb344f72039,2026-08-19,Cloudflare,"Principal Software Engineer, Data","Austin, TX, United States",0.0,,NEW,https://boards.greenhouse.io/cloudflare/jobs/8102350?gh_jid=8102350,,,"No explicit CGPA/academic cutoff specified | No graduation batch restrictions specified | Role title 'Principal Software Engineer, Data' is a senior/experienced role",Greenhouse
e0ca4ed5584f5ba6,2026-08-19,Cloudflare,"Principal Software Engineer: Distributed Systems (Config, Test, & Deployment)",Hybrid,0.0,,NEW,https://boards.greenhouse.io/cloudflare/jobs/8038898?gh_jid=8038898,,,"No explicit CGPA/academic cutoff specified | No graduation batch restrictions specified | Role title 'Principal Software Engineer: Distributed Systems (Config, Test, & Deployment)' is a senior/experienced role",Greenhouse
937b58762e0c8b13,2026-08-19,Cloudflare,"Principal Software Engineer, Workers Deploy & Config",In-Office,0.0,,NEW,https://boards.greenhouse.io/cloudflare/jobs/8055320?gh_jid=8055320,,,"No explicit CGPA/academic cutoff specified | No graduation batch restrictions specified | Role title 'Principal Software Engineer, Workers Deploy & Config' is a senior/experienced role",Greenhouse
9173c66ada51942a,2026-08-19,Cloudflare,"Principal Solutions Architect, Public Sector Federal",Hybrid,0.0,,NEW,https://boards.greenhouse.io/cloudflare/jobs/8131824?gh_jid=8131824,,,"No explicit CGPA/academic cutoff specified | No graduation batch restrictions specified | Role title 'Principal Solutions Architect, Public Sector Federal' is a senior/experienced role",Greenhouse
0bc4edc8871ddc05,2026-08-19,Cloudflare,"Principal Systems Engineer, DevTools",Hybrid,0.0,,NEW,https://boards.greenhouse.io/cloudflare/jobs/8116208?gh_jid=8116208,,,"No explicit CGPA/academic cutoff specified | No graduation batch restrictions specified | Role title 'Principal Systems Engineer, DevTools' is a senior/experienced role",Greenhouse
20f6e3f8c3c993ee,2026-08-19,Cloudflare,Procurement Systems Developer,Hybrid,0.0,,NEW,https://boards.greenhouse.io/cloudflare/jobs/8128762?gh_jid=8128762,,,No explicit CGPA/academic cutoff specified | No graduation batch restrictions specified | Requires 5.0+ years of prior work experience (Strict Fresher filter enabled),Greenhouse
c7cb7fec747ca3b6,2026-08-19,Cloudflare,Product Counsel,Hybrid,0.0,,NEW,https://boards.greenhouse.io/cloudflare/jobs/8028310?gh_jid=8028310,,,No explicit CGPA/academic cutoff specified | No graduation batch restrictions specified | Requires 5.0+ years of prior work experience (Strict Fresher filter enabled),Greenhouse
f03c9ed783e1d121,2026-08-19,Cloudflare,"Product Manager, AI Access",Hybrid,0.0,,NEW,https://boards.greenhouse.io/cloudflare/jobs/7904142?gh_jid=7904142,,,No explicit CGPA/academic cutoff specified | No graduation batch restrictions specified | Requires 5.0+ years of prior work experience (Strict Fresher filter enabled),Greenhouse
7681fa84c92aeda8,2026-08-19,Cloudflare,Product Security Engineer,Hybrid,0.0,,NEW,https://boards.greenhouse.io/cloudflare/jobs/8102768?gh_jid=8102768,,,No explicit CGPA/academic cutoff specified | No graduation batch restrictions specified | Requires 5.0+ years of prior work experience (Strict Fresher filter enabled),Greenhouse
318c0d2e1c6d358f,2026-08-19,Cloudflare,Professional Services Consultant,Hybrid,0.0,,NEW,https://boards.greenhouse.io/cloudflare/jobs/8079544?gh_jid=8079544,,,No explicit CGPA/academic cutoff specified | No graduation batch restrictions specified | Requires 5.0+ years of prior work experience (Strict Fresher filter enabled),Greenhouse
22d8f191e6722fd0,2026-08-19,Cloudflare,Professional Services Intern – Global Customer Services (Fall 2026),In-Office,0.0,,NEW,https://boards.greenhouse.io/cloudflare/jobs/7796077?gh_jid=7796077,,,No explicit CGPA/academic cutoff specified | No graduation batch restrictions specified | Requires 5.0+ years of prior work experience (Strict Fresher filter enabled),Greenhouse
db134f966490a0ca,2026-08-19,Cloudflare,Professional Services Project Manager,Hybrid,0.0,,NEW,https://boards.greenhouse.io/cloudflare/jobs/8050384?gh_jid=8050384,,,No explicit CGPA/academic cutoff specified | No graduation batch restrictions specified | Requires 8.0+ years of prior work experience (Strict Fresher filter enabled),Greenhouse
36953c8ceb2a163d,2026-08-19,Cloudflare,Public Relations Associate,Hybrid,0.0,,NEW,https://boards.greenhouse.io/cloudflare/jobs/8092138?gh_jid=8092138,,,No explicit CGPA/academic cutoff specified | No graduation batch restrictions specified | Requires 5.0+ years of prior work experience (Strict Fresher filter enabled),Greenhouse
8925d395466223d1,2026-08-19,Cloudflare,Recruiting Coordinator (12-month Contract),Hybrid,0.0,,NEW,https://boards.greenhouse.io/cloudflare/jobs/8099018?gh_jid=8099018,,,No explicit CGPA/academic cutoff specified | No graduation batch restrictions specified | Requires 5.0+ years of prior work experience (Strict Fresher filter enabled),Greenhouse
fcf2ef2c4d509062,2026-08-19,Cloudflare,Research Engineer Intern (Fall 2026),In-Office,0.0,,NEW,https://boards.greenhouse.io/cloudflare/jobs/8089379?gh_jid=8089379,,,No explicit CGPA/academic cutoff specified | No graduation batch restrictions specified | Requires 5.0+ years of prior work experience (Strict Fresher filter enabled),Greenhouse
a15b89e16e341ce5,2026-08-19,Cloudflare,"Sales Director, Majors (TOLA)",Hybrid,0.0,,NEW,https://boards.greenhouse.io/cloudflare/jobs/7983529?gh_jid=7983529,,,"Academic aggregate ~88.5% below 90.0% cutoff | No graduation batch restrictions specified | Role title 'Sales Director, Majors (TOLA)' is a senior/experienced role",Greenhouse
f5950c3f10b602dd,2026-08-19,Cloudflare,"Sales Manager, Digital Native (ASEAN)",Hybrid,0.0,,NEW,https://boards.greenhouse.io/cloudflare/jobs/8129494?gh_jid=8129494,,,No explicit CGPA/academic cutoff specified | No graduation batch restrictions specified | Requires 5.0+ years of prior work experience (Strict Fresher filter enabled),Greenhouse
a01d30722956a6ae,2026-08-19,Cloudflare,Security Engineer (IAM),In-Office,0.0,,NEW,https://boards.greenhouse.io/cloudflare/jobs/8124227?gh_jid=8124227,,,No explicit CGPA/academic cutoff specified | No graduation batch restrictions specified | Requires 5.0+ years of prior work experience (Strict Fresher filter enabled),Greenhouse
817b95adaebb8509,2026-08-19,Cloudflare,"Senior Account Executive, Chile",Hybrid,0.0,,NEW,https://boards.greenhouse.io/cloudflare/jobs/8097869?gh_jid=8097869,,,"No explicit CGPA/academic cutoff specified | No graduation batch restrictions specified | Role title 'Senior Account Executive, Chile' is a senior/experienced role",Greenhouse
8491fac4d483ddec,2026-08-19,Cloudflare,"Senior Account Executive, Colombia",Hybrid,0.0,,NEW,https://boards.greenhouse.io/cloudflare/jobs/8097852?gh_jid=8097852,,,"No explicit CGPA/academic cutoff specified | No graduation batch restrictions specified | Role title 'Senior Account Executive, Colombia' is a senior/experienced role",Greenhouse
15852e0fb85e1f53,2026-08-19,Cloudflare,"Senior Account Executive, Startups (Bay Area)",Hybrid,0.0,,NEW,https://boards.greenhouse.io/cloudflare/jobs/7867139?gh_jid=7867139,,,"No explicit CGPA/academic cutoff specified | No graduation batch restrictions specified | Role title 'Senior Account Executive, Startups (Bay Area)' is a senior/experienced role",Greenhouse
f1623d54315c584c,2026-08-19,Cloudflare,"Senior Account Executive, Startups (NYC OR Boston)",Hybrid,0.0,,NEW,https://boards.greenhouse.io/cloudflare/jobs/7681220?gh_jid=7681220,,,"No explicit CGPA/academic cutoff specified | No graduation batch restrictions specified | Role title 'Senior Account Executive, Startups (NYC OR Boston)' is a senior/experienced role",Greenhouse
6936738d1e11fe8d,2026-08-19,Cloudflare,"Senior Account Executive, Startups (San Francisco)",Hybrid,0.0,,NEW,https://boards.greenhouse.io/cloudflare/jobs/8015719?gh_jid=8015719,,,"No explicit CGPA/academic cutoff specified | No graduation batch restrictions specified | Role title 'Senior Account Executive, Startups (San Francisco)' is a senior/experienced role",Greenhouse
cbaa37d9f29383e6,2026-08-19,Cloudflare,"Senior Account Executive, Startups (SoCal)",Distributed,0.0,,NEW,https://boards.greenhouse.io/cloudflare/jobs/8130735?gh_jid=8130735,,,"No explicit CGPA/academic cutoff specified | No graduation batch restrictions specified | Role title 'Senior Account Executive, Startups (SoCal)' is a senior/experienced role",Greenhouse
a8de32c58ee1d5b0,2026-08-19,Cloudflare,Senior Atlassian System Admin,Hybrid,0.0,,NEW,https://boards.greenhouse.io/cloudflare/jobs/7641930?gh_jid=7641930,,,No explicit CGPA/academic cutoff specified | No graduation batch restrictions specified | Role title 'Senior Atlassian System Admin' is a senior/experienced role,Greenhouse
d88b9617918fefdc,2026-08-19,Cloudflare,Senior Cloudflare One GTM Specialist,Distributed,0.0,,NEW,https://boards.greenhouse.io/cloudflare/jobs/7534033?gh_jid=7534033,,,No explicit CGPA/academic cutoff specified | No graduation batch restrictions specified | Role title 'Senior Cloudflare One GTM Specialist' is a senior/experienced role,Greenhouse
6fc4c3f7ce449358,2026-08-19,Cloudflare,Senior Commercial Account Executive,Hybrid,0.0,,NEW,https://boards.greenhouse.io/cloudflare/jobs/8089418?gh_jid=8089418,,,No explicit CGPA/academic cutoff specified | No graduation batch restrictions specified | Role title 'Senior Commercial Account Executive' is a senior/experienced role,Greenhouse
42bcf9a48af9057a,2026-08-19,Cloudflare,Senior Customer Engagement Strategy Manager    ,Hybrid,0.0,,NEW,https://boards.greenhouse.io/cloudflare/jobs/8059775?gh_jid=8059775,,,No explicit CGPA/academic cutoff specified | No graduation batch restrictions specified | Role title 'Senior Customer Engagement Strategy Manager' is a senior/experienced role,Greenhouse
d5cf7500e0741671,2026-08-19,Cloudflare,Senior Customer Engineer ,Hybrid,0.0,,NEW,https://boards.greenhouse.io/cloudflare/jobs/8018980?gh_jid=8018980,,,Academic aggregate ~88.5% meets 50.0% cutoff | No graduation batch restrictions specified | Role title 'Senior Customer Engineer' is a senior/experienced role,Greenhouse
721fbb59c673a0b4,2026-08-19,Cloudflare,Senior Customer Engineer-  (AI & Start-Ups). Los Angeles ,Distributed,0.0,,NEW,https://boards.greenhouse.io/cloudflare/jobs/8075795?gh_jid=8075795,,,No explicit CGPA/academic cutoff specified | No graduation batch restrictions specified | Role title 'Senior Customer Engineer- (AI & Start-Ups). Los Angeles' is a senior/experienced role,Greenhouse
6faa332645d14435,2026-08-19,Cloudflare,Senior Customer Engineer-  (AI & Start-Ups). San Francisco only.,Hybrid,0.0,,NEW,https://boards.greenhouse.io/cloudflare/jobs/7521551?gh_jid=7521551,,,Academic aggregate ~88.5% meets 50.0% cutoff | No graduation batch restrictions specified | Role title 'Senior Customer Engineer- (AI & Start-Ups). San Francisco only.' is a senior/experienced role,Greenhouse
79898f65856afd14,2026-08-19,Cloudflare,Senior Customer Engineer - Calgary,Distributed,0.0,,NEW,https://boards.greenhouse.io/cloudflare/jobs/7778747?gh_jid=7778747,,,No explicit CGPA/academic cutoff specified | No graduation batch restrictions specified | Role title 'Senior Customer Engineer - Calgary' is a senior/experienced role,Greenhouse
928464d2cfdfbdae,2026-08-19,Cloudflare,Senior Customer Engineer- Cloudflare Developer Platform (Start-Ups) Miami,Distributed,0.0,,NEW,https://boards.greenhouse.io/cloudflare/jobs/8054072?gh_jid=8054072,,,No explicit CGPA/academic cutoff specified | No graduation batch restrictions specified | Role title 'Senior Customer Engineer- Cloudflare Developer Platform (Start-Ups) Miami' is a senior/experienced role,Greenhouse
0883bc96ae9e63ef,2026-08-19,Cloudflare,"Senior Customer Engineer, Commercial ",Hybrid,0.0,,NEW,https://boards.greenhouse.io/cloudflare/jobs/8126829?gh_jid=8126829,,,"No explicit CGPA/academic cutoff specified | No graduation batch restrictions specified | Role title 'Senior Customer Engineer, Commercial' is a senior/experienced role",Greenhouse
bbf12baace2cf33c,2026-08-19,Cloudflare,"Senior Customer Engineer, Digital Native Enterprise - Bay Area",Hybrid,0.0,,NEW,https://boards.greenhouse.io/cloudflare/jobs/8077614?gh_jid=8077614,,,"No explicit CGPA/academic cutoff specified | No graduation batch restrictions specified | Role title 'Senior Customer Engineer, Digital Native Enterprise - Bay Area' is a senior/experienced role",Greenhouse
f144b90cd0aba3bb,2026-08-19,Cloudflare,"Senior Customer Engineer, Digital Native Enterprise - New York",Hybrid,0.0,,NEW,https://boards.greenhouse.io/cloudflare/jobs/8080187?gh_jid=8080187,,,"No explicit CGPA/academic cutoff specified | No graduation batch restrictions specified | Role title 'Senior Customer Engineer, Digital Native Enterprise - New York' is a senior/experienced role",Greenhouse
2a414aad76e8edee,2026-08-19,Cloudflare,"Senior Customer Engineer, Fed - Toronto, CA",Distributed,0.0,,NEW,https://boards.greenhouse.io/cloudflare/jobs/8122071?gh_jid=8122071,,,"No explicit CGPA/academic cutoff specified | No graduation batch restrictions specified | Role title 'Senior Customer Engineer, Fed - Toronto, CA' is a senior/experienced role",Greenhouse
8daf4e686eefb268,2026-08-19,Cloudflare,"Senior Customer Engineer, Hong Kong (Pre-sales)",Hybrid,0.0,,NEW,https://boards.greenhouse.io/cloudflare/jobs/8097947?gh_jid=8097947,,,"No explicit CGPA/academic cutoff specified | No graduation batch restrictions specified | Role title 'Senior Customer Engineer, Hong Kong (Pre-sales)' is a senior/experienced role",Greenhouse
97d22dc88ca34986,2026-08-19,Cloudflare,"Senior Customer Engineering Manager, Majors - Texas",Distributed,0.0,,NEW,https://boards.greenhouse.io/cloudflare/jobs/8070722?gh_jid=8070722,,,"No explicit CGPA/academic cutoff specified | No graduation batch restrictions specified | Role title 'Senior Customer Engineering Manager, Majors - Texas' is a senior/experienced role",Greenhouse
f498af78dec73f6a,2026-08-19,Cloudflare,"Senior Customer Engineer, Majors",Distributed,0.0,,NEW,https://boards.greenhouse.io/cloudflare/jobs/7374554?gh_jid=7374554,,,"No explicit CGPA/academic cutoff specified | No graduation batch restrictions specified | Role title 'Senior Customer Engineer, Majors' is a senior/experienced role",Greenhouse
4c7e6e2ad2732f76,2026-08-19,Cloudflare,"Senior Customer Engineer, Majors - Detroit, MI",Distributed,0.0,,NEW,https://boards.greenhouse.io/cloudflare/jobs/8078323?gh_jid=8078323,,,"No explicit CGPA/academic cutoff specified | No graduation batch restrictions specified | Role title 'Senior Customer Engineer, Majors - Detroit, MI' is a senior/experienced role",Greenhouse
7e98d44be3011aea,2026-08-19,Cloudflare,"Senior Customer Engineer, Majors - NYC",Distributed,0.0,,NEW,https://boards.greenhouse.io/cloudflare/jobs/7980647?gh_jid=7980647,,,"No explicit CGPA/academic cutoff specified | No graduation batch restrictions specified | Role title 'Senior Customer Engineer, Majors - NYC' is a senior/experienced role",Greenhouse
058dffcecb54a00f,2026-08-19,Cloudflare,"Senior Customer Engineer, Majors, Raleigh, NC",Distributed,0.0,,NEW,https://boards.greenhouse.io/cloudflare/jobs/7864156?gh_jid=7864156,,,"No explicit CGPA/academic cutoff specified | No graduation batch restrictions specified | Role title 'Senior Customer Engineer, Majors, Raleigh, NC' is a senior/experienced role",Greenhouse
96a506c1da325a6c,2026-08-19,Cloudflare,"Senior Customer Engineer, Majors, San Francisco",Hybrid,0.0,,NEW,https://boards.greenhouse.io/cloudflare/jobs/7551589?gh_jid=7551589,,,"No explicit CGPA/academic cutoff specified | No graduation batch restrictions specified | Role title 'Senior Customer Engineer, Majors, San Francisco' is a senior/experienced role",Greenhouse
78b1a389636dc034,2026-08-19,Cloudflare,"Senior Customer Engineer, Majors - Toronto, CA",Distributed,0.0,,NEW,https://boards.greenhouse.io/cloudflare/jobs/8121983?gh_jid=8121983,,,"No explicit CGPA/academic cutoff specified | No graduation batch restrictions specified | Role title 'Senior Customer Engineer, Majors - Toronto, CA' is a senior/experienced role",Greenhouse
7ec7dffe18741b7a,2026-08-19,Cloudflare,"Senior Customer Engineer, Named - Charlotte, NC",Distributed,0.0,,NEW,https://boards.greenhouse.io/cloudflare/jobs/8082834?gh_jid=8082834,,,"No explicit CGPA/academic cutoff specified | No graduation batch restrictions specified | Role title 'Senior Customer Engineer, Named - Charlotte, NC' is a senior/experienced role",Greenhouse
36a07949da583903,2026-08-19,Cloudflare,"Senior Customer Engineer, Named - Cincinnati, OH",Distributed,0.0,,NEW,https://boards.greenhouse.io/cloudflare/jobs/7954702?gh_jid=7954702,,,"No explicit CGPA/academic cutoff specified | No graduation batch restrictions specified | Role title 'Senior Customer Engineer, Named - Cincinnati, OH' is a senior/experienced role",Greenhouse
c65730ce7c2a8619,2026-08-19,Cloudflare,"Senior Customer Engineer, Named - Minnesota",Distributed,0.0,,NEW,https://boards.greenhouse.io/cloudflare/jobs/8121827?gh_jid=8121827,,,"No explicit CGPA/academic cutoff specified | No graduation batch restrictions specified | Role title 'Senior Customer Engineer, Named - Minnesota' is a senior/experienced role",Greenhouse
c165c290235661a7,2026-08-19,Cloudflare,"Senior Customer Engineer, Named - NYC",Distributed,0.0,,NEW,https://boards.greenhouse.io/cloudflare/jobs/7518699?gh_jid=7518699,,,"No explicit CGPA/academic cutoff specified | No graduation batch restrictions specified | Role title 'Senior Customer Engineer, Named - NYC' is a senior/experienced role",Greenhouse
7e650f1bd87706b8,2026-08-19,Cloudflare,"Senior Customer Engineer, Named - Philadelphia, PA",Distributed,0.0,,NEW,https://boards.greenhouse.io/cloudflare/jobs/8132642?gh_jid=8132642,,,"No explicit CGPA/academic cutoff specified | No graduation batch restrictions specified | Role title 'Senior Customer Engineer, Named - Philadelphia, PA' is a senior/experienced role",Greenhouse
e3a58fc28f80ec49,2026-08-19,Cloudflare,Senior Customer Engineer - Nashville,Distributed,0.0,,NEW,https://boards.greenhouse.io/cloudflare/jobs/8087769?gh_jid=8087769,,,No explicit CGPA/academic cutoff specified | No graduation batch restrictions specified | Role title 'Senior Customer Engineer - Nashville' is a senior/experienced role,Greenhouse
8f021107f47883a4,2026-08-19,Cloudflare,Senior Customer Engineer - San Francisco,Hybrid,0.0,,NEW,https://boards.greenhouse.io/cloudflare/jobs/8075765?gh_jid=8075765,,,No explicit CGPA/academic cutoff specified | No graduation batch restrictions specified | Role title 'Senior Customer Engineer - San Francisco' is a senior/experienced role,Greenhouse
8228532d76638ef4,2026-08-19,Cloudflare,"Senior Customer Engineer, Shenzhen",Distributed,0.0,,NEW,https://boards.greenhouse.io/cloudflare/jobs/8115936?gh_jid=8115936,,,"No explicit CGPA/academic cutoff specified | No graduation batch restrictions specified | Role title 'Senior Customer Engineer, Shenzhen' is a senior/experienced role",Greenhouse
0c70eadd6781869e,2026-08-19,Cloudflare,"Senior Customer Engineer, SLED",Hybrid,0.0,,NEW,https://boards.greenhouse.io/cloudflare/jobs/8131819?gh_jid=8131819,,,"No explicit CGPA/academic cutoff specified | No graduation batch restrictions specified | Role title 'Senior Customer Engineer, SLED' is a senior/experienced role",Greenhouse
e323d6b012f21e90,2026-08-19,Cloudflare,"Senior Customer Engineer, Territory - North East",Hybrid,0.0,,NEW,https://boards.greenhouse.io/cloudflare/jobs/8082781?gh_jid=8082781,,,"No explicit CGPA/academic cutoff specified | No graduation batch restrictions specified | Role title 'Senior Customer Engineer, Territory - North East' is a senior/experienced role",Greenhouse
56d8555c2c9dbd0b,2026-08-19,Cloudflare,"Senior Customer Engineer - Vancouver, BC",Distributed,0.0,,NEW,https://boards.greenhouse.io/cloudflare/jobs/8093023?gh_jid=8093023,,,"No explicit CGPA/academic cutoff specified | No graduation batch restrictions specified | Role title 'Senior Customer Engineer - Vancouver, BC' is a senior/experienced role",Greenhouse
899ba1cd688f1ab0,2026-08-19,Cloudflare,Senior Customer Engineer - Washington DC,Hybrid,0.0,,NEW,https://boards.greenhouse.io/cloudflare/jobs/8087772?gh_jid=8087772,,,No explicit CGPA/academic cutoff specified | No graduation batch restrictions specified | Role title 'Senior Customer Engineer - Washington DC' is a senior/experienced role,Greenhouse
5b322e351c9bffba,2026-08-19,Cloudflare,Senior Customer Experience Manager,Hybrid,0.0,,NEW,https://boards.greenhouse.io/cloudflare/jobs/8127210?gh_jid=8127210,,,No explicit CGPA/academic cutoff specified | No graduation batch restrictions specified | Role title 'Senior Customer Experience Manager' is a senior/experienced role,Greenhouse
a8cedb66059b8dbd,2026-08-19,Cloudflare,Senior Customer Experience Manager - German Speaking,Hybrid,0.0,,NEW,https://boards.greenhouse.io/cloudflare/jobs/6629769?gh_jid=6629769,,,No explicit CGPA/academic cutoff specified | No graduation batch restrictions specified | Role title 'Senior Customer Experience Manager - German Speaking' is a senior/experienced role,Greenhouse
74b9b11429fcadfe,2026-08-19,Cloudflare,Senior Data Engineer,In-Office,0.0,,NEW,https://boards.greenhouse.io/cloudflare/jobs/8055118?gh_jid=8055118,,,No explicit CGPA/academic cutoff specified | No graduation batch restrictions specified | Role title 'Senior Data Engineer' is a senior/experienced role,Greenhouse
935b513f76da03fb,2026-08-19,Cloudflare,Senior Data Scientist,Hybrid,0.0,,NEW,https://boards.greenhouse.io/cloudflare/jobs/7655695?gh_jid=7655695,,,No explicit CGPA/academic cutoff specified | No graduation batch restrictions specified | Role title 'Senior Data Scientist' is a senior/experienced role,Greenhouse
901297ce388450db,2026-08-19,Cloudflare,Senior Design Engineer,Hybrid,0.0,,NEW,https://boards.greenhouse.io/cloudflare/jobs/6998777?gh_jid=6998777,,,No explicit CGPA/academic cutoff specified | No graduation batch restrictions specified | Role title 'Senior Design Engineer' is a senior/experienced role,Greenhouse
c0be37598a072002,2026-08-19,Cloudflare,"Senior Digital Native Named Account Executive, SoCal",Distributed,0.0,,NEW,https://boards.greenhouse.io/cloudflare/jobs/8044090?gh_jid=8044090,,,"No explicit CGPA/academic cutoff specified | No graduation batch restrictions specified | Role title 'Senior Digital Native Named Account Executive, SoCal' is a senior/experienced role",Greenhouse
e9c86c537242be65,2026-08-19,Cloudflare,"Senior Director, Executive Communications",Hybrid,0.0,,NEW,https://boards.greenhouse.io/cloudflare/jobs/8075719?gh_jid=8075719,,,"No explicit CGPA/academic cutoff specified | No graduation batch restrictions specified | Role title 'Senior Director, Executive Communications' is a senior/experienced role",Greenhouse
266dbaf4537cbd8a,2026-08-19,Cloudflare,Senior Distributed Systems Engineer,In-Office,0.0,,NEW,https://boards.greenhouse.io/cloudflare/jobs/8066716?gh_jid=8066716,,,No explicit CGPA/academic cutoff specified | No graduation batch restrictions specified | Role title 'Senior Distributed Systems Engineer' is a senior/experienced role,Greenhouse
05d7bd87619ba7b0,2026-08-19,Cloudflare,Senior Employee Relations Partner,Hybrid,0.0,,NEW,https://boards.greenhouse.io/cloudflare/jobs/7990300?gh_jid=7990300,,,No explicit CGPA/academic cutoff specified | No graduation batch restrictions specified | Role title 'Senior Employee Relations Partner' is a senior/experienced role,Greenhouse
21b249ffb2a86ca8,2026-08-19,Cloudflare,Senior Engineering Manager - Cloudforce One,Hybrid,0.0,,NEW,https://boards.greenhouse.io/cloudflare/jobs/8020472?gh_jid=8020472,,,No explicit CGPA/academic cutoff specified | No graduation batch restrictions specified | Role title 'Senior Engineering Manager - Cloudforce One' is a senior/experienced role,Greenhouse
d9bf837c204e2f32,2026-08-19,Cloudflare,Senior Enterprise Account Executive - Brazil,Hybrid,0.0,,NEW,https://boards.greenhouse.io/cloudflare/jobs/7826565?gh_jid=7826565,,,No explicit CGPA/academic cutoff specified | No graduation batch restrictions specified | Role title 'Senior Enterprise Account Executive - Brazil' is a senior/experienced role,Greenhouse
8a12b5c068799d96,2026-08-19,Cloudflare,Senior Ethics and Compliance Manager,Hybrid,0.0,,NEW,https://boards.greenhouse.io/cloudflare/jobs/8023448?gh_jid=8023448,,,No explicit CGPA/academic cutoff specified | No graduation batch restrictions specified | Role title 'Senior Ethics and Compliance Manager' is a senior/experienced role,Greenhouse
d29a97473853d5de,2026-08-19,Cloudflare,Senior Forward Deployed Engineer,Hybrid,0.0,,NEW,https://boards.greenhouse.io/cloudflare/jobs/8082556?gh_jid=8082556,,,No explicit CGPA/academic cutoff specified | No graduation batch restrictions specified | Role title 'Senior Forward Deployed Engineer' is a senior/experienced role,Greenhouse
9dafbe95c78aad61,2026-08-19,Cloudflare,Senior Global Physical Security Specialist,In-Office,0.0,,NEW,https://boards.greenhouse.io/cloudflare/jobs/8025514?gh_jid=8025514,,,No explicit CGPA/academic cutoff specified | No graduation batch restrictions specified | Role title 'Senior Global Physical Security Specialist' is a senior/experienced role,Greenhouse
fe5d0087388b6773,2026-08-19,Cloudflare,Senior Incident Response Analyst - REACT ,Hybrid,0.0,,NEW,https://boards.greenhouse.io/cloudflare/jobs/8050511?gh_jid=8050511,,,No explicit CGPA/academic cutoff specified | No graduation batch restrictions specified | Role title 'Senior Incident Response Analyst - REACT' is a senior/experienced role,Greenhouse
849ab5f769246ff2,2026-08-19,Cloudflare,Senior Machine Learning Engineer,Hybrid,0.0,,NEW,https://boards.greenhouse.io/cloudflare/jobs/8043974?gh_jid=8043974,,,No explicit CGPA/academic cutoff specified | No graduation batch restrictions specified | Role title 'Senior Machine Learning Engineer' is a senior/experienced role,Greenhouse
dffa2a11e6b6caed,2026-08-19,Cloudflare,Senior Majors Account Executive - Chicago,Distributed,0.0,,NEW,https://boards.greenhouse.io/cloudflare/jobs/8099002?gh_jid=8099002,,,No explicit CGPA/academic cutoff specified | No graduation batch restrictions specified | Role title 'Senior Majors Account Executive - Chicago' is a senior/experienced role,Greenhouse
c1e9c7eca7fcdfab,2026-08-19,Cloudflare,Senior Majors Account Executive - Dallas,Hybrid,0.0,,NEW,https://boards.greenhouse.io/cloudflare/jobs/8084082?gh_jid=8084082,,,No explicit CGPA/academic cutoff specified | No graduation batch restrictions specified | Role title 'Senior Majors Account Executive - Dallas' is a senior/experienced role,Greenhouse
69cd32a1fcea42c6,2026-08-19,Cloudflare,Senior Majors Account Executive - Houston,Hybrid,0.0,,NEW,https://boards.greenhouse.io/cloudflare/jobs/8083770?gh_jid=8083770,,,No explicit CGPA/academic cutoff specified | No graduation batch restrictions specified | Role title 'Senior Majors Account Executive - Houston' is a senior/experienced role,Greenhouse
82efa30f0e7fc8ef,2026-08-19,Cloudflare,"Senior Majors Account Executive (IBM), New York",Hybrid,0.0,,NEW,https://boards.greenhouse.io/cloudflare/jobs/8088881?gh_jid=8088881,,,"No explicit CGPA/academic cutoff specified | No graduation batch restrictions specified | Role title 'Senior Majors Account Executive (IBM), New York' is a senior/experienced role",Greenhouse
6371556fd4218f1d,2026-08-19,Cloudflare,Senior Majors Account Executive - Pittsburgh,Hybrid,0.0,,NEW,https://boards.greenhouse.io/cloudflare/jobs/7793581?gh_jid=7793581,,,No explicit CGPA/academic cutoff specified | No graduation batch restrictions specified | Role title 'Senior Majors Account Executive - Pittsburgh' is a senior/experienced role,Greenhouse
e732cfafa925fef0,2026-08-19,Cloudflare,"Senior Majors Account Executive - San Francisco, Bay Area",Hybrid,0.0,,NEW,https://boards.greenhouse.io/cloudflare/jobs/7361295?gh_jid=7361295,,,"No explicit CGPA/academic cutoff specified | No graduation batch restrictions specified | Role title 'Senior Majors Account Executive - San Francisco, Bay Area' is a senior/experienced role",Greenhouse
179026d6ed37a8b3,2026-08-19,Cloudflare,"Senior Majors Account Executive - St. Louis, MO",Hybrid,0.0,,NEW,https://boards.greenhouse.io/cloudflare/jobs/8128468?gh_jid=8128468,,,"No explicit CGPA/academic cutoff specified | No graduation batch restrictions specified | Role title 'Senior Majors Account Executive - St. Louis, MO' is a senior/experienced role",Greenhouse
838b2bc690ccdaa1,2026-08-19,Cloudflare,"Senior Majors Account Executive, Toronto ",Distributed,0.0,,NEW,https://boards.greenhouse.io/cloudflare/jobs/7474034?gh_jid=7474034,,,"No explicit CGPA/academic cutoff specified | No graduation batch restrictions specified | Role title 'Senior Majors Account Executive, Toronto' is a senior/experienced role",Greenhouse
a563d9e93292cecb,2026-08-19,Cloudflare,"Senior Manager, Customer Engineering, India",Remote,0.0,,NEW,https://boards.greenhouse.io/cloudflare/jobs/8020043?gh_jid=8020043,,,"No explicit CGPA/academic cutoff specified | No graduation batch restrictions specified | Role title 'Senior Manager, Customer Engineering, India' is a senior/experienced role",Greenhouse
9da192aff7f666b7,2026-08-19,Cloudflare,"Senior Manager, Solutions Architecture, AI & Developer Platform",Hybrid,0.0,,NEW,https://boards.greenhouse.io/cloudflare/jobs/8113115?gh_jid=8113115,,,"No explicit CGPA/academic cutoff specified | No graduation batch restrictions specified | Role title 'Senior Manager, Solutions Architecture, AI & Developer Platform' is a senior/experienced role",Greenhouse
bc8ecbd9effcd733,2026-08-19,Cloudflare,"Senior Manager, Solutions Engineering Pre-Sales, Northern Europe",Distributed,0.0,,NEW,https://boards.greenhouse.io/cloudflare/jobs/7439830?gh_jid=7439830,,,"No explicit CGPA/academic cutoff specified | No graduation batch restrictions specified | Role title 'Senior Manager, Solutions Engineering Pre-Sales, Northern Europe' is a senior/experienced role",Greenhouse
ebce15b504fabac2,2026-08-19,Cloudflare," Senior Manager, Territory Sales (Based in Tokyo)","Tokyo, Japan",0.0,,NEW,https://boards.greenhouse.io/cloudflare/jobs/7767743?gh_jid=7767743,,,"No explicit CGPA/academic cutoff specified | No graduation batch restrictions specified | Role title 'Senior Manager, Territory Sales (Based in Tokyo)' is a senior/experienced role",Greenhouse
541483ac8d569c20,2026-08-19,Cloudflare,Senior Marketing Systems and Automation Manager,Hybrid,0.0,,NEW,https://boards.greenhouse.io/cloudflare/jobs/8122101?gh_jid=8122101,,,No explicit CGPA/academic cutoff specified | No graduation batch restrictions specified | Role title 'Senior Marketing Systems and Automation Manager' is a senior/experienced role,Greenhouse
79bea76298de10cc,2026-08-19,Cloudflare,Senior Named Account Executive,Hybrid,0.0,,NEW,https://boards.greenhouse.io/cloudflare/jobs/8071416?gh_jid=8071416,,,No explicit CGPA/academic cutoff specified | No graduation batch restrictions specified | Role title 'Senior Named Account Executive' is a senior/experienced role,Greenhouse
94046ec8bfaeed79,2026-08-19,Cloudflare,Senior Named Account Executive (AI & Digital Natives),Hybrid,0.0,,NEW,https://boards.greenhouse.io/cloudflare/jobs/8089141?gh_jid=8089141,,,No explicit CGPA/academic cutoff specified | No graduation batch restrictions specified | Role title 'Senior Named Account Executive (AI & Digital Natives)' is a senior/experienced role,Greenhouse
5382ecbe55f69995,2026-08-19,Cloudflare,"Senior Named Account Executive, Benelux",Hybrid,0.0,,NEW,https://boards.greenhouse.io/cloudflare/jobs/7866619?gh_jid=7866619,,,"No explicit CGPA/academic cutoff specified | No graduation batch restrictions specified | Role title 'Senior Named Account Executive, Benelux' is a senior/experienced role",Greenhouse
b0cd056a76e07022,2026-08-19,Cloudflare,"Senior Named Account Executive, Bengaluru",Hybrid,0.0,,NEW,https://boards.greenhouse.io/cloudflare/jobs/7405115?gh_jid=7405115,,,"No explicit CGPA/academic cutoff specified | No graduation batch restrictions specified | Role title 'Senior Named Account Executive, Bengaluru' is a senior/experienced role",Greenhouse
1deb8cb73cc4c6e4,2026-08-19,Cloudflare,Senior Named Account Executive (Dallas or Houston),Distributed,0.0,,NEW,https://boards.greenhouse.io/cloudflare/jobs/7799240?gh_jid=7799240,,,No explicit CGPA/academic cutoff specified | No graduation batch restrictions specified | Role title 'Senior Named Account Executive (Dallas or Houston)' is a senior/experienced role,Greenhouse
1e6aa7c77a88d4a6,2026-08-19,Cloudflare,"Senior Named Account Executive, Emerging Markets",Hybrid,0.0,,NEW,https://boards.greenhouse.io/cloudflare/jobs/8081326?gh_jid=8081326,,,"No explicit CGPA/academic cutoff specified | No graduation batch restrictions specified | Role title 'Senior Named Account Executive, Emerging Markets' is a senior/experienced role",Greenhouse
a593a4500b240d58,2026-08-19,Cloudflare,"Senior Named Account Executive, Federal (COCOM/STRATCOM/TRANSCOM)",Distributed,0.0,,NEW,https://boards.greenhouse.io/cloudflare/jobs/8019052?gh_jid=8019052,,,"No explicit CGPA/academic cutoff specified | No graduation batch restrictions specified | Role title 'Senior Named Account Executive, Federal (COCOM/STRATCOM/TRANSCOM)' is a senior/experienced role",Greenhouse
201a34197a98dabd,2026-08-19,Cloudflare,"Senior Named Account Executive, Federal Government (Ottawa)",Distributed,0.0,,NEW,https://boards.greenhouse.io/cloudflare/jobs/8109416?gh_jid=8109416,,,"No explicit CGPA/academic cutoff specified | No graduation batch restrictions specified | Role title 'Senior Named Account Executive, Federal Government (Ottawa)' is a senior/experienced role",Greenhouse
f8186562efefc6fc,2026-08-19,Cloudflare,"Senior Named Account Executive (FedGov - Civilian Agencies), Canberra",Distributed,0.0,,NEW,https://boards.greenhouse.io/cloudflare/jobs/8121029?gh_jid=8121029,,,"No explicit CGPA/academic cutoff specified | No graduation batch restrictions specified | Role title 'Senior Named Account Executive (FedGov - Civilian Agencies), Canberra' is a senior/experienced role",Greenhouse
d514f524aa242311,2026-08-19,Cloudflare,Senior Named Account Executive - High Tech (NY Metro),Hybrid,0.0,,NEW,https://boards.greenhouse.io/cloudflare/jobs/8122875?gh_jid=8122875,,,No explicit CGPA/academic cutoff specified | No graduation batch restrictions specified | Role title 'Senior Named Account Executive - High Tech (NY Metro)' is a senior/experienced role,Greenhouse
0cc6e7c8ae5aae38,2026-08-19,Cloudflare,"Senior Named Account Executive, Idaho",Distributed,0.0,,NEW,https://boards.greenhouse.io/cloudflare/jobs/8067630?gh_jid=8067630,,,"No explicit CGPA/academic cutoff specified | No graduation batch restrictions specified | Role title 'Senior Named Account Executive, Idaho' is a senior/experienced role",Greenhouse
172634497c38d58a,2026-08-19,Cloudflare,"Senior Named Account Executive, Japan",Hybrid,0.0,,NEW,https://boards.greenhouse.io/cloudflare/jobs/7421718?gh_jid=7421718,,,"Academic aggregate ~88.5% meets 60.0% cutoff | No graduation batch restrictions specified | Role title 'Senior Named Account Executive, Japan' is a senior/experienced role",Greenhouse
e086c4a89d5c18f8,2026-08-19,Cloudflare,"Senior Named Account Executive, Las Vegas",Hybrid,0.0,,NEW,https://boards.greenhouse.io/cloudflare/jobs/7807860?gh_jid=7807860,,,"No explicit CGPA/academic cutoff specified | No graduation batch restrictions specified | Role title 'Senior Named Account Executive, Las Vegas' is a senior/experienced role",Greenhouse
c1c585bf160ec23d,2026-08-19,Cloudflare,"Senior Named Account Executive (Majors), Adelaide",Distributed,0.0,,NEW,https://boards.greenhouse.io/cloudflare/jobs/8127204?gh_jid=8127204,,,"No explicit CGPA/academic cutoff specified | No graduation batch restrictions specified | Role title 'Senior Named Account Executive (Majors), Adelaide' is a senior/experienced role",Greenhouse
9c3c639fcb082944,2026-08-19,Cloudflare,"Senior Named Account Executive (Majors), Melbourne",Hybrid,0.0,,NEW,https://boards.greenhouse.io/cloudflare/jobs/8121020?gh_jid=8121020,,,"No explicit CGPA/academic cutoff specified | No graduation batch restrictions specified | Role title 'Senior Named Account Executive (Majors), Melbourne' is a senior/experienced role",Greenhouse
c008b2661740b6ce,2026-08-19,Cloudflare,"Senior Named Account Executive, MD/VA/DC",Distributed,0.0,,NEW,https://boards.greenhouse.io/cloudflare/jobs/8112200?gh_jid=8112200,,,"No explicit CGPA/academic cutoff specified | No graduation batch restrictions specified | Role title 'Senior Named Account Executive, MD/VA/DC' is a senior/experienced role",Greenhouse
795c383f2c505936,2026-08-19,Cloudflare,"Senior Named Account Executive, Melbourne",Distributed; Hybrid,0.0,,NEW,https://boards.greenhouse.io/cloudflare/jobs/8037985?gh_jid=8037985,,,"No explicit CGPA/academic cutoff specified | No graduation batch restrictions specified | Role title 'Senior Named Account Executive, Melbourne' is a senior/experienced role",Greenhouse
b9de7f000d06fdc9,2026-08-19,Cloudflare,"Senior Named Account Executive, Minneapolis",Distributed,0.0,,NEW,https://boards.greenhouse.io/cloudflare/jobs/8082742?gh_jid=8082742,,,"No explicit CGPA/academic cutoff specified | No graduation batch restrictions specified | Role title 'Senior Named Account Executive, Minneapolis' is a senior/experienced role",Greenhouse
622fae0088e03487,2026-08-19,Cloudflare,"Senior Named Account Executive, Montreal",Distributed,0.0,,NEW,https://boards.greenhouse.io/cloudflare/jobs/8024272?gh_jid=8024272,,,"No explicit CGPA/academic cutoff specified | No graduation batch restrictions specified | Role title 'Senior Named Account Executive, Montreal' is a senior/experienced role",Greenhouse
e9cd9e824dca88ad,2026-08-19,Cloudflare,"Senior Named Account Executive, Nordics",Distributed,0.0,,NEW,https://boards.greenhouse.io/cloudflare/jobs/7668318?gh_jid=7668318,,,"No explicit CGPA/academic cutoff specified | No graduation batch restrictions specified | Role title 'Senior Named Account Executive, Nordics' is a senior/experienced role",Greenhouse
8c17f5c343e7b6ab,2026-08-19,Cloudflare,"Senior Named Account Executive, North China",Hybrid,0.0,,NEW,https://boards.greenhouse.io/cloudflare/jobs/8104511?gh_jid=8104511,,,"No explicit CGPA/academic cutoff specified | No graduation batch restrictions specified | Role title 'Senior Named Account Executive, North China' is a senior/experienced role",Greenhouse
c3f916b0361c84b7,2026-08-19,Cloudflare,"Senior Named Account Executive, Salt Lake City ",Distributed,0.0,,NEW,https://boards.greenhouse.io/cloudflare/jobs/7943582?gh_jid=7943582,,,"No explicit CGPA/academic cutoff specified | No graduation batch restrictions specified | Role title 'Senior Named Account Executive, Salt Lake City' is a senior/experienced role",Greenhouse
ea18b2cfa3341408,2026-08-19,Cloudflare,"Senior Named Account Executive, Seattle",Distributed,0.0,,NEW,https://boards.greenhouse.io/cloudflare/jobs/8110247?gh_jid=8110247,,,"No explicit CGPA/academic cutoff specified | No graduation batch restrictions specified | Role title 'Senior Named Account Executive, Seattle' is a senior/experienced role",Greenhouse
be5c51f477d91666,2026-08-19,Cloudflare,Senior Network Engineer,Hybrid,0.0,,NEW,https://boards.greenhouse.io/cloudflare/jobs/7992903?gh_jid=7992903,,,No explicit CGPA/academic cutoff specified | No graduation batch restrictions specified | Role title 'Senior Network Engineer' is a senior/experienced role,Greenhouse
551c5c49220fd821,2026-08-19,Cloudflare,Senior OIC and OPA Developer,In-Office,0.0,,NEW,https://boards.greenhouse.io/cloudflare/jobs/7817755?gh_jid=7817755,,,No explicit CGPA/academic cutoff specified | No graduation batch restrictions specified | Role title 'Senior OIC and OPA Developer' is a senior/experienced role,Greenhouse
04ed278a566d0c80,2026-08-19,Cloudflare,Senior Oracle Fusion Developer,In-Office,0.0,,NEW,https://boards.greenhouse.io/cloudflare/jobs/7963589?gh_jid=7963589,,,No explicit CGPA/academic cutoff specified | No graduation batch restrictions specified | Role title 'Senior Oracle Fusion Developer' is a senior/experienced role,Greenhouse
8c2bcb7b1f58d857,2026-08-19,Cloudflare,Senior Oracle Procurement Specialist,In-Office,0.0,,NEW,https://boards.greenhouse.io/cloudflare/jobs/7978887?gh_jid=7978887,,,No explicit CGPA/academic cutoff specified | No graduation batch restrictions specified | Role title 'Senior Oracle Procurement Specialist' is a senior/experienced role,Greenhouse
47ff326c7a8a2b9e,2026-08-19,Cloudflare,Senior Oracle SCM Specialist,In-Office,0.0,,NEW,https://boards.greenhouse.io/cloudflare/jobs/7817793?gh_jid=7817793,,,No explicit CGPA/academic cutoff specified | No graduation batch restrictions specified | Role title 'Senior Oracle SCM Specialist' is a senior/experienced role,Greenhouse
1f774a30ced6b9a4,2026-08-19,Cloudflare,"Senior Partner Account Manager, Japan (Based in Tokyo)",Hybrid,0.0,,NEW,https://boards.greenhouse.io/cloudflare/jobs/7981489?gh_jid=7981489,,,"No explicit CGPA/academic cutoff specified | No graduation batch restrictions specified | Role title 'Senior Partner Account Manager, Japan (Based in Tokyo)' is a senior/experienced role",Greenhouse
a7fabfb17dac3a2f,2026-08-19,Cloudflare,"Senior Principal, Sales Compensation Design & Strategy",Remote,0.0,,NEW,https://boards.greenhouse.io/cloudflare/jobs/8024849?gh_jid=8024849,,,"No explicit CGPA/academic cutoff specified | No graduation batch restrictions specified | Role title 'Senior Principal, Sales Compensation Design & Strategy' is a senior/experienced role",Greenhouse
ebd99374b187329a,2026-08-19,Cloudflare,Senior Product Manager - Ad Fraud and Identity Solutions,Hybrid,0.0,,NEW,https://boards.greenhouse.io/cloudflare/jobs/8007326?gh_jid=8007326,,,No explicit CGPA/academic cutoff specified | No graduation batch restrictions specified | Role title 'Senior Product Manager - Ad Fraud and Identity Solutions' is a senior/experienced role,Greenhouse
fe48fab7e59e31f4,2026-08-19,Cloudflare,Senior Product Manager - Enterprise (API & SDK),Hybrid,0.0,,NEW,https://boards.greenhouse.io/cloudflare/jobs/7589006?gh_jid=7589006,,,No explicit CGPA/academic cutoff specified | No graduation batch restrictions specified | Role title 'Senior Product Manager - Enterprise (API & SDK)' is a senior/experienced role,Greenhouse
12ebee168c6fd1e6,2026-08-19,Cloudflare,Senior Product Manager - FinTech,In-Office,0.0,,NEW,https://boards.greenhouse.io/cloudflare/jobs/8064473?gh_jid=8064473,,,No explicit CGPA/academic cutoff specified | No graduation batch restrictions specified | Role title 'Senior Product Manager - FinTech' is a senior/experienced role,Greenhouse
be751ff682b3168a,2026-08-19,Cloudflare,Senior Product Security Engineer,Hybrid,0.0,,NEW,https://boards.greenhouse.io/cloudflare/jobs/8079931?gh_jid=8079931,,,No explicit CGPA/academic cutoff specified | No graduation batch restrictions specified | Role title 'Senior Product Security Engineer' is a senior/experienced role,Greenhouse
acd7ca06f05dc69b,2026-08-19,Cloudflare,Senior Professional Services Engineer,Hybrid,0.0,,NEW,https://boards.greenhouse.io/cloudflare/jobs/8121079?gh_jid=8121079,,,No explicit CGPA/academic cutoff specified | No graduation batch restrictions specified | Role title 'Senior Professional Services Engineer' is a senior/experienced role,Greenhouse
1be0ba62efc15c7c,2026-08-19,Cloudflare,Senior Revenue Accountant,Hybrid,0.0,,NEW,https://boards.greenhouse.io/cloudflare/jobs/7522891?gh_jid=7522891,,,No explicit CGPA/academic cutoff specified | No graduation batch restrictions specified | Role title 'Senior Revenue Accountant' is a senior/experienced role,Greenhouse
3a29946d0d1ea77a,2026-08-19,Cloudflare,"Senior Sales Director – Enterprise, Benelux",Distributed,0.0,,NEW,https://boards.greenhouse.io/cloudflare/jobs/8046286?gh_jid=8046286,,,"No explicit CGPA/academic cutoff specified | No graduation batch restrictions specified | Role title 'Senior Sales Director – Enterprise, Benelux' is a senior/experienced role",Greenhouse
a6ac68830f9406d4,2026-08-19,Cloudflare,"Senior SASE Specialist, Enterprise (West)",Hybrid,0.0,,NEW,https://boards.greenhouse.io/cloudflare/jobs/7648618?gh_jid=7648618,,,"No explicit CGPA/academic cutoff specified | No graduation batch restrictions specified | Role title 'Senior SASE Specialist, Enterprise (West)' is a senior/experienced role",Greenhouse
918d7befb8ab990a,2026-08-19,Cloudflare,Senior Security Compliance Specialist,Distributed,0.0,,NEW,https://boards.greenhouse.io/cloudflare/jobs/8077641?gh_jid=8077641,,,No explicit CGPA/academic cutoff specified | No graduation batch restrictions specified | Role title 'Senior Security Compliance Specialist' is a senior/experienced role,Greenhouse
e29b8f7f0c289ecb,2026-08-19,Cloudflare,"Senior Software Engineer, Cloudflare Queues",In-Office,0.0,,NEW,https://boards.greenhouse.io/cloudflare/jobs/8080780?gh_jid=8080780,,,"Academic aggregate ~88.5% meets 85.0% cutoff | No graduation batch restrictions specified | Role title 'Senior Software Engineer, Cloudflare Queues' is a senior/experienced role",Greenhouse
e7da2a61eb7c8bab,2026-08-19,Cloudflare,"Senior Software Engineer, Distributed Databases",In-Office,0.0,,NEW,https://boards.greenhouse.io/cloudflare/jobs/7896462?gh_jid=7896462,,,"No explicit CGPA/academic cutoff specified | No graduation batch restrictions specified | Role title 'Senior Software Engineer, Distributed Databases' is a senior/experienced role",Greenhouse
908587574a1a4f55,2026-08-19,Cloudflare,"Senior Software Engineer, Durable Objects (DO)",In-Office,0.0,,NEW,https://boards.greenhouse.io/cloudflare/jobs/5390243?gh_jid=5390243,,,"No explicit CGPA/academic cutoff specified | No graduation batch restrictions specified | Role title 'Senior Software Engineer, Durable Objects (DO)' is a senior/experienced role",Greenhouse
c1709d75f1916b21,2026-08-19,Cloudflare,"Senior Software Engineer, Network Performance & Reliability",Hybrid,0.0,,NEW,https://boards.greenhouse.io/cloudflare/jobs/7446340?gh_jid=7446340,,,"No explicit CGPA/academic cutoff specified | No graduation batch restrictions specified | Role title 'Senior Software Engineer, Network Performance & Reliability' is a senior/experienced role",Greenhouse
d475a94df43c603d,2026-08-19,Cloudflare,"Senior Software Engineer, People Ops and AI Tools","Austin, TX, United States",0.0,,NEW,https://boards.greenhouse.io/cloudflare/jobs/8035679?gh_jid=8035679,,,"No explicit CGPA/academic cutoff specified | No graduation batch restrictions specified | Role title 'Senior Software Engineer, People Ops and AI Tools' is a senior/experienced role",Greenhouse
8936820f6b6335ca,2026-08-19,Cloudflare,"Senior Software Engineer, R2 Metadata",Hybrid,0.0,,NEW,https://boards.greenhouse.io/cloudflare/jobs/7276690?gh_jid=7276690,,,"No explicit CGPA/academic cutoff specified | No graduation batch restrictions specified | Role title 'Senior Software Engineer, R2 Metadata' is a senior/experienced role",Greenhouse
c95eb5e6db1c7150,2026-08-19,Cloudflare,"Senior Software Engineer, Storage Infrastructure",In-Office,0.0,,NEW,https://boards.greenhouse.io/cloudflare/jobs/7629805?gh_jid=7629805,,,"No explicit CGPA/academic cutoff specified | No graduation batch restrictions specified | Role title 'Senior Software Engineer, Storage Infrastructure' is a senior/experienced role",Greenhouse
b55085122ce21dc5,2026-08-19,Cloudflare,"Senior Software Engineer, Workers Runtime",In-Office,0.0,,NEW,https://boards.greenhouse.io/cloudflare/jobs/6578726?gh_jid=6578726,,,"No explicit CGPA/academic cutoff specified | No graduation batch restrictions specified | Role title 'Senior Software Engineer, Workers Runtime' is a senior/experienced role",Greenhouse
d391fc2660965e95,2026-08-19,Cloudflare,"Senior Solutions Engineer, French Speaking Africa",Hybrid,0.0,,NEW,https://boards.greenhouse.io/cloudflare/jobs/8124416?gh_jid=8124416,,,"Academic aggregate ~88.5% meets 50.0% cutoff | No graduation batch restrictions specified | Role title 'Senior Solutions Engineer, French Speaking Africa' is a senior/experienced role",Greenhouse
bc0ea40ae9cc1adb,2026-08-19,Cloudflare,Senior Solutions Engineer - Madrid based,Hybrid,0.0,,NEW,https://boards.greenhouse.io/cloudflare/jobs/8071586?gh_jid=8071586,,,Academic aggregate ~88.5% meets 50.0% cutoff | No graduation batch restrictions specified | Role title 'Senior Solutions Engineer - Madrid based' is a senior/experienced role,Greenhouse
0bf0b9532d8f59a9,2026-08-19,Cloudflare,"Senior Solutions Engineer, Public Sector Federal",Hybrid,0.0,,NEW,https://boards.greenhouse.io/cloudflare/jobs/8131833?gh_jid=8131833,,,"No explicit CGPA/academic cutoff specified | No graduation batch restrictions specified | Role title 'Senior Solutions Engineer, Public Sector Federal' is a senior/experienced role",Greenhouse
7714138a2e96ee1c,2026-08-19,Cloudflare,Senior Strategic Solutions Engineer,Distributed,0.0,,NEW,https://boards.greenhouse.io/cloudflare/jobs/7967144?gh_jid=7967144,,,No explicit CGPA/academic cutoff specified | No graduation batch restrictions specified | Role title 'Senior Strategic Solutions Engineer' is a senior/experienced role,Greenhouse
0ac6e4ad7f0ea528,2026-08-19,Cloudflare,Senior Systems Engineer,Hybrid,0.0,,NEW,https://boards.greenhouse.io/cloudflare/jobs/8087792?gh_jid=8087792,,,No explicit CGPA/academic cutoff specified | No graduation batch restrictions specified | Role title 'Senior Systems Engineer' is a senior/experienced role,Greenhouse
4e7ec2766be7c38b,2026-08-19,Cloudflare,"Senior Systems Engineer, AI Gateway",In-Office,0.0,,NEW,https://boards.greenhouse.io/cloudflare/jobs/7560174?gh_jid=7560174,,,"No explicit CGPA/academic cutoff specified | No graduation batch restrictions specified | Role title 'Senior Systems Engineer, AI Gateway' is a senior/experienced role",Greenhouse
b44db6b4dbda6091,2026-08-19,Cloudflare,"Senior Systems Engineer, Cloudflare Data Platform",In-Office,0.0,,NEW,https://boards.greenhouse.io/cloudflare/jobs/8030240?gh_jid=8030240,,,"No explicit CGPA/academic cutoff specified | No graduation batch restrictions specified | Role title 'Senior Systems Engineer, Cloudflare Data Platform' is a senior/experienced role",Greenhouse
93df7cb5bc4d40b8,2026-08-19,Cloudflare,"Senior Systems Engineer, Cloudflare Tunnel",Hybrid,0.0,,NEW,https://boards.greenhouse.io/cloudflare/jobs/8079117?gh_jid=8079117,,,"No explicit CGPA/academic cutoff specified | No graduation batch restrictions specified | Role title 'Senior Systems Engineer, Cloudflare Tunnel' is a senior/experienced role",Greenhouse
fc72a583e2b064d9,2026-08-19,Cloudflare,Senior Systems Engineer - Go-To-Market Data Team,Hybrid,0.0,,NEW,https://boards.greenhouse.io/cloudflare/jobs/8082544?gh_jid=8082544,,,No explicit CGPA/academic cutoff specified | No graduation batch restrictions specified | Role title 'Senior Systems Engineer - Go-To-Market Data Team' is a senior/experienced role,Greenhouse
61fa967c74e2ebe7,2026-08-19,Cloudflare,"Senior Systems Engineer, Identity & Access Management",Hybrid,0.0,,NEW,https://boards.greenhouse.io/cloudflare/jobs/8104955?gh_jid=8104955,,,"No explicit CGPA/academic cutoff specified | No graduation batch restrictions specified | Role title 'Senior Systems Engineer, Identity & Access Management' is a senior/experienced role",Greenhouse
7cb0819b545b4416,2026-08-19,Cloudflare,"Senior Systems Engineer, Pipelines",In-Office,0.0,,NEW,https://boards.greenhouse.io/cloudflare/jobs/7093840?gh_jid=7093840,,,"No explicit CGPA/academic cutoff specified | No graduation batch restrictions specified | Role title 'Senior Systems Engineer, Pipelines' is a senior/experienced role",Greenhouse
576e4da54ce93b40,2026-08-19,Cloudflare,"Senior Systems Engineer, Workers AI",In-Office,0.0,,NEW,https://boards.greenhouse.io/cloudflare/jobs/7764827?gh_jid=7764827,,,"No explicit CGPA/academic cutoff specified | No graduation batch restrictions specified | Role title 'Senior Systems Engineer, Workers AI' is a senior/experienced role",Greenhouse
fbd9b4161c9a0da8,2026-08-19,Cloudflare,"Senior Systems Engineer, Workers Runtime",In-Office,0.0,,NEW,https://boards.greenhouse.io/cloudflare/jobs/8110157?gh_jid=8110157,,,"No explicit CGPA/academic cutoff specified | No graduation batch restrictions specified | Role title 'Senior Systems Engineer, Workers Runtime' is a senior/experienced role",Greenhouse
846ad6b0b3d92d8f,2026-08-19,Cloudflare,Senior Talent Acquisition Business Partner - French Speaking,Hybrid,0.0,,NEW,https://boards.greenhouse.io/cloudflare/jobs/8107174?gh_jid=8107174,,,No explicit CGPA/academic cutoff specified | No graduation batch restrictions specified | Role title 'Senior Talent Acquisition Business Partner - French Speaking' is a senior/experienced role,Greenhouse
42dcca3edbc45675,2026-08-19,Cloudflare,"Senior Technical Account Manager (Austin, Seattle, Denver)",Hybrid,0.0,,NEW,https://boards.greenhouse.io/cloudflare/jobs/8030327?gh_jid=8030327,,,"No explicit CGPA/academic cutoff specified | No graduation batch restrictions specified | Role title 'Senior Technical Account Manager (Austin, Seattle, Denver)' is a senior/experienced role",Greenhouse
b57835dad323e6d9,2026-08-19,Cloudflare,"Senior Territory Account Executive, Digital Native (Hong Kong)",Hybrid,0.0,,NEW,https://boards.greenhouse.io/cloudflare/jobs/7830335?gh_jid=7830335,,,"No explicit CGPA/academic cutoff specified | No graduation batch restrictions specified | Role title 'Senior Territory Account Executive, Digital Native (Hong Kong)' is a senior/experienced role",Greenhouse
8961be993a26949a,2026-08-19,Cloudflare,"Senior Territory Account Executive, Gaming (South China)",Hybrid,0.0,,NEW,https://boards.greenhouse.io/cloudflare/jobs/8101702?gh_jid=8101702,,,"No explicit CGPA/academic cutoff specified | No graduation batch restrictions specified | Role title 'Senior Territory Account Executive, Gaming (South China)' is a senior/experienced role",Greenhouse
a8753f922168bb36,2026-08-19,Cloudflare,Senior Territory Account Executive - iGaming (ASEAN),Hybrid,0.0,,NEW,https://boards.greenhouse.io/cloudflare/jobs/8042843?gh_jid=8042843,,,No explicit CGPA/academic cutoff specified | No graduation batch restrictions specified | Role title 'Senior Territory Account Executive - iGaming (ASEAN)' is a senior/experienced role,Greenhouse
17cfb1142ac8a72c,2026-08-19,Cloudflare,"Senior Territory Account Executive, Korea",Hybrid,0.0,,NEW,https://boards.greenhouse.io/cloudflare/jobs/8027747?gh_jid=8027747,,,"No explicit CGPA/academic cutoff specified | No graduation batch restrictions specified | Role title 'Senior Territory Account Executive, Korea' is a senior/experienced role",Greenhouse
8acfe1676a6d02cc,2026-08-19,Cloudflare,Senior Territory Account Executive - North China ,Hybrid,0.0,,NEW,https://boards.greenhouse.io/cloudflare/jobs/8012884?gh_jid=8012884,,,No explicit CGPA/academic cutoff specified | No graduation batch restrictions specified | Role title 'Senior Territory Account Executive - North China' is a senior/experienced role,Greenhouse
e25d8d263fd65ec7,2026-08-19,Cloudflare,Senior Territory Account Executive (NY),Hybrid,0.0,,NEW,https://boards.greenhouse.io/cloudflare/jobs/7782141?gh_jid=7782141,,,No explicit CGPA/academic cutoff specified | No graduation batch restrictions specified | Role title 'Senior Territory Account Executive (NY)' is a senior/experienced role,Greenhouse
f99db1bd60fc6820,2026-08-19,Cloudflare,Senior Territory Account Executive- OH,Hybrid,0.0,,NEW,https://boards.greenhouse.io/cloudflare/jobs/8109303?gh_jid=8109303,,,No explicit CGPA/academic cutoff specified | No graduation batch restrictions specified | Role title 'Senior Territory Account Executive- OH' is a senior/experienced role,Greenhouse
9e7020a47ff8d063,2026-08-19,Cloudflare,"Senior Territory Account Executive, Turkey",Hybrid,0.0,,NEW,https://boards.greenhouse.io/cloudflare/jobs/8081315?gh_jid=8081315,,,"No explicit CGPA/academic cutoff specified | No graduation batch restrictions specified | Role title 'Senior Territory Account Executive, Turkey' is a senior/experienced role",Greenhouse
226370880df4da30,2026-08-19,Cloudflare,Senior Threat Intelligence Engineer,Hybrid,0.0,,NEW,https://boards.greenhouse.io/cloudflare/jobs/7558153?gh_jid=7558153,,,No explicit CGPA/academic cutoff specified | No graduation batch restrictions specified | Role title 'Senior Threat Intelligence Engineer' is a senior/experienced role,Greenhouse
1165311652b1f982,2026-08-19,Cloudflare,Senior Video & Motion Producer,In-Office,0.0,,NEW,https://boards.greenhouse.io/cloudflare/jobs/8084212?gh_jid=8084212,,,No explicit CGPA/academic cutoff specified | No graduation batch restrictions specified | Role title 'Senior Video & Motion Producer' is a senior/experienced role,Greenhouse
4ee02858f7f93efc,2026-08-19,Cloudflare,Software Engineer-,Hybrid,0.0,,NEW,https://boards.greenhouse.io/cloudflare/jobs/8125865?gh_jid=8125865,,,No explicit CGPA/academic cutoff specified | No graduation batch restrictions specified | Requires 5.0+ years of prior work experience (Strict Fresher filter enabled),Greenhouse
101285e3a5f5811c,2026-08-19,Cloudflare,"Software Engineer, AI Agents",In-Office,0.0,,NEW,https://boards.greenhouse.io/cloudflare/jobs/7831810?gh_jid=7831810,,,No explicit CGPA/academic cutoff specified | No graduation batch restrictions specified | Requires 5.0+ years of prior work experience (Strict Fresher filter enabled),Greenhouse
aad396cba838720b,2026-08-19,Cloudflare,"Software Engineer, Cloudflare Network Interconnect",Hybrid,0.0,,NEW,https://boards.greenhouse.io/cloudflare/jobs/8088751?gh_jid=8088751,,,No explicit CGPA/academic cutoff specified | No graduation batch restrictions specified | Requires 5.0+ years of prior work experience (Strict Fresher filter enabled),Greenhouse
aebd1744be3d45db,2026-08-19,Cloudflare,Software Engineer Intern (Fall 2026),In-Office,0.0,,NEW,https://boards.greenhouse.io/cloudflare/jobs/8118845?gh_jid=8118845,,,Academic aggregate ~88.5% below 95.0% cutoff | No graduation batch restrictions specified | Requires 5.0+ years of prior work experience (Strict Fresher filter enabled),Greenhouse
8e25426622a281e2,2026-08-19,Cloudflare,"Software Engineer, Network Firewall",Hybrid,0.0,,NEW,https://boards.greenhouse.io/cloudflare/jobs/8106815?gh_jid=8106815,,,No explicit CGPA/academic cutoff specified | No graduation batch restrictions specified | Requires 5.0+ years of prior work experience (Strict Fresher filter enabled),Greenhouse
c281d3d1b3cc5018,2026-08-19,Cloudflare,"Software Engineer, Network Performance & Reliability",Hybrid,0.0,,NEW,https://boards.greenhouse.io/cloudflare/jobs/7446310?gh_jid=7446310,,,No explicit CGPA/academic cutoff specified | No graduation batch restrictions specified | Requires 5.0+ years of prior work experience (Strict Fresher filter enabled),Greenhouse
3eff407a9a900548,2026-08-19,Cloudflare,Software Engineer - Network Platforms,Hybrid,0.0,,NEW,https://boards.greenhouse.io/cloudflare/jobs/7541032?gh_jid=7541032,,,No explicit CGPA/academic cutoff specified | No graduation batch restrictions specified | Requires 5.0+ years of prior work experience (Strict Fresher filter enabled),Greenhouse
6201dd6c0ba5ea31,2026-08-19,Cloudflare,"Software Engineer, Workers Deploy & Config",In-Office,0.0,,NEW,https://boards.greenhouse.io/cloudflare/jobs/7377424?gh_jid=7377424,,,No explicit CGPA/academic cutoff specified | No graduation batch restrictions specified | Requires 5.0+ years of prior work experience (Strict Fresher filter enabled),Greenhouse
e7de86a5ea0a527a,2026-08-19,Cloudflare,"Solutions Engineer, Benelux",Hybrid,0.0,,NEW,https://boards.greenhouse.io/cloudflare/jobs/7742347?gh_jid=7742347,,,No explicit CGPA/academic cutoff specified | No graduation batch restrictions specified | Requires 5.0+ years of prior work experience (Strict Fresher filter enabled),Greenhouse
dc5530fc0079c2da,2026-08-19,Cloudflare,"Solutions Engineer, Central & Eastern Europe - Hebrew Speaking",Hybrid,0.0,,NEW,https://boards.greenhouse.io/cloudflare/jobs/7978788?gh_jid=7978788,,,No explicit CGPA/academic cutoff specified | No graduation batch restrictions specified | Requires 5.0+ years of prior work experience (Strict Fresher filter enabled),Greenhouse
e9129f3e5c4ccc4b,2026-08-19,Cloudflare,"Solutions Engineering Manager, Iberia & Italy",Hybrid,0.0,,NEW,https://boards.greenhouse.io/cloudflare/jobs/8098311?gh_jid=8098311,,,"No explicit CGPA/academic cutoff specified | No graduation batch restrictions specified | Role title 'Solutions Engineering Manager, Iberia & Italy' is a senior/experienced role",Greenhouse
000f4469b6180599,2026-08-19,Cloudflare,"Solutions Engineer, Nordics",Hybrid,0.0,,NEW,https://boards.greenhouse.io/cloudflare/jobs/7610071?gh_jid=7610071,,,Academic aggregate ~88.5% meets 50.0% cutoff | No graduation batch restrictions specified | Requires 5.0+ years of prior work experience (Strict Fresher filter enabled),Greenhouse
aea5efa9e4c9d5db,2026-08-19,Cloudflare,Sr. Technical Program Manager - Security (Enterprise Identity & Access),Hybrid,0.0,,NEW,https://boards.greenhouse.io/cloudflare/jobs/8021873?gh_jid=8021873,,,No explicit CGPA/academic cutoff specified | No graduation batch restrictions specified | Requires 8.0+ years of prior work experience (Strict Fresher filter enabled),Greenhouse
4372d0ec36a09243,2026-08-19,Cloudflare,Staff/Principal Software Engineer - Security Platform,Distributed; Hybrid,0.0,,NEW,https://boards.greenhouse.io/cloudflare/jobs/7053411?gh_jid=7053411,,,No explicit CGPA/academic cutoff specified | No graduation batch restrictions specified | Role title 'Staff/Principal Software Engineer - Security Platform' is a senior/experienced role,Greenhouse
d1d67dc231107a84,2026-08-19,Cloudflare,Statutory Manager,In-Office,0.0,,NEW,https://boards.greenhouse.io/cloudflare/jobs/8098922?gh_jid=8098922,,,No explicit CGPA/academic cutoff specified | No graduation batch restrictions specified | Requires 10.0+ years of prior work experience (Strict Fresher filter enabled),Greenhouse
036bc5017599ac3b,2026-08-19,Cloudflare,"System Engineer, Cloudflare Hyperdrive",In-Office,0.0,,NEW,https://boards.greenhouse.io/cloudflare/jobs/8016162?gh_jid=8016162,,,Academic aggregate ~88.5% below 90.0% cutoff | No graduation batch restrictions specified | Requires 5.0+ years of prior work experience (Strict Fresher filter enabled),Greenhouse
7ae6c2421871df9e,2026-08-19,Cloudflare,Systems Engineer (Data Intelligence & Analytics Team),In-Office,0.0,,NEW,https://boards.greenhouse.io/cloudflare/jobs/8022909?gh_jid=8022909,,,No explicit CGPA/academic cutoff specified | No graduation batch restrictions specified | Requires 5.0+ years of prior work experience (Strict Fresher filter enabled),Greenhouse
d9286c4524916635,2026-08-19,Cloudflare,Systems Engineer - Global Resource Management (Data Residency),Hybrid,0.0,,NEW,https://boards.greenhouse.io/cloudflare/jobs/8015230?gh_jid=8015230,,,No explicit CGPA/academic cutoff specified | No graduation batch restrictions specified | Requires 5.0+ years of prior work experience (Strict Fresher filter enabled),Greenhouse
a781336a47d4ddd7,2026-08-19,Cloudflare,"Systems Engineer, Product Platform Tools","Austin, TX, United States",0.0,,NEW,https://boards.greenhouse.io/cloudflare/jobs/8089031?gh_jid=8089031,,,No explicit CGPA/academic cutoff specified | No graduation batch restrictions specified | Requires 5.0+ years of prior work experience (Strict Fresher filter enabled),Greenhouse
34ddf15b6061d3f9,2026-08-19,Cloudflare,Tax Analyst,Hybrid,0.0,,NEW,https://boards.greenhouse.io/cloudflare/jobs/8064514?gh_jid=8064514,,,No explicit CGPA/academic cutoff specified | No graduation batch restrictions specified | Requires 5.0+ years of prior work experience (Strict Fresher filter enabled),Greenhouse
45cd51eb196fc1df,2026-08-19,Cloudflare,Technical Account Manager,Hybrid,0.0,,NEW,https://boards.greenhouse.io/cloudflare/jobs/8081039?gh_jid=8081039,,,No explicit CGPA/academic cutoff specified | No graduation batch restrictions specified | Requires 5.0+ years of prior work experience (Strict Fresher filter enabled),Greenhouse
f0e2697de080b41f,2026-08-19,Cloudflare,Territory Account Executive,Hybrid,0.0,,NEW,https://boards.greenhouse.io/cloudflare/jobs/8109271?gh_jid=8109271,,,No explicit CGPA/academic cutoff specified | No graduation batch restrictions specified | Requires 5.0+ years of prior work experience (Strict Fresher filter enabled),Greenhouse
d493f3d03f7f71a8,2026-08-19,Cloudflare,Territory Account Executive (Based in Melbourne),Hybrid,0.0,,NEW,https://boards.greenhouse.io/cloudflare/jobs/8110442?gh_jid=8110442,,,Academic aggregate ~88.5% meets 50.0% cutoff | No graduation batch restrictions specified | Requires 5.0+ years of prior work experience (Strict Fresher filter enabled),Greenhouse
75233da7b97baf48,2026-08-19,Cloudflare,"Territory Account Executive, Central Canada",Distributed,0.0,,NEW,https://boards.greenhouse.io/cloudflare/jobs/7804941?gh_jid=7804941,,,No explicit CGPA/academic cutoff specified | No graduation batch restrictions specified | Requires 5.0+ years of prior work experience (Strict Fresher filter enabled),Greenhouse
c589cb3ba29cc10a,2026-08-19,Cloudflare,"Territory Account Executive, Digital Native (Indonesia)",Hybrid,0.0,,NEW,https://boards.greenhouse.io/cloudflare/jobs/7975812?gh_jid=7975812,,,No explicit CGPA/academic cutoff specified | No graduation batch restrictions specified | Requires 5.0+ years of prior work experience (Strict Fresher filter enabled),Greenhouse
acafbb9e030a6d98,2026-08-19,Cloudflare,"Territory Account Executive, iGaming (Thailand)",Hybrid,0.0,,NEW,https://boards.greenhouse.io/cloudflare/jobs/7962217?gh_jid=7962217,,,No explicit CGPA/academic cutoff specified | No graduation batch restrictions specified | Requires 5.0+ years of prior work experience (Strict Fresher filter enabled),Greenhouse
71627efdd499414c,2026-08-19,Cloudflare,"Territory Account Executive, Singapore & Malaysia",Hybrid,0.0,,NEW,https://boards.greenhouse.io/cloudflare/jobs/8093310?gh_jid=8093310,,,No explicit CGPA/academic cutoff specified | No graduation batch restrictions specified | Requires 5.0+ years of prior work experience (Strict Fresher filter enabled),Greenhouse
5aaff249cb2467f2,2026-08-19,Cloudflare,"Threat Intelligence Software Engineer, Cloudforce One",Hybrid,0.0,,NEW,https://boards.greenhouse.io/cloudflare/jobs/7309174?gh_jid=7309174,,,No explicit CGPA/academic cutoff specified | No graduation batch restrictions specified | Requires 5.0+ years of prior work experience (Strict Fresher filter enabled),Greenhouse
9eb443502e8aff9d,2026-08-19,Cloudflare,"Vice President, Internal Audit",Hybrid,0.0,,NEW,https://boards.greenhouse.io/cloudflare/jobs/8080851?gh_jid=8080851,,,No explicit CGPA/academic cutoff specified | No graduation batch restrictions specified | Requires 10.0+ years of prior work experience (Strict Fresher filter enabled),Greenhouse
a33afe86fbd8bd93,2026-08-19,Cloudflare,Vulnerability Management Engineer,Hybrid,0.0,,NEW,https://boards.greenhouse.io/cloudflare/jobs/7579269?gh_jid=7579269,,,No explicit CGPA/academic cutoff specified | No graduation batch restrictions specified | Requires 5.0+ years of prior work experience (Strict Fresher filter enabled),Greenhouse
1a777b2aa5abf4be,2026-08-19,Datadog,AI Research Engineer - Datadog AI Research (DAIR),"Paris, France",0.0,,NEW,https://careers.datadoghq.com/detail/7194969?gh_jid=7194969,,,No explicit CGPA/academic cutoff specified | No graduation batch restrictions specified | Requires 5.0+ years of prior work experience (Strict Fresher filter enabled),Greenhouse
14d685feed3f8e3a,2026-08-19,Datadog,AI Research Scientist - Datadog AI Research (DAIR),"New York, New York, USA",0.0,,NEW,https://careers.datadoghq.com/detail/6572669?gh_jid=6572669,,,No explicit CGPA/academic cutoff specified | No graduation batch restrictions specified | Requires 5.0+ years of prior work experience (Strict Fresher filter enabled),Greenhouse
fc36b1c536700797,2026-08-19,Datadog,"Area Vice President, Enterprise Security Sales","New York, New York, USA; San Francisco, California, USA",0.0,,NEW,https://careers.datadoghq.com/detail/7508990?gh_jid=7508990,,,No explicit CGPA/academic cutoff specified | No graduation batch restrictions specified | Requires 10.0+ years of prior work experience (Strict Fresher filter enabled),Greenhouse
d66e38969f4402f6,2026-08-19,Datadog,"Area Vice President, Sales Engineering","Boston, Massachusetts, USA; Denver, Colorado, USA; New York, New York, USA; San Francisco, California, USA",0.0,,NEW,https://careers.datadoghq.com/detail/7762722?gh_jid=7762722,,,Academic aggregate ~88.5% meets 50.0% cutoff | No graduation batch restrictions specified | Requires 10.0+ years of prior work experience (Strict Fresher filter enabled),Greenhouse
1f83079e21f24625,2026-08-19,Datadog,Associate Field Marketing Manager (US East and Canada),"New York, New York, USA",0.0,,NEW,https://careers.datadoghq.com/detail/8097690?gh_jid=8097690,,,Academic aggregate ~88.5% meets 50.0% cutoff | No graduation batch restrictions specified | Requires 5.0+ years of prior work experience (Strict Fresher filter enabled),Greenhouse
39718030ba423699,2026-08-19,Datadog,Associate Growth Marketing Manager,"New York, New York, USA; San Francisco, California, USA",0.0,,NEW,https://careers.datadoghq.com/detail/8059723?gh_jid=8059723,,,No explicit CGPA/academic cutoff specified | No graduation batch restrictions specified | Requires 5.0+ years of prior work experience (Strict Fresher filter enabled),Greenhouse
24fe953162c0f5df,2026-08-19,Datadog,Commercial Account Executive,"Bangalore, India",0.0,,NEW,https://careers.datadoghq.com/detail/6512321?gh_jid=6512321,,,No explicit CGPA/academic cutoff specified | No graduation batch restrictions specified | Requires 5.0+ years of prior work experience (Strict Fresher filter enabled),Greenhouse
7dcffe54583760b5,2026-08-19,Datadog,Commercial Account Executive - Boston,"Boston, Massachusetts, USA",0.0,,NEW,https://careers.datadoghq.com/detail/1497543?gh_jid=1497543,,,No explicit CGPA/academic cutoff specified | No graduation batch restrictions specified | Requires 5.0+ years of prior work experience (Strict Fresher filter enabled),Greenhouse
d504611f88e6a486,2026-08-19,Datadog,Commercial Account Executive (DACH),"Amsterdam, The Netherlands; Dublin, Ireland",0.0,,NEW,https://careers.datadoghq.com/detail/5283132?gh_jid=5283132,,,No explicit CGPA/academic cutoff specified | No graduation batch restrictions specified | Requires 5.0+ years of prior work experience (Strict Fresher filter enabled),Greenhouse
94447140e25434b4,2026-08-19,Datadog,Commercial Account Executive (France),"Amsterdam, The Netherlands; Dublin, Ireland",0.0,,NEW,https://careers.datadoghq.com/detail/7824375?gh_jid=7824375,,,No explicit CGPA/academic cutoff specified | No graduation batch restrictions specified | Requires 5.0+ years of prior work experience (Strict Fresher filter enabled),Greenhouse
386f5c9ebf009a8a,2026-08-19,Datadog,Commercial Account Executive (Hong Kong Market),"Singapore, Singapore",0.0,,NEW,https://careers.datadoghq.com/detail/7919037?gh_jid=7919037,,,No explicit CGPA/academic cutoff specified | No graduation batch restrictions specified | Requires 5.0+ years of prior work experience (Strict Fresher filter enabled),Greenhouse
4710f87bd4663463,2026-08-19,Datadog,Commercial Account Executive (Indonesia Market),"Singapore, Singapore",0.0,,NEW,https://careers.datadoghq.com/detail/7463727?gh_jid=7463727,,,No explicit CGPA/academic cutoff specified | No graduation batch restrictions specified | Requires 5.0+ years of prior work experience (Strict Fresher filter enabled),Greenhouse
cd27eed3041b6cb5,2026-08-19,Datadog,Commercial Account Executive - Israel,"Tel Aviv, Israel",0.0,,NEW,https://careers.datadoghq.com/detail/8025860?gh_jid=8025860,,,No explicit CGPA/academic cutoff specified | No graduation batch restrictions specified | Requires 5.0+ years of prior work experience (Strict Fresher filter enabled),Greenhouse
6676a002c27c743b,2026-08-19,Datadog,Commercial Account Executive - LATAM (Portuguese Speaking) - Denver,"Denver, Colorado, USA",0.0,,NEW,https://careers.datadoghq.com/detail/7858788?gh_jid=7858788,,,No explicit CGPA/academic cutoff specified | No graduation batch restrictions specified | Requires 5.0+ years of prior work experience (Strict Fresher filter enabled),Greenhouse
f0060008b24b4622,2026-08-19,Datadog,Commercial Account Executive - LATAM (Spanish Speaking) - Boston,"Boston, Massachusetts, USA",0.0,,NEW,https://careers.datadoghq.com/detail/7329207?gh_jid=7329207,,,No explicit CGPA/academic cutoff specified | No graduation batch restrictions specified | Requires 5.0+ years of prior work experience (Strict Fresher filter enabled),Greenhouse
258f5da52e7d56fa,2026-08-19,Datadog,Commercial Account Executive (Portugal),"Amsterdam, The Netherlands; Dublin, Ireland",0.0,,NEW,https://careers.datadoghq.com/detail/8078805?gh_jid=8078805,,,No explicit CGPA/academic cutoff specified | No graduation batch restrictions specified | Requires 5.0+ years of prior work experience (Strict Fresher filter enabled),Greenhouse
7027b07e3ed74389,2026-08-19,Datadog,Commercial Account Executive - Sao Paulo (Portuguese Speaking),"Sao Paulo, Brazil",0.0,,NEW,https://careers.datadoghq.com/detail/7792997?gh_jid=7792997,,,No explicit CGPA/academic cutoff specified | No graduation batch restrictions specified | Requires 5.0+ years of prior work experience (Strict Fresher filter enabled),Greenhouse
6b495146e0042fd9,2026-08-19,Datadog,Commercial Account Executive (Saudi Arabia),"Riyadh, Saudi Arabia",0.0,,NEW,https://careers.datadoghq.com/detail/7576831?gh_jid=7576831,,,No explicit CGPA/academic cutoff specified | No graduation batch restrictions specified | Requires 5.0+ years of prior work experience (Strict Fresher filter enabled),Greenhouse
6d3774ad92f3b512,2026-08-19,Datadog,Commercial Account Executive (Spanish Speaking) - Mexico City,"Mexico City, Mexico",0.0,,NEW,https://careers.datadoghq.com/detail/8022193?gh_jid=8022193,,,No explicit CGPA/academic cutoff specified | No graduation batch restrictions specified | Requires 5.0+ years of prior work experience (Strict Fresher filter enabled),Greenhouse
df40e2603f3d38dc,2026-08-19,Datadog,Commercial Account Executive UKI/Nordics,"Dublin, Ireland",0.0,,NEW,https://careers.datadoghq.com/detail/6427176?gh_jid=6427176,,,No explicit CGPA/academic cutoff specified | No graduation batch restrictions specified | Requires 5.0+ years of prior work experience (Strict Fresher filter enabled),Greenhouse
b16797b24298938f,2026-08-19,Datadog,Commercial Customer Success Manager (DACH; German-Speaking),"Dublin, Ireland",0.0,,NEW,https://careers.datadoghq.com/detail/7180265?gh_jid=7180265,,,No explicit CGPA/academic cutoff specified | No graduation batch restrictions specified | Requires 5.0+ years of prior work experience (Strict Fresher filter enabled),Greenhouse
f183792f550394ee,2026-08-19,Datadog,Commercial & Mid-Market Sales Engineer,"Tokyo, Japan",0.0,,NEW,https://careers.datadoghq.com/detail/8138342?gh_jid=8138342,,,No explicit CGPA/academic cutoff specified | No graduation batch restrictions specified | Requires 5.0+ years of prior work experience (Strict Fresher filter enabled),Greenhouse
3c0a65ff6eedd37b,2026-08-19,Datadog,Commercial Sales Engineer 2 (AMER - West),"Denver, Colorado, USA",0.0,,NEW,https://careers.datadoghq.com/detail/8053714?gh_jid=8053714,,,No explicit CGPA/academic cutoff specified | No graduation batch restrictions specified | Requires 5.0+ years of prior work experience (Strict Fresher filter enabled),Greenhouse
3135cb2ad8dc7c9e,2026-08-19,Datadog,Commercial Sales Engineer 2 (Sao Paulo),"Sao Paulo, Brazil",0.0,,NEW,https://careers.datadoghq.com/detail/8080601?gh_jid=8080601,,,No explicit CGPA/academic cutoff specified | No graduation batch restrictions specified | Requires 5.0+ years of prior work experience (Strict Fresher filter enabled),Greenhouse
a4bdb0c1aebc4e93,2026-08-19,Datadog,Commercial Sales Engineer (AMER - West),"Denver, Colorado, USA",0.0,,NEW,https://careers.datadoghq.com/detail/7683226?gh_jid=7683226,,,No explicit CGPA/academic cutoff specified | No graduation batch restrictions specified | Requires 5.0+ years of prior work experience (Strict Fresher filter enabled),Greenhouse
6d3c4f270fa1e412,2026-08-19,Datadog,Commercial Sales Engineer - Amsterdam,"Amsterdam, The Netherlands",0.0,,NEW,https://careers.datadoghq.com/detail/8074211?gh_jid=8074211,,,No explicit CGPA/academic cutoff specified | No graduation batch restrictions specified | Requires 5.0+ years of prior work experience (Strict Fresher filter enabled),Greenhouse
6e3699d80b927940,2026-08-19,Datadog,Commercial Sales Engineer - Boston,"Boston, Massachusetts, USA",0.0,,NEW,https://careers.datadoghq.com/detail/7452669?gh_jid=7452669,,,No explicit CGPA/academic cutoff specified | No graduation batch restrictions specified | Requires 5.0+ years of prior work experience (Strict Fresher filter enabled),Greenhouse
0b42f2ecc6487f1c,2026-08-19,Datadog,Commercial Sales Engineer - Dublin,"Dublin, Ireland",0.0,,NEW,https://careers.datadoghq.com/detail/8055109?gh_jid=8055109,,,No explicit CGPA/academic cutoff specified | No graduation batch restrictions specified | Requires 5.0+ years of prior work experience (Strict Fresher filter enabled),Greenhouse
0c6cac01d6fa10ad,2026-08-19,Datadog,Commercial Sales Engineer (Spanish-Speaking),"Amsterdam, The Netherlands; Dublin, Ireland",0.0,,NEW,https://careers.datadoghq.com/detail/8080628?gh_jid=8080628,,,No explicit CGPA/academic cutoff specified | No graduation batch restrictions specified | Requires 5.0+ years of prior work experience (Strict Fresher filter enabled),Greenhouse
3112c20d1f03beb8,2026-08-19,Datadog,Commercial Sales Engineer (Tel Aviv),"Tel Aviv, Israel",0.0,,NEW,https://careers.datadoghq.com/detail/8092637?gh_jid=8092637,,,No explicit CGPA/academic cutoff specified | No graduation batch restrictions specified | Requires 5.0+ years of prior work experience (Strict Fresher filter enabled),Greenhouse
c22500f9086d6aea,2026-08-19,Datadog,"Coordinator, Business Recruiting - Contract","Boston, Massachusetts, USA; New York, New York, USA",0.0,,NEW,https://careers.datadoghq.com/detail/7950433?gh_jid=7950433,,,No explicit CGPA/academic cutoff specified | No graduation batch restrictions specified | Requires 5.0+ years of prior work experience (Strict Fresher filter enabled),Greenhouse
711ad0ad351f8e63,2026-08-19,Datadog,"Coordinator, Emerging Talent Recruiting","Paris, France",0.0,,NEW,https://careers.datadoghq.com/detail/8119837?gh_jid=8119837,,,No explicit CGPA/academic cutoff specified | No graduation batch restrictions specified | Requires 5.0+ years of prior work experience (Strict Fresher filter enabled),Greenhouse
52d9f8f9b9dde4d5,2026-08-19,Datadog,Country Manager,"Tokyo, Japan",0.0,,NEW,https://careers.datadoghq.com/detail/7975747?gh_jid=7975747,,,No explicit CGPA/academic cutoff specified | No graduation batch restrictions specified | Requires 5.0+ years of prior work experience (Strict Fresher filter enabled),Greenhouse
05bf4bde53d6aceb,2026-08-19,Datadog,Customer Marketing Manager,"New York, New York, USA; San Francisco, California, USA",0.0,,NEW,https://careers.datadoghq.com/detail/7967202?gh_jid=7967202,,,No explicit CGPA/academic cutoff specified | No graduation batch restrictions specified | Requires 5.0+ years of prior work experience (Strict Fresher filter enabled),Greenhouse
37e999190e054623,2026-08-19,Datadog,Customer Success Associate,"Seoul, South Korea",0.0,,NEW,https://careers.datadoghq.com/detail/8012339?gh_jid=8012339,,,No explicit CGPA/academic cutoff specified | No graduation batch restrictions specified | Requires 5.0+ years of prior work experience (Strict Fresher filter enabled),Greenhouse
83db17f44d9a1e72,2026-08-19,Datadog,Customer Success Associate - Boston,"Boston, Massachusetts, USA",0.0,,NEW,https://careers.datadoghq.com/detail/7172466?gh_jid=7172466,,,No explicit CGPA/academic cutoff specified | No graduation batch restrictions specified | Requires 5.0+ years of prior work experience (Strict Fresher filter enabled),Greenhouse
060c560af8e543c7,2026-08-19,Datadog,Customer Success Associate - Commercial Accounts,"Sydney, Australia",0.0,,NEW,https://careers.datadoghq.com/detail/7548129?gh_jid=7548129,,,No explicit CGPA/academic cutoff specified | No graduation batch restrictions specified | Requires 5.0+ years of prior work experience (Strict Fresher filter enabled),Greenhouse
7125a8e20fc27481,2026-08-19,Datadog,Customer Success Associate - Denver,"Denver, Colorado, USA",0.0,,NEW,https://careers.datadoghq.com/detail/7228240?gh_jid=7228240,,,No explicit CGPA/academic cutoff specified | No graduation batch restrictions specified | Requires 5.0+ years of prior work experience (Strict Fresher filter enabled),Greenhouse
0597292c1c79448c,2026-08-19,Datadog,Customer Success Manager - Boston,"Boston, Massachusetts, USA",0.0,,NEW,https://careers.datadoghq.com/detail/7128703?gh_jid=7128703,,,No explicit CGPA/academic cutoff specified | No graduation batch restrictions specified | Requires 5.0+ years of prior work experience (Strict Fresher filter enabled),Greenhouse
dba8a6ed7709e150,2026-08-19,Datadog,Customer Success Manager - Denver,"Denver, Colorado, USA",0.0,,NEW,https://careers.datadoghq.com/detail/7232590?gh_jid=7232590,,,No explicit CGPA/academic cutoff specified | No graduation batch restrictions specified | Requires 5.0+ years of prior work experience (Strict Fresher filter enabled),Greenhouse
ef7b8bca748f44ad,2026-08-19,Datadog,Datadog for Startups - Forward Deployed Engineering Lead,"San Francisco, California, USA",0.0,,NEW,https://careers.datadoghq.com/detail/8003181?gh_jid=8003181,,,No explicit CGPA/academic cutoff specified | No graduation batch restrictions specified | Role title 'Datadog for Startups - Forward Deployed Engineering Lead' is a senior/experienced role,Greenhouse
96a190382508fc71,2026-08-19,Datadog,Datadog for Startups Founding Engineering Lead,"San Francisco, California, USA",0.0,,NEW,https://careers.datadoghq.com/detail/7536402?gh_jid=7536402,,,No explicit CGPA/academic cutoff specified | No graduation batch restrictions specified | Role title 'Datadog for Startups Founding Engineering Lead' is a senior/experienced role,Greenhouse
b155225ed5b4fd30,2026-08-19,Datadog,Deal Desk Analyst - Boston,"Boston, Massachusetts, USA",0.0,,NEW,https://careers.datadoghq.com/detail/8029969?gh_jid=8029969,,,No explicit CGPA/academic cutoff specified | No graduation batch restrictions specified | Requires 5.0+ years of prior work experience (Strict Fresher filter enabled),Greenhouse
0774569a36e612df,2026-08-19,Datadog,Deal Desk Analyst - Dublin,"Dublin, Ireland",0.0,,NEW,https://careers.datadoghq.com/detail/7982644?gh_jid=7982644,,,No explicit CGPA/academic cutoff specified | No graduation batch restrictions specified | Requires 5.0+ years of prior work experience (Strict Fresher filter enabled),Greenhouse
67401a450527c06e,2026-08-19,Datadog,Deal Desk Analyst - NYC,"New York, New York, USA",0.0,,NEW,https://careers.datadoghq.com/detail/7993638?gh_jid=7993638,,,No explicit CGPA/academic cutoff specified | No graduation batch restrictions specified | Requires 5.0+ years of prior work experience (Strict Fresher filter enabled),Greenhouse
d61389930ec6249b,2026-08-19,Datadog,Deal Desk Analyst - US West,"Denver, Colorado, USA; San Francisco, California, USA",0.0,,NEW,https://careers.datadoghq.com/detail/8003080?gh_jid=8003080,,,No explicit CGPA/academic cutoff specified | No graduation batch restrictions specified | Requires 5.0+ years of prior work experience (Strict Fresher filter enabled),Greenhouse
ef05ffa38d11c939,2026-08-19,Datadog,Developer Advocate - Service Management,Remote,0.0,,NEW,https://careers.datadoghq.com/detail/8139662?gh_jid=8139662,,,No explicit CGPA/academic cutoff specified | No graduation batch restrictions specified | Requires 5.0+ years of prior work experience (Strict Fresher filter enabled),Greenhouse
7577228b1074e649,2026-08-19,Datadog,"Director, Commercial Sales","Tokyo, Japan",0.0,,NEW,https://careers.datadoghq.com/detail/8059382?gh_jid=8059382,,,"No explicit CGPA/academic cutoff specified | No graduation batch restrictions specified | Role title 'Director, Commercial Sales' is a senior/experienced role",Greenhouse
3cdb9c44f1a40e36,2026-08-19,Datadog,"Director, Engineering - Cloud Observability","Boston, Massachusetts, USA; New York, New York, USA",0.0,,NEW,https://careers.datadoghq.com/detail/8069508?gh_jid=8069508,,,"No explicit CGPA/academic cutoff specified | No graduation batch restrictions specified | Role title 'Director, Engineering - Cloud Observability' is a senior/experienced role",Greenhouse
c42b9c35735e0796,2026-08-19,Datadog,"Director, Engineering - Detection Platform ","New York, New York, USA",0.0,,NEW,https://careers.datadoghq.com/detail/8026520?gh_jid=8026520,,,"No explicit CGPA/academic cutoff specified | No graduation batch restrictions specified | Role title 'Director, Engineering - Detection Platform' is a senior/experienced role",Greenhouse
b4117bd568af6800,2026-08-19,Datadog,"Director, Engineering - Digital Experience Monitoring","Paris, France",0.0,,NEW,https://careers.datadoghq.com/detail/8050591?gh_jid=8050591,,,"No explicit CGPA/academic cutoff specified | No graduation batch restrictions specified | Role title 'Director, Engineering - Digital Experience Monitoring' is a senior/experienced role",Greenhouse
69acaafaf058407e,2026-08-19,Datadog,"Director, Enterprise Sales",Remote,0.0,,NEW,https://careers.datadoghq.com/detail/7773320?gh_jid=7773320,,,"No explicit CGPA/academic cutoff specified | No graduation batch restrictions specified | Role title 'Director, Enterprise Sales' is a senior/experienced role",Greenhouse
bd76d3db696a74c7,2026-08-19,Datadog,"Director, Enterprise Sales Engineering - US Central",Remote,0.0,,NEW,https://careers.datadoghq.com/detail/8136510?gh_jid=8136510,,,"No explicit CGPA/academic cutoff specified | No graduation batch restrictions specified | Role title 'Director, Enterprise Sales Engineering - US Central' is a senior/experienced role",Greenhouse
5007d2e750c466e2,2026-08-19,Datadog,"Director, Enterprise Sales Engineering - US East","Boston, Massachusetts, USA; New York, New York, USA",0.0,,NEW,https://careers.datadoghq.com/detail/8136512?gh_jid=8136512,,,"No explicit CGPA/academic cutoff specified | No graduation batch restrictions specified | Role title 'Director, Enterprise Sales Engineering - US East' is a senior/experienced role",Greenhouse
c9e23c2c060ad0ba,2026-08-19,Datadog,"Director, GTM Enablement Operations","New York, New York, USA",0.0,,NEW,https://careers.datadoghq.com/detail/8137579?gh_jid=8137579,,,"No explicit CGPA/academic cutoff specified | No graduation batch restrictions specified | Role title 'Director, GTM Enablement Operations' is a senior/experienced role",Greenhouse
4e9ebcb8a6e1dea4,2026-08-19,Datadog,"Director, Product Management - AI Observability","New York, New York, USA",0.0,,NEW,https://careers.datadoghq.com/detail/7798672?gh_jid=7798672,,,"No explicit CGPA/academic cutoff specified | No graduation batch restrictions specified | Role title 'Director, Product Management - AI Observability' is a senior/experienced role",Greenhouse
d68f93b16d28ce32,2026-08-19,Datadog,"Director, Product Management - Cloud Security and Shared Capabilities","Paris, France",0.0,,NEW,https://careers.datadoghq.com/detail/8030324?gh_jid=8030324,,,"No explicit CGPA/academic cutoff specified | No graduation batch restrictions specified | Role title 'Director, Product Management - Cloud Security and Shared Capabilities' is a senior/experienced role",Greenhouse
9d5dae8e9d85a09d,2026-08-19,Datadog,"Director, Product Management - Core Platforms","New York, New York, USA",0.0,,NEW,https://careers.datadoghq.com/detail/7583609?gh_jid=7583609,,,"No explicit CGPA/academic cutoff specified | No graduation batch restrictions specified | Role title 'Director, Product Management - Core Platforms' is a senior/experienced role",Greenhouse
e6cc6a11ddb3de87,2026-08-19,Datadog,"Director, Security Channels (North America)",Remote,0.0,,NEW,https://careers.datadoghq.com/detail/7984985?gh_jid=7984985,,,"No explicit CGPA/academic cutoff specified | No graduation batch restrictions specified | Role title 'Director, Security Channels (North America)' is a senior/experienced role",Greenhouse
c704ad98dd995dc0,2026-08-19,Datadog,"Director, Technical Account Management ","Dublin, Ireland; London, United Kingdom; Paris, France",0.0,,NEW,https://careers.datadoghq.com/detail/7658810?gh_jid=7658810,,,"Academic aggregate ~88.5% meets 50.0% cutoff | No graduation batch restrictions specified | Role title 'Director, Technical Account Management' is a senior/experienced role",Greenhouse
daac6acd453120f8,2026-08-19,Datadog,"Director, Technical Program Management - Technical Solutions Operations","Boston, Massachusetts, USA; New York, New York, USA; San Francisco, California, USA",0.0,,NEW,https://careers.datadoghq.com/detail/8010585?gh_jid=8010585,,,"No explicit CGPA/academic cutoff specified | No graduation batch restrictions specified | Role title 'Director, Technical Program Management - Technical Solutions Operations' is a senior/experienced role",Greenhouse
ca728be4bd0995b2,2026-08-19,Datadog,"Director, Technical Support Engineering","Mexico City, Mexico; Sao Paulo, Brazil",0.0,,NEW,https://careers.datadoghq.com/detail/7707345?gh_jid=7707345,,,"No explicit CGPA/academic cutoff specified | No graduation batch restrictions specified | Role title 'Director, Technical Support Engineering' is a senior/experienced role",Greenhouse
5a8061eef0b40b4b,2026-08-19,Datadog,"Distinguished Architect, AI","New York, New York, USA; San Francisco, California, USA",0.0,,NEW,https://careers.datadoghq.com/detail/7966795?gh_jid=7966795,,,"Academic aggregate ~88.5% meets 50.0% cutoff | No graduation batch restrictions specified | Role title 'Distinguished Architect, AI' is a senior/experienced role",Greenhouse
d211aa4c63a465dc,2026-08-19,Datadog,"Emerging Talent Recruiter, Engineering","Paris, France",0.0,,NEW,https://careers.datadoghq.com/detail/8104969?gh_jid=8104969,,,No explicit CGPA/academic cutoff specified | No graduation batch restrictions specified | Requires 5.0+ years of prior work experience (Strict Fresher filter enabled),Greenhouse
910e2d157c74a08f,2026-08-19,Datadog,Employment Counsel - AMER,"New York, New York, USA",0.0,,NEW,https://careers.datadoghq.com/detail/8075664?gh_jid=8075664,,,No explicit CGPA/academic cutoff specified | No graduation batch restrictions specified | Requires 5.0+ years of prior work experience (Strict Fresher filter enabled),Greenhouse
a53863783d8ea584,2026-08-19,Datadog,Engineering Compensation Partner,"Boston, Massachusetts, USA; New York, New York, USA",0.0,,NEW,https://careers.datadoghq.com/detail/8051616?gh_jid=8051616,,,No explicit CGPA/academic cutoff specified | No graduation batch restrictions specified | Requires 5.0+ years of prior work experience (Strict Fresher filter enabled),Greenhouse
0e3e67c89ff6075f,2026-08-19,Datadog,"Engineering Manager I, Commercial Audit","New York, New York, USA",0.0,,NEW,https://careers.datadoghq.com/detail/8098939?gh_jid=8098939,,,"No explicit CGPA/academic cutoff specified | No graduation batch restrictions specified | Role title 'Engineering Manager I, Commercial Audit' is a senior/experienced role",Greenhouse
49b60715715e5f67,2026-08-19,Datadog,"Engineering Manager I, Threat Detection","New York, New York, USA",0.0,,NEW,https://careers.datadoghq.com/detail/7958663?gh_jid=7958663,,,"No explicit CGPA/academic cutoff specified | No graduation batch restrictions specified | Role title 'Engineering Manager I, Threat Detection' is a senior/experienced role",Greenhouse
4bf988a4e0e4ac46,2026-08-19,Datadog,Enterprise Account Executive - Denmark,"Copenhagen, Denmark",0.0,,NEW,https://careers.datadoghq.com/detail/6677658?gh_jid=6677658,,,No explicit CGPA/academic cutoff specified | No graduation batch restrictions specified | Requires 5.0+ years of prior work experience (Strict Fresher filter enabled),Greenhouse
2ecd8fb9870f9e1a,2026-08-19,Datadog,Enterprise Account Executive - UKI,"London, United Kingdom",0.0,,NEW,https://careers.datadoghq.com/detail/6836442?gh_jid=6836442,,,No explicit CGPA/academic cutoff specified | No graduation batch restrictions specified | Requires 5.0+ years of prior work experience (Strict Fresher filter enabled),Greenhouse
3d201165bca6d240,2026-08-19,Datadog,Enterprise Account Executive (UKI) - Public Sector,"London, United Kingdom",0.0,,NEW,https://careers.datadoghq.com/detail/7599334?gh_jid=7599334,,,No explicit CGPA/academic cutoff specified | No graduation batch restrictions specified | Requires 5.0+ years of prior work experience (Strict Fresher filter enabled),Greenhouse
6bbbad255524cb89,2026-08-19,Datadog,Enterprise Customer Success Manager,"Singapore, Singapore",0.0,,NEW,https://careers.datadoghq.com/detail/7794029?gh_jid=7794029,,,No explicit CGPA/academic cutoff specified | No graduation batch restrictions specified | Requires 5.0+ years of prior work experience (Strict Fresher filter enabled),Greenhouse
9070067b5e0f90b2,2026-08-19,Datadog,Enterprise Customer Success Manager (German Speaking),"Dublin, Ireland",0.0,,NEW,https://careers.datadoghq.com/detail/8035351?gh_jid=8035351,,,No explicit CGPA/academic cutoff specified | No graduation batch restrictions specified | Requires 5.0+ years of prior work experience (Strict Fresher filter enabled),Greenhouse
e31da9fe507610fc,2026-08-19,Datadog,Enterprise IT Support Technician I,"Paris, France",0.0,,NEW,https://careers.datadoghq.com/detail/8035671?gh_jid=8035671,,,No explicit CGPA/academic cutoff specified | No graduation batch restrictions specified | Requires 5.0+ years of prior work experience (Strict Fresher filter enabled),Greenhouse
9dcb6fb7c7958a37,2026-08-19,Datadog,Enterprise Sales Engineer,"Brisbane, Australia",0.0,,NEW,https://careers.datadoghq.com/detail/7721005?gh_jid=7721005,,,No explicit CGPA/academic cutoff specified | No graduation batch restrictions specified | Requires 5.0+ years of prior work experience (Strict Fresher filter enabled),Greenhouse
9aa24460a1a6e1ff,2026-08-19,Datadog,Enterprise Sales Engineer (Bahasa Indonesia Speaking),"Jakarta, Indonesia",0.0,,NEW,https://careers.datadoghq.com/detail/6831903?gh_jid=6831903,,,No explicit CGPA/academic cutoff specified | No graduation batch restrictions specified | Requires 5.0+ years of prior work experience (Strict Fresher filter enabled),Greenhouse
86ff6a0bd438e040,2026-08-19,Datadog,Enterprise Sales Engineer - Brazil,"Sao Paulo, Brazil",0.0,,NEW,https://careers.datadoghq.com/detail/7255532?gh_jid=7255532,,,No explicit CGPA/academic cutoff specified | No graduation batch restrictions specified | Requires 5.0+ years of prior work experience (Strict Fresher filter enabled),Greenhouse
e20a296fce07c13e,2026-08-19,Datadog,Enterprise Sales Engineer - Nordics,"Copenhagen, Denmark; Stockholm, Sweden",0.0,,NEW,https://careers.datadoghq.com/detail/7101976?gh_jid=7101976,,,No explicit CGPA/academic cutoff specified | No graduation batch restrictions specified | Requires 5.0+ years of prior work experience (Strict Fresher filter enabled),Greenhouse
4de6cbe3f284e63c,2026-08-19,Datadog,Enterprise Sales Engineer - Paris,"Paris, France",0.0,,NEW,https://careers.datadoghq.com/detail/7661700?gh_jid=7661700,,,No explicit CGPA/academic cutoff specified | No graduation batch restrictions specified | Requires 5.0+ years of prior work experience (Strict Fresher filter enabled),Greenhouse
c88dad8128dc63a6,2026-08-19,Datadog,Enterprise Sales Engineer - Rockies,Remote,0.0,,NEW,https://careers.datadoghq.com/detail/7857714?gh_jid=7857714,,,No explicit CGPA/academic cutoff specified | No graduation batch restrictions specified | Requires 5.0+ years of prior work experience (Strict Fresher filter enabled),Greenhouse
eb8862c7115bfa85,2026-08-19,Datadog,Enterprise Sales Engineer - UK,Remote,0.0,,NEW,https://careers.datadoghq.com/detail/7487353?gh_jid=7487353,,,No explicit CGPA/academic cutoff specified | No graduation batch restrictions specified | Requires 5.0+ years of prior work experience (Strict Fresher filter enabled),Greenhouse
d04d7b6d995037e9,2026-08-19,Datadog,Enterprise Sales Executive,"Montreal, Canada; Quebec City, Quebec, Canada",0.0,,NEW,https://careers.datadoghq.com/detail/4828332?gh_jid=4828332,,,No explicit CGPA/academic cutoff specified | No graduation batch restrictions specified | Requires 5.0+ years of prior work experience (Strict Fresher filter enabled),Greenhouse
5c91c69368964a53,2026-08-19,Datadog,Enterprise Sales Executive (Benelux),"Amsterdam, The Netherlands",0.0,,NEW,https://careers.datadoghq.com/detail/6185452?gh_jid=6185452,,,No explicit CGPA/academic cutoff specified | No graduation batch restrictions specified | Requires 5.0+ years of prior work experience (Strict Fresher filter enabled),Greenhouse
617b60c02017affd,2026-08-19,Datadog,Enterprise Sales Executive (FED),"Washington, District of Columbia, USA",0.0,,NEW,https://careers.datadoghq.com/detail/7426680?gh_jid=7426680,,,Academic aggregate ~88.5% meets 70.0% cutoff | No graduation batch restrictions specified | Requires 5.0+ years of prior work experience (Strict Fresher filter enabled),Greenhouse
57bb36c3c0a461e9,2026-08-19,Datadog,Enterprise Sales Executive (SLED),"San Francisco, California, USA",0.0,,NEW,https://careers.datadoghq.com/detail/7426752?gh_jid=7426752,,,No explicit CGPA/academic cutoff specified | No graduation batch restrictions specified | Requires 5.0+ years of prior work experience (Strict Fresher filter enabled),Greenhouse
8b95261e5872a0b1,2026-08-19,Datadog,Enterprise Sales Executive (Sweden) ,"Stockholm, Sweden",0.0,,NEW,https://careers.datadoghq.com/detail/5925905?gh_jid=5925905,,,No explicit CGPA/academic cutoff specified | No graduation batch restrictions specified | Requires 5.0+ years of prior work experience (Strict Fresher filter enabled),Greenhouse
091967189f9a86f6,2026-08-19,Datadog,Enterprise Sales Executive (Vietnam Market),"Singapore, Singapore",0.0,,NEW,https://careers.datadoghq.com/detail/7590670?gh_jid=7590670,,,No explicit CGPA/academic cutoff specified | No graduation batch restrictions specified | Requires 5.0+ years of prior work experience (Strict Fresher filter enabled),Greenhouse
a0fe4d9fb12d36f2,2026-08-19,Datadog,Enterprise Security Sales Specialist,"New York, New York, USA",0.0,,NEW,https://careers.datadoghq.com/detail/7129425?gh_jid=7129425,,,No explicit CGPA/academic cutoff specified | No graduation batch restrictions specified | Requires 5.0+ years of prior work experience (Strict Fresher filter enabled),Greenhouse
bfe8ee0d7a878f3b,2026-08-19,Datadog,Executive Assistant II - Paris,"Paris, France",0.0,,NEW,https://careers.datadoghq.com/detail/8096323?gh_jid=8096323,,,No explicit CGPA/academic cutoff specified | No graduation batch restrictions specified | Requires 5.0+ years of prior work experience (Strict Fresher filter enabled),Greenhouse
1a9d0bc2cc81fb03,2026-08-19,Datadog,Federal Support Engineer 3,"Denver, Colorado, USA",0.0,,NEW,https://careers.datadoghq.com/detail/7997846?gh_jid=7997846,,,No explicit CGPA/academic cutoff specified | No graduation batch restrictions specified | Requires 5.0+ years of prior work experience (Strict Fresher filter enabled),Greenhouse
dcabed0f4c03ada4,2026-08-19,Datadog,Field CTO (Japan),"Tokyo, Japan",0.0,,NEW,https://careers.datadoghq.com/detail/7703553?gh_jid=7703553,,,No explicit CGPA/academic cutoff specified | No graduation batch restrictions specified | Requires 5.0+ years of prior work experience (Strict Fresher filter enabled),Greenhouse
58fdd3e01c739713,2026-08-19,Datadog,Field Marketing Manager,"Bangalore, India",0.0,,NEW,https://careers.datadoghq.com/detail/8003073?gh_jid=8003073,,,No explicit CGPA/academic cutoff specified | No graduation batch restrictions specified | Requires 5.0+ years of prior work experience (Strict Fresher filter enabled),Greenhouse
ddd946b9c77cd3a6,2026-08-19,Datadog,Field Marketing Manager (APJ),"Singapore, Singapore",0.0,,NEW,https://careers.datadoghq.com/detail/8081919?gh_jid=8081919,,,Academic aggregate ~88.5% meets 50.0% cutoff | No graduation batch restrictions specified | Requires 8.0+ years of prior work experience (Strict Fresher filter enabled),Greenhouse
e69065e47581a56d,2026-08-19,Datadog,Field Marketing Manager (North Central),"San Francisco, California, USA",0.0,,NEW,https://careers.datadoghq.com/detail/8122915?gh_jid=8122915,,,No explicit CGPA/academic cutoff specified | No graduation batch restrictions specified | Requires 5.0+ years of prior work experience (Strict Fresher filter enabled),Greenhouse
d2bc224cf6812786,2026-08-19,Datadog,Field Marketing Manager (UKI),"London, United Kingdom",0.0,,NEW,https://careers.datadoghq.com/detail/8114585?gh_jid=8114585,,,Academic aggregate ~88.5% meets 50.0% cutoff | No graduation batch restrictions specified | Requires 5.0+ years of prior work experience (Strict Fresher filter enabled),Greenhouse
04a16e8bd6ee64da,2026-08-19,Datadog,FP&A Analyst - Data Insights,"New York, New York, USA",0.0,,NEW,https://careers.datadoghq.com/detail/7964916?gh_jid=7964916,,,No explicit CGPA/academic cutoff specified | No graduation batch restrictions specified | Requires 5.0+ years of prior work experience (Strict Fresher filter enabled),Greenhouse
b0b59461acadeaeb,2026-08-19,Datadog,Group Product Manager - Bring Your Own Cloud,"New York, New York, USA",0.0,,NEW,https://careers.datadoghq.com/detail/8024863?gh_jid=8024863,,,No explicit CGPA/academic cutoff specified | No graduation batch restrictions specified | Requires 7.0+ years of prior work experience (Strict Fresher filter enabled),Greenhouse
e4e92babc3a3e25e,2026-08-19,Datadog,"Group Product Manager, Cloud Security","New York, New York, USA",0.0,,NEW,https://careers.datadoghq.com/detail/8029539?gh_jid=8029539,,,No explicit CGPA/academic cutoff specified | No graduation batch restrictions specified | Requires 5.0+ years of prior work experience (Strict Fresher filter enabled),Greenhouse
4f0c8d0bb3502baf,2026-08-19,Datadog,Group Product Manager - Code Security,"New York, New York, USA",0.0,,NEW,https://careers.datadoghq.com/detail/8023763?gh_jid=8023763,,,No explicit CGPA/academic cutoff specified | No graduation batch restrictions specified | Requires 5.0+ years of prior work experience (Strict Fresher filter enabled),Greenhouse
ddb0e56ce152417e,2026-08-19,Datadog,GTM Operations Associate,"New York, New York, USA",0.0,,NEW,https://careers.datadoghq.com/detail/8049521?gh_jid=8049521,,,No explicit CGPA/academic cutoff specified | No graduation batch restrictions specified | Requires 5.0+ years of prior work experience (Strict Fresher filter enabled),Greenhouse
bb1265b0c6331b26,2026-08-19,Datadog,GTM Strategy and Operations Associate,"New York, New York, USA",0.0,,NEW,https://careers.datadoghq.com/detail/7843331?gh_jid=7843331,,,No explicit CGPA/academic cutoff specified | No graduation batch restrictions specified | Requires 5.0+ years of prior work experience (Strict Fresher filter enabled),Greenhouse
f6463cea3da53cd7,2026-08-19,Datadog,"Head of Enterprise Sales, Japan","Tokyo, Japan",0.0,,NEW,https://careers.datadoghq.com/detail/7729887?gh_jid=7729887,,,No explicit CGPA/academic cutoff specified | No graduation batch restrictions specified | Requires 10.0+ years of prior work experience (Strict Fresher filter enabled),Greenhouse
dac354629ecdd608,2026-08-19,Datadog,"Head of Executive Search, Business Recruiting","Boston, Massachusetts, USA; Denver, Colorado, USA; New York, New York, USA; San Francisco, California, USA",0.0,,NEW,https://careers.datadoghq.com/detail/7961311?gh_jid=7961311,,,No explicit CGPA/academic cutoff specified | No graduation batch restrictions specified | Requires 5.0+ years of prior work experience (Strict Fresher filter enabled),Greenhouse
a0d619fbf4dfb6b3,2026-08-19,Datadog,HRIS Manager,"New York, New York, USA",0.0,,NEW,https://careers.datadoghq.com/detail/8024708?gh_jid=8024708,,,No explicit CGPA/academic cutoff specified | No graduation batch restrictions specified | Requires 7.0+ years of prior work experience (Strict Fresher filter enabled),Greenhouse
7810641f2b8f8a7d,2026-08-19,Datadog,Implementation Services Project Manager,"Singapore, Singapore",0.0,,NEW,https://careers.datadoghq.com/detail/7809909?gh_jid=7809909,,,No explicit CGPA/academic cutoff specified | No graduation batch restrictions specified | Requires 7.0+ years of prior work experience (Strict Fresher filter enabled),Greenhouse
b83df62d386c5738,2026-08-19,Datadog,Indirect Tax Manager,"New York, New York, USA",0.0,,NEW,https://careers.datadoghq.com/detail/8091967?gh_jid=8091967,,,No explicit CGPA/academic cutoff specified | No graduation batch restrictions specified | Requires 5.0+ years of prior work experience (Strict Fresher filter enabled),Greenhouse
3ef477f1429d9a84,2026-08-19,Datadog,Key Accounts Executive,"Atlanta, Georgia, USA; Boston, Massachusetts, USA; New York, New York, USA",0.0,,NEW,https://careers.datadoghq.com/detail/7409236?gh_jid=7409236,,,No explicit CGPA/academic cutoff specified | No graduation batch restrictions specified | Requires 5.0+ years of prior work experience (Strict Fresher filter enabled),Greenhouse
db29ac2697be6ec4,2026-08-19,Datadog,Lead Designer,"New York, New York, USA",0.0,,NEW,https://careers.datadoghq.com/detail/8083862?gh_jid=8083862,,,No explicit CGPA/academic cutoff specified | No graduation batch restrictions specified | Role title 'Lead Designer' is a senior/experienced role,Greenhouse
7021b9143b745828,2026-08-19,Datadog,Major Account Manager,Remote,0.0,,NEW,https://careers.datadoghq.com/detail/7630041?gh_jid=7630041,,,Academic aggregate ~88.5% meets 50.0% cutoff | No graduation batch restrictions specified | Requires 7.0+ years of prior work experience (Strict Fresher filter enabled),Greenhouse
656b9b5f2fa3f9fe,2026-08-19,Datadog,Major Account Manager (EMEA),Remote,0.0,,NEW,https://careers.datadoghq.com/detail/7409175?gh_jid=7409175,,,No explicit CGPA/academic cutoff specified | No graduation batch restrictions specified | Requires 7.0+ years of prior work experience (Strict Fresher filter enabled),Greenhouse
71046fef82df6b3f,2026-08-19,Datadog,"Manager 1, Premier Support Engineering - Denver","Denver, Colorado, USA",0.0,,NEW,https://careers.datadoghq.com/detail/8083563?gh_jid=8083563,,,No explicit CGPA/academic cutoff specified | No graduation batch restrictions specified | Requires 5.0+ years of prior work experience (Strict Fresher filter enabled),Greenhouse
57ff5417f21c456a,2026-08-19,Datadog,"Manager 2, Premier Support Engineering","Tokyo, Japan",0.0,,NEW,https://careers.datadoghq.com/detail/7894188?gh_jid=7894188,,,No explicit CGPA/academic cutoff specified | No graduation batch restrictions specified | Requires 5.0+ years of prior work experience (Strict Fresher filter enabled),Greenhouse
d590dea6bab875a1,2026-08-19,Datadog,"Manager, Commercial Sales","Tokyo, Japan",0.0,,NEW,https://careers.datadoghq.com/detail/7463989?gh_jid=7463989,,,No explicit CGPA/academic cutoff specified | No graduation batch restrictions specified | Requires 5.0+ years of prior work experience (Strict Fresher filter enabled),Greenhouse
caf6360c79689174,2026-08-19,Datadog,"Manager, Customer Success - LATAM (Portuguese-Speaking)","Sao Paulo, Brazil",0.0,,NEW,https://careers.datadoghq.com/detail/8041622?gh_jid=8041622,,,No explicit CGPA/academic cutoff specified | No graduation batch restrictions specified | Requires 6.0+ years of prior work experience (Strict Fresher filter enabled),Greenhouse
9223509aa6d96821,2026-08-19,Datadog,"Manager I, Applied AI - Distilled Models","Paris, France",0.0,,NEW,https://careers.datadoghq.com/detail/8030598?gh_jid=8030598,,,No explicit CGPA/academic cutoff specified | No graduation batch restrictions specified | Requires 5.0+ years of prior work experience (Strict Fresher filter enabled),Greenhouse
52701cd50daf9519,2026-08-19,Datadog,"Manager I, Documentation",Remote,0.0,,NEW,https://careers.datadoghq.com/detail/7974666?gh_jid=7974666,,,No explicit CGPA/academic cutoff specified | No graduation batch restrictions specified | Requires 5.0+ years of prior work experience (Strict Fresher filter enabled),Greenhouse
e95c0a8fb4bbf8e3,2026-08-19,Datadog,"Manager I, Engineering - AI Platform - Evaluation & Annotation","Paris, France",0.0,,NEW,https://careers.datadoghq.com/detail/7965428?gh_jid=7965428,,,No explicit CGPA/academic cutoff specified | No graduation batch restrictions specified | Requires 5.0+ years of prior work experience (Strict Fresher filter enabled),Greenhouse
91f75bcb16fe698c,2026-08-19,Datadog,"Manager I, Engineering - AI Platform - Training & Serving","Paris, France",0.0,,NEW,https://careers.datadoghq.com/detail/7529852?gh_jid=7529852,,,No explicit CGPA/academic cutoff specified | No graduation batch restrictions specified | Requires 5.0+ years of prior work experience (Strict Fresher filter enabled),Greenhouse
aaa47df8b00adc58,2026-08-19,Datadog,"Manager I, Engineering - APM Serverless","New York, New York, USA",0.0,,NEW,https://careers.datadoghq.com/detail/8060821?gh_jid=8060821,,,No explicit CGPA/academic cutoff specified | No graduation batch restrictions specified | Requires 5.0+ years of prior work experience (Strict Fresher filter enabled),Greenhouse
023f102b99fde242,2026-08-19,Datadog,"Manager I, Engineering - Applied AI/ML Product Analytics Suite","Paris, France",0.0,,NEW,https://careers.datadoghq.com/detail/8127768?gh_jid=8127768,,,No explicit CGPA/academic cutoff specified | No graduation batch restrictions specified | Requires 5.0+ years of prior work experience (Strict Fresher filter enabled),Greenhouse
18412f1285c57ac1,2026-08-19,Datadog,"Manager I, Engineering - Applied AI - Natural Language & Conversational Interfaces","New York, New York, USA",0.0,,NEW,https://careers.datadoghq.com/detail/7560494?gh_jid=7560494,,,No explicit CGPA/academic cutoff specified | No graduation batch restrictions specified | Requires 5.0+ years of prior work experience (Strict Fresher filter enabled),Greenhouse
0024a40f614bd130,2026-08-19,Datadog,"Manager I, Engineering - Change Experience Platform","New York, New York, USA",0.0,,NEW,https://careers.datadoghq.com/detail/8031007?gh_jid=8031007,,,No explicit CGPA/academic cutoff specified | No graduation batch restrictions specified | Requires 5.0+ years of prior work experience (Strict Fresher filter enabled),Greenhouse
0e4ac87ab192d174,2026-08-19,Datadog,"Manager I, Engineering - Code Coverage","Madrid, Spain",0.0,,NEW,https://careers.datadoghq.com/detail/8048588?gh_jid=8048588,,,No explicit CGPA/academic cutoff specified | No graduation batch restrictions specified | Requires 5.0+ years of prior work experience (Strict Fresher filter enabled),Greenhouse
392ab8ef13b180ff,2026-08-19,Datadog,"Manager I, Engineering - Code Security","Paris, France",0.0,,NEW,https://careers.datadoghq.com/detail/8108378?gh_jid=8108378,,,No explicit CGPA/academic cutoff specified | No graduation batch restrictions specified | Requires 5.0+ years of prior work experience (Strict Fresher filter enabled),Greenhouse
eab1b41f276d3426,2026-08-19,Datadog,"Manager I, Engineering - Core Analytics","New York, New York, USA",0.0,,NEW,https://careers.datadoghq.com/detail/7696093?gh_jid=7696093,,,No explicit CGPA/academic cutoff specified | No graduation batch restrictions specified | Requires 5.0+ years of prior work experience (Strict Fresher filter enabled),Greenhouse
8d91af8506263aaf,2026-08-19,Datadog,"Manager I, Engineering - Data Visualization Explorations","New York, New York, USA",0.0,,NEW,https://careers.datadoghq.com/detail/7947742?gh_jid=7947742,,,No explicit CGPA/academic cutoff specified | No graduation batch restrictions specified | Requires 5.0+ years of prior work experience (Strict Fresher filter enabled),Greenhouse
9e6e3ff394e53daf,2026-08-19,Datadog,"Manager I, Engineering - Experiments","New York, New York, USA",0.0,,NEW,https://careers.datadoghq.com/detail/8060788?gh_jid=8060788,,,No explicit CGPA/academic cutoff specified | No graduation batch restrictions specified | Requires 5.0+ years of prior work experience (Strict Fresher filter enabled),Greenhouse
f62d4bc4f8396820,2026-08-19,Datadog,"Manager I, Engineering - Husky","Paris, France",0.0,,NEW,https://careers.datadoghq.com/detail/7959705?gh_jid=7959705,,,No explicit CGPA/academic cutoff specified | No graduation batch restrictions specified | Requires 5.0+ years of prior work experience (Strict Fresher filter enabled),Greenhouse
4eb30e15087a8c71,2026-08-19,Datadog,"Manager I, Engineering - Observability Pipelines (OP)","Paris, France",0.0,,NEW,https://careers.datadoghq.com/detail/8074318?gh_jid=8074318,,,No explicit CGPA/academic cutoff specified | No graduation batch restrictions specified | Requires 5.0+ years of prior work experience (Strict Fresher filter enabled),Greenhouse
508c78a53febaa87,2026-08-19,Datadog,"Manager I, Engineering - Onboarding Growth","New York, New York, USA",0.0,,NEW,https://careers.datadoghq.com/detail/8041594?gh_jid=8041594,,,No explicit CGPA/academic cutoff specified | No graduation batch restrictions specified | Requires 5.0+ years of prior work experience (Strict Fresher filter enabled),Greenhouse
7938182e75d2f425,2026-08-19,Datadog,"Manager I, Engineering - OrgStore Blueprint","Madrid, Spain",0.0,,NEW,https://careers.datadoghq.com/detail/7586019?gh_jid=7586019,,,No explicit CGPA/academic cutoff specified | No graduation batch restrictions specified | Requires 5.0+ years of prior work experience (Strict Fresher filter enabled),Greenhouse
c34249bddc6a2aac,2026-08-19,Datadog,"Manager I, Engineering - Security Libraries","Paris, France",0.0,,NEW,https://careers.datadoghq.com/detail/8094219?gh_jid=8094219,,,No explicit CGPA/academic cutoff specified | No graduation batch restrictions specified | Requires 5.0+ years of prior work experience (Strict Fresher filter enabled),Greenhouse
351be6f00d89674a,2026-08-19,Datadog,"Manager I, Engineering - Sensitive Data Scanner","Paris, France",0.0,,NEW,https://careers.datadoghq.com/detail/8102794?gh_jid=8102794,,,No explicit CGPA/academic cutoff specified | No graduation batch restrictions specified | Requires 5.0+ years of prior work experience (Strict Fresher filter enabled),Greenhouse
63ab97e633a903db,2026-08-19,Datadog,"Manager I, Engineering - Source Code Integration","Paris, France",0.0,,NEW,https://careers.datadoghq.com/detail/8051068?gh_jid=8051068,,,No explicit CGPA/academic cutoff specified | No graduation batch restrictions specified | Requires 5.0+ years of prior work experience (Strict Fresher filter enabled),Greenhouse
eb777917720b036b,2026-08-19,Datadog,"Manager II, Engineering - Observability Pipelines","New York, New York, USA",0.0,,NEW,https://careers.datadoghq.com/detail/8103585?gh_jid=8103585,,,No explicit CGPA/academic cutoff specified | No graduation batch restrictions specified | Requires 5.0+ years of prior work experience (Strict Fresher filter enabled),Greenhouse
68551681c47faea4,2026-08-19,Datadog,"Manager II, Premier Support Engineering","Sao Paulo, Brazil",0.0,,NEW,https://careers.datadoghq.com/detail/8083978?gh_jid=8083978,,,No explicit CGPA/academic cutoff specified | No graduation batch restrictions specified | Requires 5.0+ years of prior work experience (Strict Fresher filter enabled),Greenhouse
eed29c9a3ed9e4f1,2026-08-19,Datadog,"Manager II, Premier Support Engineering - EMEA","Paris, France",0.0,,NEW,https://careers.datadoghq.com/detail/7496237?gh_jid=7496237,,,No explicit CGPA/academic cutoff specified | No graduation batch restrictions specified | Requires 5.0+ years of prior work experience (Strict Fresher filter enabled),Greenhouse
f44e89755b229341,2026-08-19,Datadog,"Manager II, Services Architect","Singapore, Singapore",0.0,,NEW,https://careers.datadoghq.com/detail/7939294?gh_jid=7939294,,,"No explicit CGPA/academic cutoff specified | No graduation batch restrictions specified | Role title 'Manager II, Services Architect' is a senior/experienced role",Greenhouse
e173781e07d7f987,2026-08-19,Datadog,"Manager II, Technical Escalations Engineering","Sydney, Australia",0.0,,NEW,https://careers.datadoghq.com/detail/7946547?gh_jid=7946547,,,No explicit CGPA/academic cutoff specified | No graduation batch restrictions specified | Requires 5.0+ years of prior work experience (Strict Fresher filter enabled),Greenhouse
0d67c775ba54d559,2026-08-19,Datadog,"Manager, Internal Product Analytics","New York, New York, USA",0.0,,NEW,https://careers.datadoghq.com/detail/8128810?gh_jid=8128810,,,No explicit CGPA/academic cutoff specified | No graduation batch restrictions specified | Requires 6.0+ years of prior work experience (Strict Fresher filter enabled),Greenhouse
024845d0f066eaea,2026-08-19,Datadog,"Manager I, Technical Account Management - Chicago/Denver","Chicago, Illinois, USA",0.0,,NEW,https://careers.datadoghq.com/detail/7787715?gh_jid=7787715,,,No explicit CGPA/academic cutoff specified | No graduation batch restrictions specified | Requires 5.0+ years of prior work experience (Strict Fresher filter enabled),Greenhouse
2f5f8b9ca613f8e9,2026-08-19,Datadog,"Manager I, Technical Escalations Engineering - Paris","Paris, France",0.0,,NEW,https://careers.datadoghq.com/detail/8013353?gh_jid=8013353,,,No explicit CGPA/academic cutoff specified | No graduation batch restrictions specified | Requires 5.0+ years of prior work experience (Strict Fresher filter enabled),Greenhouse
eca33c54b00beeba,2026-08-19,Datadog,"Manager I, Technical Support Engineering","Seoul, South Korea",0.0,,NEW,https://careers.datadoghq.com/detail/8014851?gh_jid=8014851,,,No explicit CGPA/academic cutoff specified | No graduation batch restrictions specified | Requires 5.0+ years of prior work experience (Strict Fresher filter enabled),Greenhouse
dadbf64d040e0154,2026-08-19,Datadog,"Manager, Mid Market - Brazil","Sao Paulo, Brazil",0.0,,NEW,https://careers.datadoghq.com/detail/7800409?gh_jid=7800409,,,No explicit CGPA/academic cutoff specified | No graduation batch restrictions specified | Requires 5.0+ years of prior work experience (Strict Fresher filter enabled),Greenhouse
a6e9a3b8561aef56,2026-08-19,Datadog,"Manager, Networking","Boston, Massachusetts, USA; Denver, Colorado, USA; New York, New York, USA",0.0,,NEW,https://careers.datadoghq.com/detail/6632056?gh_jid=6632056,,,No explicit CGPA/academic cutoff specified | No graduation batch restrictions specified | Requires 5.0+ years of prior work experience (Strict Fresher filter enabled),Greenhouse
d9d5f5a29c230c49,2026-08-19,Datadog,"Manager, Sales Field Enablement, APJ","Singapore, Singapore",0.0,,NEW,https://careers.datadoghq.com/detail/8047666?gh_jid=8047666,,,No explicit CGPA/academic cutoff specified | No graduation batch restrictions specified | Requires 5.0+ years of prior work experience (Strict Fresher filter enabled),Greenhouse
5fdb3b5a970649e3,2026-08-19,Datadog,"Manager, Strategic Sourcing, AI Infrastructure & Services","New York, New York, USA",0.0,,NEW,https://careers.datadoghq.com/detail/8024670?gh_jid=8024670,,,No explicit CGPA/academic cutoff specified | No graduation batch restrictions specified | Requires 8.0+ years of prior work experience (Strict Fresher filter enabled),Greenhouse
9af3ab584801d689,2026-08-19,Datadog,Mid Market Account Executive,"New York, New York, USA",0.0,,NEW,https://careers.datadoghq.com/detail/6665385?gh_jid=6665385,,,Academic aggregate ~88.5% meets 50.0% cutoff | No graduation batch restrictions specified | Requires 5.0+ years of prior work experience (Strict Fresher filter enabled),Greenhouse
14ef031de555cafa,2026-08-19,Datadog,Mid Market Account Executive - Benelux,"Amsterdam, The Netherlands",0.0,,NEW,https://careers.datadoghq.com/detail/8096105?gh_jid=8096105,,,No explicit CGPA/academic cutoff specified | No graduation batch restrictions specified | Requires 5.0+ years of prior work experience (Strict Fresher filter enabled),Greenhouse
10b14c586ec8785b,2026-08-19,Datadog,Mid-Market Account Executive - Boston,"Boston, Massachusetts, USA",0.0,,NEW,https://careers.datadoghq.com/detail/6798820?gh_jid=6798820,,,No explicit CGPA/academic cutoff specified | No graduation batch restrictions specified | Requires 5.0+ years of prior work experience (Strict Fresher filter enabled),Greenhouse
1971a85b4b162314,2026-08-19,Datadog,Mid-Market Account Executive (DACH),"Amsterdam, The Netherlands; Dublin, Ireland",0.0,,NEW,https://careers.datadoghq.com/detail/7476847?gh_jid=7476847,,,No explicit CGPA/academic cutoff specified | No graduation batch restrictions specified | Requires 5.0+ years of prior work experience (Strict Fresher filter enabled),Greenhouse
c5b4b52d103b39d8,2026-08-19,Datadog,Mid-Market Account Executive - San Francisco,"San Francisco, California, USA",0.0,,NEW,https://careers.datadoghq.com/detail/7082012?gh_jid=7082012,,,No explicit CGPA/academic cutoff specified | No graduation batch restrictions specified | Requires 5.0+ years of prior work experience (Strict Fresher filter enabled),Greenhouse
47204eb89eee57b0,2026-08-19,Datadog,Mid-Market Account Executive - (Turkey),"Amsterdam, The Netherlands",0.0,,NEW,https://careers.datadoghq.com/detail/8030635?gh_jid=8030635,,,No explicit CGPA/academic cutoff specified | No graduation batch restrictions specified | Requires 5.0+ years of prior work experience (Strict Fresher filter enabled),Greenhouse
138d3ad5c75a40ff,2026-08-19,Datadog,Mid-Market Sales Engineer (AMER - East),"Boston, Massachusetts, USA",0.0,,NEW,https://careers.datadoghq.com/detail/8088995?gh_jid=8088995,,,No explicit CGPA/academic cutoff specified | No graduation batch restrictions specified | Requires 5.0+ years of prior work experience (Strict Fresher filter enabled),Greenhouse
ecb6ea32d4b2c865,2026-08-19,Datadog,Mid-Market Sales Engineer (NYC),"New York, New York, USA",0.0,,NEW,https://careers.datadoghq.com/detail/8114029?gh_jid=8114029,,,No explicit CGPA/academic cutoff specified | No graduation batch restrictions specified | Requires 5.0+ years of prior work experience (Strict Fresher filter enabled),Greenhouse
89efc53e2260c9ef,2026-08-19,Datadog,Mid-Market Sales Engineer (Sao Paulo),"Sao Paulo, Brazil",0.0,,NEW,https://careers.datadoghq.com/detail/8080606?gh_jid=8080606,,,No explicit CGPA/academic cutoff specified | No graduation batch restrictions specified | Requires 5.0+ years of prior work experience (Strict Fresher filter enabled),Greenhouse
8b549f7da9806bc4,2026-08-19,Datadog,Mid-Market Sales (Italy/Spain),"Amsterdam, The Netherlands",0.0,,NEW,https://careers.datadoghq.com/detail/7530418?gh_jid=7530418,,,No explicit CGPA/academic cutoff specified | No graduation batch restrictions specified | Requires 5.0+ years of prior work experience (Strict Fresher filter enabled),Greenhouse
01259fae0e66891c,2026-08-19,Datadog,Office Operations Associate,"Bangalore, India",0.0,,NEW,https://careers.datadoghq.com/detail/8102152?gh_jid=8102152,,,No explicit CGPA/academic cutoff specified | No graduation batch restrictions specified | Requires 5.0+ years of prior work experience (Strict Fresher filter enabled),Greenhouse
03fa0680741e5ad7,2026-08-19,Datadog,Office Operations Associate - Boston,"Boston, Massachusetts, USA",0.0,,NEW,https://careers.datadoghq.com/detail/8110038?gh_jid=8110038,,,No explicit CGPA/academic cutoff specified | No graduation batch restrictions specified | Requires 5.0+ years of prior work experience (Strict Fresher filter enabled),Greenhouse
400c670bddddbe17,2026-08-19,Datadog,Office Technology Administrator II,"Paris, France",0.0,,NEW,https://careers.datadoghq.com/detail/8028254?gh_jid=8028254,,,No explicit CGPA/academic cutoff specified | No graduation batch restrictions specified | Requires 5.0+ years of prior work experience (Strict Fresher filter enabled),Greenhouse
1dfc9c62aa5f61f0,2026-08-19,Datadog,Partner Manager - Channels,Remote,0.0,,NEW,https://careers.datadoghq.com/detail/7872382?gh_jid=7872382,,,Academic aggregate ~88.5% meets 50.0% cutoff | No graduation batch restrictions specified | Requires 5.0+ years of prior work experience (Strict Fresher filter enabled),Greenhouse
c1163920c6f36464,2026-08-19,Datadog,Partner Solutions Architect,"Seoul, South Korea",0.0,,NEW,https://careers.datadoghq.com/detail/7926141?gh_jid=7926141,,,No explicit CGPA/academic cutoff specified | No graduation batch restrictions specified | Role title 'Partner Solutions Architect' is a senior/experienced role,Greenhouse
e419f9ff9acc945e,2026-08-19,Datadog,Partner Solutions Architect (ANZ),"Sydney, Australia",0.0,,NEW,https://careers.datadoghq.com/detail/7922975?gh_jid=7922975,,,No explicit CGPA/academic cutoff specified | No graduation batch restrictions specified | Role title 'Partner Solutions Architect (ANZ)' is a senior/experienced role,Greenhouse
a8d4dea058a542d7,2026-08-19,Datadog,Partner Solutions Architect (Brazil),"Sao Paulo, Brazil",0.0,,NEW,https://careers.datadoghq.com/detail/7967871?gh_jid=7967871,,,No explicit CGPA/academic cutoff specified | No graduation batch restrictions specified | Role title 'Partner Solutions Architect (Brazil)' is a senior/experienced role,Greenhouse
20317a461b7f96b9,2026-08-19,Datadog,Partner Solutions Architect (Colombia),Remote,0.0,,NEW,https://careers.datadoghq.com/detail/7977644?gh_jid=7977644,,,No explicit CGPA/academic cutoff specified | No graduation batch restrictions specified | Role title 'Partner Solutions Architect (Colombia)' is a senior/experienced role,Greenhouse
a51f269ba6141e18,2026-08-19,Datadog,Partner Solutions Architect (EMEA),Remote,0.0,,NEW,https://careers.datadoghq.com/detail/7683726?gh_jid=7683726,,,No explicit CGPA/academic cutoff specified | No graduation batch restrictions specified | Role title 'Partner Solutions Architect (EMEA)' is a senior/experienced role,Greenhouse
59ffe16c06dec013,2026-08-19,Datadog,Partner Solutions Architect (GSI) - AMER East,"Boston, Massachusetts, USA; New York, New York, USA",0.0,,NEW,https://careers.datadoghq.com/detail/8003977?gh_jid=8003977,,,No explicit CGPA/academic cutoff specified | No graduation batch restrictions specified | Role title 'Partner Solutions Architect (GSI) - AMER East' is a senior/experienced role,Greenhouse
3b3b31f7f1b80a05,2026-08-19,Datadog,Partner Solutions Architect (GSI) - AMER West,"Denver, Colorado, USA; San Francisco, California, USA",0.0,,NEW,https://careers.datadoghq.com/detail/8010455?gh_jid=8010455,,,No explicit CGPA/academic cutoff specified | No graduation batch restrictions specified | Role title 'Partner Solutions Architect (GSI) - AMER West' is a senior/experienced role,Greenhouse
9e0d3feb1229ff94,2026-08-19,Datadog,Partner Solutions Architect (India GSI),"Bangalore, India",0.0,,NEW,https://careers.datadoghq.com/detail/7984988?gh_jid=7984988,,,No explicit CGPA/academic cutoff specified | No graduation batch restrictions specified | Role title 'Partner Solutions Architect (India GSI)' is a senior/experienced role,Greenhouse
399897a730e28918,2026-08-19,Datadog,Partner Solutions Architect (Pan-EMEA GSI),"Lisbon, Portugal",0.0,,NEW,https://careers.datadoghq.com/detail/8095963?gh_jid=8095963,,,No explicit CGPA/academic cutoff specified | No graduation batch restrictions specified | Role title 'Partner Solutions Architect (Pan-EMEA GSI)' is a senior/experienced role,Greenhouse
3328c9f1e093ddaf,2026-08-19,Datadog,Partner Technology Solutions Engineer,"New York, New York, USA",0.0,,NEW,https://careers.datadoghq.com/detail/7961297?gh_jid=7961297,,,No explicit CGPA/academic cutoff specified | No graduation batch restrictions specified | Requires 5.0+ years of prior work experience (Strict Fresher filter enabled),Greenhouse
307a278f88faa0b4,2026-08-19,Datadog,Payroll Specialist,"Boston, Massachusetts, USA; Denver, Colorado, USA; New York, New York, USA",0.0,,NEW,https://careers.datadoghq.com/detail/8028508?gh_jid=8028508,,,No explicit CGPA/academic cutoff specified | No graduation batch restrictions specified | Requires 5.0+ years of prior work experience (Strict Fresher filter enabled),Greenhouse
39d3f8d616d7c732,2026-08-19,Datadog,People Solutions Coordinator (NYC),"New York, New York, USA",0.0,,NEW,https://careers.datadoghq.com/detail/7728298?gh_jid=7728298,,,No explicit CGPA/academic cutoff specified | No graduation batch restrictions specified | Requires 5.0+ years of prior work experience (Strict Fresher filter enabled),Greenhouse
edb720fe0073ddfd,2026-08-19,Datadog,"People Strategy, Engineering","New York, New York, USA",0.0,,NEW,https://careers.datadoghq.com/detail/8098833?gh_jid=8098833,,,No explicit CGPA/academic cutoff specified | No graduation batch restrictions specified | Requires 5.0+ years of prior work experience (Strict Fresher filter enabled),Greenhouse
57f775156f70f07d,2026-08-19,Datadog,People Systems Developer,"Boston, Massachusetts, USA; Denver, Colorado, USA; New York, New York, USA",0.0,,NEW,https://careers.datadoghq.com/detail/7874990?gh_jid=7874990,,,No explicit CGPA/academic cutoff specified | No graduation batch restrictions specified | Requires 5.0+ years of prior work experience (Strict Fresher filter enabled),Greenhouse
ad4c5c0c55ccb877,2026-08-19,Datadog,Principal Analyst Relations Manager,"Boston, Massachusetts, USA; New York, New York, USA; San Francisco, California, USA",0.0,,NEW,https://careers.datadoghq.com/detail/7905494?gh_jid=7905494,,,No explicit CGPA/academic cutoff specified | No graduation batch restrictions specified | Role title 'Principal Analyst Relations Manager' is a senior/experienced role,Greenhouse
74f81660e7aea797,2026-08-19,Datadog,Principal Partner Manager - Channels (GSI),"Boston, Massachusetts, USA; Denver, Colorado, USA; New York, New York, USA; San Francisco, California, USA",0.0,,NEW,https://careers.datadoghq.com/detail/7582679?gh_jid=7582679,,,Academic aggregate ~88.5% meets 50.0% cutoff | No graduation batch restrictions specified | Role title 'Principal Partner Manager - Channels (GSI)' is a senior/experienced role,Greenhouse
9447962e884fd444,2026-08-19,Datadog,Principal Partner Manager - Channels (Nordics),"Copenhagen, Denmark; Stockholm, Sweden",0.0,,NEW,https://careers.datadoghq.com/detail/7580196?gh_jid=7580196,,,No explicit CGPA/academic cutoff specified | No graduation batch restrictions specified | Role title 'Principal Partner Manager - Channels (Nordics)' is a senior/experienced role,Greenhouse
2e10911ab841da78,2026-08-19,Datadog,Principal Partner Manager - Channels (UKI Security),Remote,0.0,,NEW,https://careers.datadoghq.com/detail/7747740?gh_jid=7747740,,,No explicit CGPA/academic cutoff specified | No graduation batch restrictions specified | Role title 'Principal Partner Manager - Channels (UKI Security)' is a senior/experienced role,Greenhouse
08e5c326cceda170,2026-08-19,Datadog,Principal Partner Manager - Technology Alliances,Remote,0.0,,NEW,https://careers.datadoghq.com/detail/7976823?gh_jid=7976823,,,No explicit CGPA/academic cutoff specified | No graduation batch restrictions specified | Role title 'Principal Partner Manager - Technology Alliances' is a senior/experienced role,Greenhouse
f7f36e0885857156,2026-08-19,Datadog,Principal Partner Solutions Architect (Public Sector - Fed),Remote,0.0,,NEW,https://careers.datadoghq.com/detail/7943824?gh_jid=7943824,,,No explicit CGPA/academic cutoff specified | No graduation batch restrictions specified | Role title 'Principal Partner Solutions Architect (Public Sector - Fed)' is a senior/experienced role,Greenhouse
d8d127da8496ab59,2026-08-19,Datadog,Product Management Intern,"New York, New York, USA",0.0,,NEW,https://careers.datadoghq.com/detail/8108241?gh_jid=8108241,,,No explicit CGPA/academic cutoff specified | No graduation batch restrictions specified | Requires 5.0+ years of prior work experience (Strict Fresher filter enabled),Greenhouse
5d2980ec8e05ff1e,2026-08-19,Datadog,"Product Manager II, AI & Data Security","Boston, Massachusetts, USA; New York, New York, USA",0.0,,NEW,https://careers.datadoghq.com/detail/7982288?gh_jid=7982288,,,No explicit CGPA/academic cutoff specified | No graduation batch restrictions specified | Requires 5.0+ years of prior work experience (Strict Fresher filter enabled),Greenhouse
61a82132ccca8fdc,2026-08-19,Datadog,Product Manager II - Alerting,"New York, New York, USA",0.0,,NEW,https://careers.datadoghq.com/detail/8076871?gh_jid=8076871,,,No explicit CGPA/academic cutoff specified | No graduation batch restrictions specified | Requires 5.0+ years of prior work experience (Strict Fresher filter enabled),Greenhouse
653d6862167637e8,2026-08-19,Datadog,Product Manager II - Application Performance Monitoring,"New York, New York, USA",0.0,,NEW,https://careers.datadoghq.com/detail/8021327?gh_jid=8021327,,,No explicit CGPA/academic cutoff specified | No graduation batch restrictions specified | Requires 5.0+ years of prior work experience (Strict Fresher filter enabled),Greenhouse
41709389fd0d1bf3,2026-08-19,Datadog,Product Manager II - Developer Engagement,"New York, New York, USA",0.0,,NEW,https://careers.datadoghq.com/detail/8064898?gh_jid=8064898,,,No explicit CGPA/academic cutoff specified | No graduation batch restrictions specified | Requires 5.0+ years of prior work experience (Strict Fresher filter enabled),Greenhouse
90a0ba8fc7835182,2026-08-19,Datadog,Product Manager II - SQL & Sheets Growth,"New York, New York, USA",0.0,,NEW,https://careers.datadoghq.com/detail/8119973?gh_jid=8119973,,,No explicit CGPA/academic cutoff specified | No graduation batch restrictions specified | Requires 5.0+ years of prior work experience (Strict Fresher filter enabled),Greenhouse
a0bcc661707cd8ab,2026-08-19,Datadog,Product Marketing Manager - Incident Response,"New York, New York, USA; San Francisco, California, USA",0.0,,NEW,https://careers.datadoghq.com/detail/8121553?gh_jid=8121553,,,No explicit CGPA/academic cutoff specified | No graduation batch restrictions specified | Requires 5.0+ years of prior work experience (Strict Fresher filter enabled),Greenhouse
9b6aded0909f3deb,2026-08-19,Datadog,Product Operations Manager,"New York, New York, USA",0.0,,NEW,https://careers.datadoghq.com/detail/7991343?gh_jid=7991343,,,No explicit CGPA/academic cutoff specified | No graduation batch restrictions specified | Requires 5.0+ years of prior work experience (Strict Fresher filter enabled),Greenhouse
1b4eb6efa7ab2a1c,2026-08-19,Datadog,"Product Strategy and Corporate Development Lead, AI","New York, New York, USA",0.0,,NEW,https://careers.datadoghq.com/detail/8011158?gh_jid=8011158,,,"No explicit CGPA/academic cutoff specified | No graduation batch restrictions specified | Role title 'Product Strategy and Corporate Development Lead, AI' is a senior/experienced role",Greenhouse
4953efbbf26573f4,2026-08-19,Datadog,Product Strategy and Corporate Development Lead (EMEA),"Paris, France",0.0,,NEW,https://careers.datadoghq.com/detail/7413847?gh_jid=7413847,,,No explicit CGPA/academic cutoff specified | No graduation batch restrictions specified | Role title 'Product Strategy and Corporate Development Lead (EMEA)' is a senior/experienced role,Greenhouse
a920f32e47f5cae9,2026-08-19,Datadog,"Program Manager, AI and Developer Community Content and Events","San Francisco, California, USA",0.0,,NEW,https://careers.datadoghq.com/detail/8094924?gh_jid=8094924,,,No explicit CGPA/academic cutoff specified | No graduation batch restrictions specified | Requires 5.0+ years of prior work experience (Strict Fresher filter enabled),Greenhouse
2409540fab0b72aa,2026-08-19,Datadog,Program Manager - Community Content and Events (EMEA),"Paris, France",0.0,,NEW,https://careers.datadoghq.com/detail/8091868?gh_jid=8091868,,,No explicit CGPA/academic cutoff specified | No graduation batch restrictions specified | Requires 5.0+ years of prior work experience (Strict Fresher filter enabled),Greenhouse
1755063c2aa0f386,2026-08-19,Datadog,"Recruiter, Enterprise Sales","Dublin, Ireland; London, United Kingdom",0.0,,NEW,https://careers.datadoghq.com/detail/8096400?gh_jid=8096400,,,No explicit CGPA/academic cutoff specified | No graduation batch restrictions specified | Requires 5.0+ years of prior work experience (Strict Fresher filter enabled),Greenhouse
3b55d1a2acea0d1b,2026-08-19,Datadog,"Recruiter, GTM","Boston, Massachusetts, USA; New York, New York, USA",0.0,,NEW,https://careers.datadoghq.com/detail/7927485?gh_jid=7927485,,,No explicit CGPA/academic cutoff specified | No graduation batch restrictions specified | Requires 5.0+ years of prior work experience (Strict Fresher filter enabled),Greenhouse
fc338103349840bb,2026-08-19,Datadog,"Recruiter II, Business Recruiting","Tokyo, Japan",0.0,,NEW,https://careers.datadoghq.com/detail/7650367?gh_jid=7650367,,,No explicit CGPA/academic cutoff specified | No graduation batch restrictions specified | Requires 5.0+ years of prior work experience (Strict Fresher filter enabled),Greenhouse
6d1bd5faf3f11a67,2026-08-19,Datadog,Regional Director - Enterprise Sales (Saudi Arabia) ,"Riyadh, Saudi Arabia",0.0,,NEW,https://careers.datadoghq.com/detail/7338847?gh_jid=7338847,,,No explicit CGPA/academic cutoff specified | No graduation batch restrictions specified | Role title 'Regional Director - Enterprise Sales (Saudi Arabia)' is a senior/experienced role,Greenhouse
5f3a53bc318ba5d6,2026-08-19,Datadog,"Regional Manager, Sales Engineering - Public Sector","Tokyo, Japan",0.0,,NEW,https://careers.datadoghq.com/detail/8113562?gh_jid=8113562,,,No explicit CGPA/academic cutoff specified | No graduation batch restrictions specified | Requires 5.0+ years of prior work experience (Strict Fresher filter enabled),Greenhouse
0a7dda20ddcbeded,2026-08-19,Datadog,"Regional Manager, Sales Engineering - Security (NORAM)",Remote,0.0,,NEW,https://careers.datadoghq.com/detail/8016279?gh_jid=8016279,,,No explicit CGPA/academic cutoff specified | No graduation batch restrictions specified | Requires 5.0+ years of prior work experience (Strict Fresher filter enabled),Greenhouse
38300f805c0d3ded,2026-08-19,Datadog,"Regional Manager, Sales Engineering - UK","London, United Kingdom",0.0,,NEW,https://careers.datadoghq.com/detail/8048106?gh_jid=8048106,,,No explicit CGPA/academic cutoff specified | No graduation batch restrictions specified | Requires 5.0+ years of prior work experience (Strict Fresher filter enabled),Greenhouse
623198bae880324d,2026-08-19,Datadog,Sales Development Representative,"Tokyo, Japan",0.0,,NEW,https://careers.datadoghq.com/detail/7806117?gh_jid=7806117,,,No explicit CGPA/academic cutoff specified | No graduation batch restrictions specified | Requires 5.0+ years of prior work experience (Strict Fresher filter enabled),Greenhouse
7002345f949ca901,2026-08-19,Datadog,Sales Development Representative (Benelux),"Dublin, Ireland",0.0,,NEW,https://careers.datadoghq.com/detail/7180254?gh_jid=7180254,,,No explicit CGPA/academic cutoff specified | No graduation batch restrictions specified | Requires 5.0+ years of prior work experience (Strict Fresher filter enabled),Greenhouse
e12d38c6989c87e2,2026-08-19,Datadog,Sales Development Representative (DACH) ,"Amsterdam, The Netherlands",0.0,,NEW,https://careers.datadoghq.com/detail/6307160?gh_jid=6307160,,,No explicit CGPA/academic cutoff specified | No graduation batch restrictions specified | Requires 5.0+ years of prior work experience (Strict Fresher filter enabled),Greenhouse
59f9f2398800ae70,2026-08-19,Datadog,Sales Development Representative (Indonesia Market),"Singapore, Singapore",0.0,,NEW,https://careers.datadoghq.com/detail/8042602?gh_jid=8042602,,,No explicit CGPA/academic cutoff specified | No graduation batch restrictions specified | Requires 5.0+ years of prior work experience (Strict Fresher filter enabled),Greenhouse
361f31c1c0f1fc65,2026-08-19,Datadog,Sales Development Representative (LATAM - Portuguese Speaking),"Denver, Colorado, USA",0.0,,NEW,https://careers.datadoghq.com/detail/6685931?gh_jid=6685931,,,No explicit CGPA/academic cutoff specified | No graduation batch restrictions specified | Requires 5.0+ years of prior work experience (Strict Fresher filter enabled),Greenhouse
b35c97f5a706352d,2026-08-19,Datadog,Sales Development Representative (Nordics) - Dublin,"Dublin, Ireland",0.0,,NEW,https://careers.datadoghq.com/detail/6857395?gh_jid=6857395,,,No explicit CGPA/academic cutoff specified | No graduation batch restrictions specified | Requires 5.0+ years of prior work experience (Strict Fresher filter enabled),Greenhouse
87be384b7e6b82bb,2026-08-19,Datadog,Sales Development Representative - Turkey,"Dublin, Ireland",0.0,,NEW,https://careers.datadoghq.com/detail/8094071?gh_jid=8094071,,,No explicit CGPA/academic cutoff specified | No graduation batch restrictions specified | Requires 5.0+ years of prior work experience (Strict Fresher filter enabled),Greenhouse
23d1900666031a43,2026-08-19,Datadog,Sales Development Representative (UKI),"Dublin, Ireland",0.0,,NEW,https://careers.datadoghq.com/detail/7016097?gh_jid=7016097,,,No explicit CGPA/academic cutoff specified | No graduation batch restrictions specified | Requires 5.0+ years of prior work experience (Strict Fresher filter enabled),Greenhouse
0736ec9aeb7daa4f,2026-08-19,Datadog,Sales Engineer (Customer Success),"Boston, Massachusetts, USA",0.0,,NEW,https://careers.datadoghq.com/detail/8045678?gh_jid=8045678,,,No explicit CGPA/academic cutoff specified | No graduation batch restrictions specified | Requires 5.0+ years of prior work experience (Strict Fresher filter enabled),Greenhouse
3bb90abc0897493a,2026-08-19,Datadog,Sales Revenue Analyst - Boston,"Boston, Massachusetts, USA",0.0,,NEW,https://careers.datadoghq.com/detail/7587086?gh_jid=7587086,,,No explicit CGPA/academic cutoff specified | No graduation batch restrictions specified | Requires 5.0+ years of prior work experience (Strict Fresher filter enabled),Greenhouse
2243068d4bf91443,2026-08-19,Datadog,Sales Revenue Analyst - NYC,"New York, New York, USA",0.0,,NEW,https://careers.datadoghq.com/detail/8132294?gh_jid=8132294,,,No explicit CGPA/academic cutoff specified | No graduation batch restrictions specified | Requires 5.0+ years of prior work experience (Strict Fresher filter enabled),Greenhouse
b3ac04a939efb0a8,2026-08-19,Datadog,Security Engineer 2 - Cyber Threat Intelligence,"New York, New York, USA",0.0,,NEW,https://careers.datadoghq.com/detail/7982345?gh_jid=7982345,,,No explicit CGPA/academic cutoff specified | No graduation batch restrictions specified | Requires 5.0+ years of prior work experience (Strict Fresher filter enabled),Greenhouse
f860b77e47dfca80,2026-08-19,Datadog,Security Sales Engineer,Remote,0.0,,NEW,https://careers.datadoghq.com/detail/7554877?gh_jid=7554877,,,No explicit CGPA/academic cutoff specified | No graduation batch restrictions specified | Requires 5.0+ years of prior work experience (Strict Fresher filter enabled),Greenhouse
301f23edd05ae1da,2026-08-19,Datadog,Senior ABM Marketing Manager,"Boston, Massachusetts, USA",0.0,,NEW,https://careers.datadoghq.com/detail/8130003?gh_jid=8130003,,,No explicit CGPA/academic cutoff specified | No graduation batch restrictions specified | Role title 'Senior ABM Marketing Manager' is a senior/experienced role,Greenhouse
7166bed789ad13a0,2026-08-19,Datadog,Senior Accountant,"New York, New York, USA",0.0,,NEW,https://careers.datadoghq.com/detail/7921854?gh_jid=7921854,,,No explicit CGPA/academic cutoff specified | No graduation batch restrictions specified | Role title 'Senior Accountant' is a senior/experienced role,Greenhouse
6b923d6f3838685e,2026-08-19,Datadog,Senior Applied Scientist,"Paris, France",0.0,,NEW,https://careers.datadoghq.com/detail/6781197?gh_jid=6781197,,,No explicit CGPA/academic cutoff specified | No graduation batch restrictions specified | Role title 'Senior Applied Scientist' is a senior/experienced role,Greenhouse
74df366f97bf679c,2026-08-19,Datadog,Senior Applied Scientist - Behavior AI,"Paris, France",0.0,,NEW,https://careers.datadoghq.com/detail/8045964?gh_jid=8045964,,,No explicit CGPA/academic cutoff specified | No graduation batch restrictions specified | Role title 'Senior Applied Scientist - Behavior AI' is a senior/experienced role,Greenhouse
d8012297390bf79c,2026-08-19,Datadog,Senior Cloud Security Engineer - K8s,"New York, New York, USA",0.0,,NEW,https://careers.datadoghq.com/detail/7815616?gh_jid=7815616,,,No explicit CGPA/academic cutoff specified | No graduation batch restrictions specified | Role title 'Senior Cloud Security Engineer - K8s' is a senior/experienced role,Greenhouse
917d76c824ca21b1,2026-08-19,Datadog,Senior Commercial Counsel,"Singapore, Singapore",0.0,,NEW,https://careers.datadoghq.com/detail/7905276?gh_jid=7905276,,,No explicit CGPA/academic cutoff specified | No graduation batch restrictions specified | Role title 'Senior Commercial Counsel' is a senior/experienced role,Greenhouse
f8fd5d445062893b,2026-08-19,Datadog,"Senior Corporate Development Lead, AI","San Francisco, California, USA",0.0,,NEW,https://careers.datadoghq.com/detail/7555575?gh_jid=7555575,,,"No explicit CGPA/academic cutoff specified | No graduation batch restrictions specified | Role title 'Senior Corporate Development Lead, AI' is a senior/experienced role",Greenhouse
03ea2c42c771a083,2026-08-19,Datadog,"Senior Curriculum Manager, Sales Enablement","New York, New York, USA",0.0,,NEW,https://careers.datadoghq.com/detail/7624552?gh_jid=7624552,,,"No explicit CGPA/academic cutoff specified | No graduation batch restrictions specified | Role title 'Senior Curriculum Manager, Sales Enablement' is a senior/experienced role",Greenhouse
1f2a34f88630899e,2026-08-19,Datadog,Senior Developer Advocate - Modern App Development,Remote,0.0,,NEW,https://careers.datadoghq.com/detail/7985840?gh_jid=7985840,,,No explicit CGPA/academic cutoff specified | No graduation batch restrictions specified | Role title 'Senior Developer Advocate - Modern App Development' is a senior/experienced role,Greenhouse
cba5be619ef316ce,2026-08-19,Datadog,"Senior Director, Growth Marketing - Organic Growth (SEO/GEO/PLG)","San Francisco, California, USA",0.0,,NEW,https://careers.datadoghq.com/detail/8036385?gh_jid=8036385,,,"No explicit CGPA/academic cutoff specified | No graduation batch restrictions specified | Role title 'Senior Director, Growth Marketing - Organic Growth (SEO/GEO/PLG)' is a senior/experienced role",Greenhouse
5e20e9d05013fa70,2026-08-19,Datadog,"Senior Enablement Program Manager, TS","New York, New York, USA",0.0,,NEW,https://careers.datadoghq.com/detail/8128764?gh_jid=8128764,,,"No explicit CGPA/academic cutoff specified | No graduation batch restrictions specified | Role title 'Senior Enablement Program Manager, TS' is a senior/experienced role",Greenhouse
ee4d73b14343c106,2026-08-19,Datadog,Senior Enterprise Customer Success Manager,"Tokyo, Japan",0.0,,NEW,https://careers.datadoghq.com/detail/8054774?gh_jid=8054774,,,No explicit CGPA/academic cutoff specified | No graduation batch restrictions specified | Role title 'Senior Enterprise Customer Success Manager' is a senior/experienced role,Greenhouse
b9ff26b2c2d0a6a5,2026-08-19,Datadog,Senior Financial Systems Analyst,"New York, New York, USA",0.0,,NEW,https://careers.datadoghq.com/detail/8002771?gh_jid=8002771,,,No explicit CGPA/academic cutoff specified | No graduation batch restrictions specified | Role title 'Senior Financial Systems Analyst' is a senior/experienced role,Greenhouse
38a8f3100c6152e4,2026-08-19,Datadog,"Senior Manager, Product Solutions Architecture","Boston, Massachusetts, USA; Denver, Colorado, USA; New York, New York, USA; San Francisco, California, USA",0.0,,NEW,https://careers.datadoghq.com/detail/7960450?gh_jid=7960450,,,"No explicit CGPA/academic cutoff specified | No graduation batch restrictions specified | Role title 'Senior Manager, Product Solutions Architecture' is a senior/experienced role",Greenhouse
be5655cec956a05a,2026-08-19,Datadog,Senior Partner Enablement Manager,"Tokyo, Japan",0.0,,NEW,https://careers.datadoghq.com/detail/8003723?gh_jid=8003723,,,No explicit CGPA/academic cutoff specified | No graduation batch restrictions specified | Role title 'Senior Partner Enablement Manager' is a senior/experienced role,Greenhouse
15e89aab7d43020b,2026-08-19,Datadog,Senior Partner Manager - Channels,"Tokyo, Japan",0.0,,NEW,https://careers.datadoghq.com/detail/7982373?gh_jid=7982373,,,No explicit CGPA/academic cutoff specified | No graduation batch restrictions specified | Role title 'Senior Partner Manager - Channels' is a senior/experienced role,Greenhouse
19153622c7fa12b5,2026-08-19,Datadog,Senior Partner Manager - Channels (Indian GSI),"Bangalore, India",0.0,,NEW,https://careers.datadoghq.com/detail/8074700?gh_jid=8074700,,,No explicit CGPA/academic cutoff specified | No graduation batch restrictions specified | Role title 'Senior Partner Manager - Channels (Indian GSI)' is a senior/experienced role,Greenhouse
05de79e0e0bfeb76,2026-08-19,Datadog,Senior Partner Manager - Channels (Security),"Sao Paulo, Brazil",0.0,,NEW,https://careers.datadoghq.com/detail/7582681?gh_jid=7582681,,,No explicit CGPA/academic cutoff specified | No graduation batch restrictions specified | Role title 'Senior Partner Manager - Channels (Security)' is a senior/experienced role,Greenhouse
595ab54758cf15f7,2026-08-19,Datadog,Senior Partner Manager - Channels (UKI),Remote,0.0,,NEW,https://careers.datadoghq.com/detail/8082007?gh_jid=8082007,,,No explicit CGPA/academic cutoff specified | No graduation batch restrictions specified | Role title 'Senior Partner Manager - Channels (UKI)' is a senior/experienced role,Greenhouse
f7647f21c63417be,2026-08-19,Datadog,Senior Partner Marketing Manager - Cloud & Channel,"London, United Kingdom; Madrid, Spain; Paris, France",0.0,,NEW,https://careers.datadoghq.com/detail/8127916?gh_jid=8127916,,,No explicit CGPA/academic cutoff specified | No graduation batch restrictions specified | Role title 'Senior Partner Marketing Manager - Cloud & Channel' is a senior/experienced role,Greenhouse
edede43ce8c9d854,2026-08-19,Datadog,Senior Partner Program Manager - Datadog Reseller Program,"Boston, Massachusetts, USA; New York, New York, USA",0.0,,NEW,https://careers.datadoghq.com/detail/7984983?gh_jid=7984983,,,No explicit CGPA/academic cutoff specified | No graduation batch restrictions specified | Role title 'Senior Partner Program Manager - Datadog Reseller Program' is a senior/experienced role,Greenhouse
2d095a91c066d631,2026-08-19,Datadog,Senior Partner Program Manager - Strategic Initiatives,Remote,0.0,,NEW,https://careers.datadoghq.com/detail/7977339?gh_jid=7977339,,,No explicit CGPA/academic cutoff specified | No graduation batch restrictions specified | Role title 'Senior Partner Program Manager - Strategic Initiatives' is a senior/experienced role,Greenhouse
967bd4378e5ba4d8,2026-08-19,Datadog,Senior Payroll Specialist,"Boston, Massachusetts, USA; Denver, Colorado, USA; New York, New York, USA",0.0,,NEW,https://careers.datadoghq.com/detail/8030851?gh_jid=8030851,,,No explicit CGPA/academic cutoff specified | No graduation batch restrictions specified | Role title 'Senior Payroll Specialist' is a senior/experienced role,Greenhouse
4b80f64d7995dc69,2026-08-19,Datadog,Senior People Business Partner,"Tokyo, Japan",0.0,,NEW,https://careers.datadoghq.com/detail/7461043?gh_jid=7461043,,,No explicit CGPA/academic cutoff specified | No graduation batch restrictions specified | Role title 'Senior People Business Partner' is a senior/experienced role,Greenhouse
24fa24f4b9840f94,2026-08-19,Datadog,Senior Platform Product Manager - AI SDLC Trusted Throughput,"New York, New York, USA",0.0,,NEW,https://careers.datadoghq.com/detail/7947683?gh_jid=7947683,,,No explicit CGPA/academic cutoff specified | No graduation batch restrictions specified | Role title 'Senior Platform Product Manager - AI SDLC Trusted Throughput' is a senior/experienced role,Greenhouse
1e2bd83b08cd1dd1,2026-08-19,Datadog,Senior Platform Security Engineer,"Paris, France",0.0,,NEW,https://careers.datadoghq.com/detail/8094188?gh_jid=8094188,,,No explicit CGPA/academic cutoff specified | No graduation batch restrictions specified | Role title 'Senior Platform Security Engineer' is a senior/experienced role,Greenhouse
e99563f918d9b723,2026-08-19,Datadog,Senior Procurement Analyst,"New York, New York, USA",0.0,,NEW,https://careers.datadoghq.com/detail/7977425?gh_jid=7977425,,,No explicit CGPA/academic cutoff specified | No graduation batch restrictions specified | Role title 'Senior Procurement Analyst' is a senior/experienced role,Greenhouse
5246e01ccceef8fc,2026-08-19,Datadog,Senior Product Designer - AAA,"New York, New York, USA",0.0,,NEW,https://careers.datadoghq.com/detail/8002906?gh_jid=8002906,,,No explicit CGPA/academic cutoff specified | No graduation batch restrictions specified | Role title 'Senior Product Designer - AAA' is a senior/experienced role,Greenhouse
5c4bd32377148e49,2026-08-19,Datadog,Senior Product Manager - Agent Integrations,"New York, New York, USA",0.0,,NEW,https://careers.datadoghq.com/detail/8030599?gh_jid=8030599,,,No explicit CGPA/academic cutoff specified | No graduation batch restrictions specified | Role title 'Senior Product Manager - Agent Integrations' is a senior/experienced role,Greenhouse
ef5c0771c3d5b915,2026-08-19,Datadog,Senior Product Manager - Bits Agent Builder,"New York, New York, USA",0.0,,NEW,https://careers.datadoghq.com/detail/8092004?gh_jid=8092004,,,No explicit CGPA/academic cutoff specified | No graduation batch restrictions specified | Role title 'Senior Product Manager - Bits Agent Builder' is a senior/experienced role,Greenhouse
0f20a4381435e4b1,2026-08-19,Datadog,Senior Product Manager - Data Agent,"New York, New York, USA",0.0,,NEW,https://careers.datadoghq.com/detail/7785350?gh_jid=7785350,,,No explicit CGPA/academic cutoff specified | No graduation batch restrictions specified | Role title 'Senior Product Manager - Data Agent' is a senior/experienced role,Greenhouse
48761f5a09162c5d,2026-08-19,Datadog,Senior Product Manager - Database AI Optimization,"New York, New York, USA",0.0,,NEW,https://careers.datadoghq.com/detail/7065807?gh_jid=7065807,,,No explicit CGPA/academic cutoff specified | No graduation batch restrictions specified | Role title 'Senior Product Manager - Database AI Optimization' is a senior/experienced role,Greenhouse
037b00e563d8ec66,2026-08-19,Datadog,Senior Product Manager - Fleet and Lifecycle Management,"Boston, Massachusetts, USA; New York, New York, USA",0.0,,NEW,https://careers.datadoghq.com/detail/8077142?gh_jid=8077142,,,No explicit CGPA/academic cutoff specified | No graduation batch restrictions specified | Role title 'Senior Product Manager - Fleet and Lifecycle Management' is a senior/experienced role,Greenhouse
a8c7cf69cf65e64f,2026-08-19,Datadog,Senior Product Manager - Journey Monitoring,"New York, New York, USA",0.0,,NEW,https://careers.datadoghq.com/detail/8115033?gh_jid=8115033,,,No explicit CGPA/academic cutoff specified | No graduation batch restrictions specified | Role title 'Senior Product Manager - Journey Monitoring' is a senior/experienced role,Greenhouse
3d0a8082986f3092,2026-08-19,Datadog,Senior Product Manager - Network Path,"New York, New York, USA",0.0,,NEW,https://careers.datadoghq.com/detail/7763117?gh_jid=7763117,,,No explicit CGPA/academic cutoff specified | No graduation batch restrictions specified | Role title 'Senior Product Manager - Network Path' is a senior/experienced role,Greenhouse
a8fa2edcd3e94191,2026-08-19,Datadog,Senior Product Manager - Observability Data Platform,"New York, New York, USA",0.0,,NEW,https://careers.datadoghq.com/detail/8065192?gh_jid=8065192,,,No explicit CGPA/academic cutoff specified | No graduation batch restrictions specified | Role title 'Senior Product Manager - Observability Data Platform' is a senior/experienced role,Greenhouse
d50a51ca1b9663b4,2026-08-19,Datadog,Senior Product Manager - Search,"Boston, Massachusetts, USA; New York, New York, USA",0.0,,NEW,https://careers.datadoghq.com/detail/7974481?gh_jid=7974481,,,No explicit CGPA/academic cutoff specified | No graduation batch restrictions specified | Role title 'Senior Product Manager - Search' is a senior/experienced role,Greenhouse
058d10726098c536,2026-08-19,Datadog,Senior Product Manager - Serverless,"Boston, Massachusetts, USA; New York, New York, USA",0.0,,NEW,https://careers.datadoghq.com/detail/7905006?gh_jid=7905006,,,No explicit CGPA/academic cutoff specified | No graduation batch restrictions specified | Role title 'Senior Product Manager - Serverless' is a senior/experienced role,Greenhouse
a6024be7816e2403,2026-08-19,Datadog,Senior Product Solutions Architect - LLM Observability,"Boston, Massachusetts, USA; Denver, Colorado, USA; New York, New York, USA; San Francisco, California, USA",0.0,,NEW,https://careers.datadoghq.com/detail/7627531?gh_jid=7627531,,,No explicit CGPA/academic cutoff specified | No graduation batch restrictions specified | Role title 'Senior Product Solutions Architect - LLM Observability' is a senior/experienced role,Greenhouse
195fa29629de98ea,2026-08-19,Datadog,"Senior Program Manager, People Team (NYC)","New York, New York, USA",0.0,,NEW,https://careers.datadoghq.com/detail/7958756?gh_jid=7958756,,,"No explicit CGPA/academic cutoff specified | No graduation batch restrictions specified | Role title 'Senior Program Manager, People Team (NYC)' is a senior/experienced role",Greenhouse
6313cc1d89cafb1a,2026-08-19,Datadog,"Senior Program Manager, Sales Enablement","New York, New York, USA",0.0,,NEW,https://careers.datadoghq.com/detail/8067190?gh_jid=8067190,,,"No explicit CGPA/academic cutoff specified | No graduation batch restrictions specified | Role title 'Senior Program Manager, Sales Enablement' is a senior/experienced role",Greenhouse
52d5c41d8b78f3f1,2026-08-19,Datadog,Senior Regional Content Manager (APJ),"Singapore, Singapore",0.0,,NEW,https://careers.datadoghq.com/detail/8035726?gh_jid=8035726,,,No explicit CGPA/academic cutoff specified | No graduation batch restrictions specified | Role title 'Senior Regional Content Manager (APJ)' is a senior/experienced role,Greenhouse
264f5c44f09eae40,2026-08-19,Datadog,Senior Revenue Accountant,"New York, New York, USA",0.0,,NEW,https://careers.datadoghq.com/detail/8075583?gh_jid=8075583,,,No explicit CGPA/academic cutoff specified | No graduation batch restrictions specified | Role title 'Senior Revenue Accountant' is a senior/experienced role,Greenhouse
dfa5362e0d9f3f6c,2026-08-19,Datadog,Senior Revenue Accountant - Dublin,"Dublin, Ireland",0.0,,NEW,https://careers.datadoghq.com/detail/8079970?gh_jid=8079970,,,No explicit CGPA/academic cutoff specified | No graduation batch restrictions specified | Role title 'Senior Revenue Accountant - Dublin' is a senior/experienced role,Greenhouse
13ca7c5270ec1acc,2026-08-19,Datadog,Senior Sales Engineer - Bay Area,Remote,0.0,,NEW,https://careers.datadoghq.com/detail/8105684?gh_jid=8105684,,,No explicit CGPA/academic cutoff specified | No graduation batch restrictions specified | Role title 'Senior Sales Engineer - Bay Area' is a senior/experienced role,Greenhouse
73388886f063743d,2026-08-19,Datadog,Senior Sales Engineer - Brazil,"Sao Paulo, Brazil",0.0,,NEW,https://careers.datadoghq.com/detail/7792033?gh_jid=7792033,,,No explicit CGPA/academic cutoff specified | No graduation batch restrictions specified | Role title 'Senior Sales Engineer - Brazil' is a senior/experienced role,Greenhouse
a661d35568582ae7,2026-08-19,Datadog,Senior Sales Engineer - Key Accounts,Remote,0.0,,NEW,https://careers.datadoghq.com/detail/7516279?gh_jid=7516279,,,No explicit CGPA/academic cutoff specified | No graduation batch restrictions specified | Role title 'Senior Sales Engineer - Key Accounts' is a senior/experienced role,Greenhouse
4e74dbcaa22d9a8b,2026-08-19,Datadog,Senior Sales Engineer - Majors (East),Remote,0.0,,NEW,https://careers.datadoghq.com/detail/7917340?gh_jid=7917340,,,No explicit CGPA/academic cutoff specified | No graduation batch restrictions specified | Role title 'Senior Sales Engineer - Majors (East)' is a senior/experienced role,Greenhouse
6154acf8e083f6aa,2026-08-19,Datadog,Senior Sales Engineer - Majors (France),Remote,0.0,,NEW,https://careers.datadoghq.com/detail/7791296?gh_jid=7791296,,,No explicit CGPA/academic cutoff specified | No graduation batch restrictions specified | Role title 'Senior Sales Engineer - Majors (France)' is a senior/experienced role,Greenhouse
9ec3a0a05da72ee0,2026-08-19,Datadog,Senior Sales Engineer - Majors (UK/Nordics/Netherlands),Remote,0.0,,NEW,https://careers.datadoghq.com/detail/7904634?gh_jid=7904634,,,No explicit CGPA/academic cutoff specified | No graduation batch restrictions specified | Role title 'Senior Sales Engineer - Majors (UK/Nordics/Netherlands)' is a senior/experienced role,Greenhouse
db0c4eb24a2f6fd8,2026-08-19,Datadog,Senior Sales Engineer - Majors (West),Remote,0.0,,NEW,https://careers.datadoghq.com/detail/8126596?gh_jid=8126596,,,No explicit CGPA/academic cutoff specified | No graduation batch restrictions specified | Role title 'Senior Sales Engineer - Majors (West)' is a senior/experienced role,Greenhouse
df577b5db3740791,2026-08-19,Datadog,Senior Sales Engineer - Public Sector (UK),"London, United Kingdom",0.0,,NEW,https://careers.datadoghq.com/detail/8030214?gh_jid=8030214,,,No explicit CGPA/academic cutoff specified | No graduation batch restrictions specified | Role title 'Senior Sales Engineer - Public Sector (UK)' is a senior/experienced role,Greenhouse
2626e5ecdec608df,2026-08-19,Datadog,Senior Security Engineer - Cloud SIEM,"Lisbon, Portugal",0.0,,NEW,https://careers.datadoghq.com/detail/8000258?gh_jid=8000258,,,No explicit CGPA/academic cutoff specified | No graduation batch restrictions specified | Role title 'Senior Security Engineer - Cloud SIEM' is a senior/experienced role,Greenhouse
f80f57107ff596fc,2026-08-19,Datadog,"Senior Security Engineer, Offensive Security","New York, New York, USA",0.0,,NEW,https://careers.datadoghq.com/detail/7871543?gh_jid=7871543,,,"No explicit CGPA/academic cutoff specified | No graduation batch restrictions specified | Role title 'Senior Security Engineer, Offensive Security' is a senior/experienced role",Greenhouse
a1cdc288a4fafefc,2026-08-19,Datadog,"Senior Services Architect, Security-Cloud SIEM","New York, New York, USA",0.0,,NEW,https://careers.datadoghq.com/detail/7996907?gh_jid=7996907,,,"No explicit CGPA/academic cutoff specified | No graduation batch restrictions specified | Role title 'Senior Services Architect, Security-Cloud SIEM' is a senior/experienced role",Greenhouse
d9fbdeafda9cc56f,2026-08-19,Datadog,Senior Software Engineer ,"Boston, Massachusetts, USA; New York, New York, USA",0.0,,NEW,https://careers.datadoghq.com/detail/3851935?gh_jid=3851935,,,No explicit CGPA/academic cutoff specified | No graduation batch restrictions specified | Role title 'Senior Software Engineer' is a senior/experienced role,Greenhouse
bc0eb24ca89c07cc,2026-08-19,Datadog,Senior Software Engineer - Action Platform,"Paris, France",0.0,,NEW,https://careers.datadoghq.com/detail/8102624?gh_jid=8102624,,,No explicit CGPA/academic cutoff specified | No graduation batch restrictions specified | Role title 'Senior Software Engineer - Action Platform' is a senior/experienced role,Greenhouse
d01b3ba8bf292b34,2026-08-19,Datadog,Senior Software Engineer - AI (EMEA),"Bordeaux, France; Grenoble, France; Lyon, France; Madrid, Spain; Montpellier, France; Nantes, France; Nice, France; Paris, France; Sophia Antipolis, France",0.0,,NEW,https://careers.datadoghq.com/detail/8015588?gh_jid=8015588,,,No explicit CGPA/academic cutoff specified | No graduation batch restrictions specified | Role title 'Senior Software Engineer - AI (EMEA)' is a senior/experienced role,Greenhouse
eca4f15cad505d80,2026-08-19,Datadog,Senior Software Engineer - Backend ,"Bordeaux, France; Paris, France",0.0,,NEW,https://careers.datadoghq.com/detail/4599148?gh_jid=4599148,,,No explicit CGPA/academic cutoff specified | No graduation batch restrictions specified | Role title 'Senior Software Engineer - Backend' is a senior/experienced role,Greenhouse
d2ea080baf992502,2026-08-19,Datadog,Senior Software Engineer - Bazel Tools,"Atlanta, Georgia, USA; Boston, Massachusetts, USA; New York, New York, USA",0.0,,NEW,https://careers.datadoghq.com/detail/8095166?gh_jid=8095166,,,No explicit CGPA/academic cutoff specified | No graduation batch restrictions specified | Role title 'Senior Software Engineer - Bazel Tools' is a senior/experienced role,Greenhouse
91d21b6db4c5a1e2,2026-08-19,Datadog,Senior Software Engineer - Distributed Systems,"Boston, Massachusetts, USA; New York, New York, USA",0.0,,NEW,https://careers.datadoghq.com/detail/3851927?gh_jid=3851927,,,No explicit CGPA/academic cutoff specified | No graduation batch restrictions specified | Role title 'Senior Software Engineer - Distributed Systems' is a senior/experienced role,Greenhouse
a42814a482021103,2026-08-19,Datadog,Senior Software Engineer - Incident Insights & Readiness,"Paris, France",0.0,,NEW,https://careers.datadoghq.com/detail/8094111?gh_jid=8094111,,,No explicit CGPA/academic cutoff specified | No graduation batch restrictions specified | Requires 5.0+ years of prior work experience (Strict Fresher filter enabled),Greenhouse
81933f53712dbf1c,2026-08-19,Datadog,Senior Software Engineer - Linux,"Tel Aviv, Israel",0.0,,NEW,https://careers.datadoghq.com/detail/8038652?gh_jid=8038652,,,No explicit CGPA/academic cutoff specified | No graduation batch restrictions specified | Role title 'Senior Software Engineer - Linux' is a senior/experienced role,Greenhouse
f4d4332f210175dd,2026-08-19,Datadog,Senior Software Engineer - REDAPL Graph Engine,"Dublin, Ireland; Madrid, Spain; Paris, France",0.0,,NEW,https://careers.datadoghq.com/detail/7959962?gh_jid=7959962,,,No explicit CGPA/academic cutoff specified | No graduation batch restrictions specified | Role title 'Senior Software Engineer - REDAPL Graph Engine' is a senior/experienced role,Greenhouse
5972ab730d9c796f,2026-08-19,Datadog,Senior Software Engineer - Security Libraries,"Lisbon, Portugal",0.0,,NEW,https://careers.datadoghq.com/detail/8088590?gh_jid=8088590,,,No explicit CGPA/academic cutoff specified | No graduation batch restrictions specified | Role title 'Senior Software Engineer - Security Libraries' is a senior/experienced role,Greenhouse
5dd6f0325c523271,2026-08-19,Datadog,Senior Software Engineer - Streaming Platform ,"New York, New York, USA",0.0,,NEW,https://careers.datadoghq.com/detail/7993551?gh_jid=7993551,,,No explicit CGPA/academic cutoff specified | No graduation batch restrictions specified | Role title 'Senior Software Engineer - Streaming Platform' is a senior/experienced role,Greenhouse
89b9176c6fdfcdd4,2026-08-19,Datadog,Senior Software Engineer - Streaming Platform Client,"New York, New York, USA",0.0,,NEW,https://careers.datadoghq.com/detail/8035492?gh_jid=8035492,,,No explicit CGPA/academic cutoff specified | No graduation batch restrictions specified | Role title 'Senior Software Engineer - Streaming Platform Client' is a senior/experienced role,Greenhouse
fe44cc0e4745381a,2026-08-19,Datadog,Senior Staff GenAI Engineer - Application Performance Monitoring (APM),"New York, New York, USA",0.0,,NEW,https://careers.datadoghq.com/detail/6960503?gh_jid=6960503,,,No explicit CGPA/academic cutoff specified | No graduation batch restrictions specified | Role title 'Senior Staff GenAI Engineer - Application Performance Monitoring (APM)' is a senior/experienced role,Greenhouse
ee38448c76568763,2026-08-19,Datadog,"Senior Staff Product Designer, Design Lab","New York, New York, USA",0.0,,NEW,https://careers.datadoghq.com/detail/8100001?gh_jid=8100001,,,"No explicit CGPA/academic cutoff specified | No graduation batch restrictions specified | Role title 'Senior Staff Product Designer, Design Lab' is a senior/experienced role",Greenhouse
4d90fdc894fa4b7c,2026-08-19,Datadog,Senior Staff Software Engineer ,"New York, New York, USA",0.0,,NEW,https://careers.datadoghq.com/detail/5608424?gh_jid=5608424,,,No explicit CGPA/academic cutoff specified | No graduation batch restrictions specified | Role title 'Senior Staff Software Engineer' is a senior/experienced role,Greenhouse
307f760528a061c5,2026-08-19,Datadog,"Senior Staff Visual Designer, Design Lab","New York, New York, USA",0.0,,NEW,https://careers.datadoghq.com/detail/7793359?gh_jid=7793359,,,"No explicit CGPA/academic cutoff specified | No graduation batch restrictions specified | Role title 'Senior Staff Visual Designer, Design Lab' is a senior/experienced role",Greenhouse
66fef3820ee9fe2b,2026-08-19,Datadog,Senior Talent Manager (Talent Partner),"New York, New York, USA",0.0,,NEW,https://careers.datadoghq.com/detail/8049232?gh_jid=8049232,,,No explicit CGPA/academic cutoff specified | No graduation batch restrictions specified | Role title 'Senior Talent Manager (Talent Partner)' is a senior/experienced role,Greenhouse
e0271548630e021c,2026-08-19,Datadog,Senior Technical Product Marketing Manager - Security,"New York, New York, USA; San Francisco, California, USA",0.0,,NEW,https://careers.datadoghq.com/detail/7695546?gh_jid=7695546,,,No explicit CGPA/academic cutoff specified | No graduation batch restrictions specified | Role title 'Senior Technical Product Marketing Manager - Security' is a senior/experienced role,Greenhouse
94d01433ba440aba,2026-08-19,Datadog,Services Architect 3 - Denver,"Denver, Colorado, USA",0.0,,NEW,https://careers.datadoghq.com/detail/7807783?gh_jid=7807783,,,No explicit CGPA/academic cutoff specified | No graduation batch restrictions specified | Role title 'Services Architect 3 - Denver' is a senior/experienced role,Greenhouse
1839ab2efba938c7,2026-08-19,Datadog,"Social Media Lead, Developer Audience","New York, New York, USA",0.0,,NEW,https://careers.datadoghq.com/detail/8103045?gh_jid=8103045,,,"No explicit CGPA/academic cutoff specified | No graduation batch restrictions specified | Role title 'Social Media Lead, Developer Audience' is a senior/experienced role",Greenhouse
527b69403ec3cf3b,2026-08-19,Datadog,Software Engineering Intern (Winter),"Boston, Massachusetts, USA; New York, New York, USA",0.0,,NEW,https://careers.datadoghq.com/detail/8052095?gh_jid=8052095,,,No explicit CGPA/academic cutoff specified | No graduation batch restrictions specified | Requires 5.0+ years of prior work experience (Strict Fresher filter enabled),Greenhouse
2e26c956d37cb44d,2026-08-19,Datadog,"Sourcer II, Business Recruiting","Tokyo, Japan",0.0,,NEW,https://careers.datadoghq.com/detail/7811537?gh_jid=7811537,,,No explicit CGPA/academic cutoff specified | No graduation batch restrictions specified | Requires 5.0+ years of prior work experience (Strict Fresher filter enabled),Greenhouse
6e2415300f85f0d0,2026-08-19,Datadog,Staff Application Security Engineer,Remote,0.0,,NEW,https://careers.datadoghq.com/detail/7777798?gh_jid=7777798,,,No explicit CGPA/academic cutoff specified | No graduation batch restrictions specified | Role title 'Staff Application Security Engineer' is a senior/experienced role,Greenhouse
260a1f451266f8f3,2026-08-19,Datadog,Staff Applied Scientist - Agentic Interfaces,"New York, New York, USA",0.0,,NEW,https://careers.datadoghq.com/detail/7964141?gh_jid=7964141,,,No explicit CGPA/academic cutoff specified | No graduation batch restrictions specified | Role title 'Staff Applied Scientist - Agentic Interfaces' is a senior/experienced role,Greenhouse
3dc4b72c9ea35120,2026-08-19,Datadog,Staff Applied Scientist - Dashboards,"New York, New York, USA",0.0,,NEW,https://careers.datadoghq.com/detail/7984962?gh_jid=7984962,,,No explicit CGPA/academic cutoff specified | No graduation batch restrictions specified | Role title 'Staff Applied Scientist - Dashboards' is a senior/experienced role,Greenhouse
bdf4f65106f0554a,2026-08-19,Datadog,Staff Competitive Intelligence Analyst,"New York, New York, USA; San Francisco, California, USA",0.0,,NEW,https://careers.datadoghq.com/detail/8054420?gh_jid=8054420,,,No explicit CGPA/academic cutoff specified | No graduation batch restrictions specified | Role title 'Staff Competitive Intelligence Analyst' is a senior/experienced role,Greenhouse
2047aed350e59fdb,2026-08-19,Datadog,Staff Developer Advocate - Asia Pacific & Japan Lead,"Singapore, Singapore",0.0,,NEW,https://careers.datadoghq.com/detail/8081537?gh_jid=8081537,,,No explicit CGPA/academic cutoff specified | No graduation batch restrictions specified | Role title 'Staff Developer Advocate - Asia Pacific & Japan Lead' is a senior/experienced role,Greenhouse
0e3682bcbcbf4897,2026-08-19,Datadog,Staff Engineer - Cloud Networks,"Boston, Massachusetts, USA; Denver, Colorado, USA; New York, New York, USA",0.0,,NEW,https://careers.datadoghq.com/detail/8128450?gh_jid=8128450,,,No explicit CGPA/academic cutoff specified | No graduation batch restrictions specified | Role title 'Staff Engineer - Cloud Networks' is a senior/experienced role,Greenhouse
ce3f6015aafe575b,2026-08-19,Datadog,"Staff Engineer, Compute","Dublin, Ireland; Madrid, Spain; Paris, France",0.0,,NEW,https://careers.datadoghq.com/detail/8139277?gh_jid=8139277,,,"No explicit CGPA/academic cutoff specified | No graduation batch restrictions specified | Role title 'Staff Engineer, Compute' is a senior/experienced role",Greenhouse
262a4cd7ebfc320b,2026-08-19,Datadog,Staff Engineer - Data Platform Experience,"Lisbon, Portugal",0.0,,NEW,https://careers.datadoghq.com/detail/8119496?gh_jid=8119496,,,No explicit CGPA/academic cutoff specified | No graduation batch restrictions specified | Role title 'Staff Engineer - Data Platform Experience' is a senior/experienced role,Greenhouse
5cfb746786a426c3,2026-08-19,Datadog,Staff Engineer - Data Semantics,"Madrid, Spain; Paris, France",0.0,,NEW,https://careers.datadoghq.com/detail/8043560?gh_jid=8043560,,,No explicit CGPA/academic cutoff specified | No graduation batch restrictions specified | Role title 'Staff Engineer - Data Semantics' is a senior/experienced role,Greenhouse
4012f50c84b32e7d,2026-08-19,Datadog,"Staff Product Designer, APM","New York, New York, USA",0.0,,NEW,https://careers.datadoghq.com/detail/7989348?gh_jid=7989348,,,"No explicit CGPA/academic cutoff specified | No graduation batch restrictions specified | Role title 'Staff Product Designer, APM' is a senior/experienced role",Greenhouse
004a52cfe1c46198,2026-08-19,Datadog,"Staff Product Designer, Modern Compute","New York, New York, USA",0.0,,NEW,https://careers.datadoghq.com/detail/8094854?gh_jid=8094854,,,"No explicit CGPA/academic cutoff specified | No graduation batch restrictions specified | Role title 'Staff Product Designer, Modern Compute' is a senior/experienced role",Greenhouse
d8b5201cd4334b59,2026-08-19,Datadog,"Staff Product Manager, Observability Data Platforms","New York, New York, USA",0.0,,NEW,https://careers.datadoghq.com/detail/8065187?gh_jid=8065187,,,"No explicit CGPA/academic cutoff specified | No graduation batch restrictions specified | Role title 'Staff Product Manager, Observability Data Platforms' is a senior/experienced role",Greenhouse
cd929ccc96bcc60b,2026-08-19,Datadog,Staff Software Engineer,"New York, New York, USA",0.0,,NEW,https://careers.datadoghq.com/detail/3210217?gh_jid=3210217,,,No explicit CGPA/academic cutoff specified | No graduation batch restrictions specified | Role title 'Staff Software Engineer' is a senior/experienced role,Greenhouse
ae8b7943123a98c3,2026-08-19,Datadog,Staff Software Engineer - Corporate Development,"New York, New York, USA",0.0,,NEW,https://careers.datadoghq.com/detail/8105372?gh_jid=8105372,,,No explicit CGPA/academic cutoff specified | No graduation batch restrictions specified | Role title 'Staff Software Engineer - Corporate Development' is a senior/experienced role,Greenhouse
f4046e2ce884a870,2026-08-19,Datadog,Staff Software Engineer - Logs Management,"New York, New York, USA",0.0,,NEW,https://careers.datadoghq.com/detail/7635298?gh_jid=7635298,,,No explicit CGPA/academic cutoff specified | No graduation batch restrictions specified | Role title 'Staff Software Engineer - Logs Management' is a senior/experienced role,Greenhouse
474d78eeb50e5b97,2026-08-19,Datadog,Staff Software Engineer - Logs Observability Pipelines ,"New York, New York, USA",0.0,,NEW,https://careers.datadoghq.com/detail/7743369?gh_jid=7743369,,,No explicit CGPA/academic cutoff specified | No graduation batch restrictions specified | Role title 'Staff Software Engineer - Logs Observability Pipelines' is a senior/experienced role,Greenhouse
d5dc0b9c834f3c2a,2026-08-19,Datadog,Staff Software Engineer - ML Observability,"Boston, Massachusetts, USA; New York, New York, USA",0.0,,NEW,https://careers.datadoghq.com/detail/7107437?gh_jid=7107437,,,No explicit CGPA/academic cutoff specified | No graduation batch restrictions specified | Role title 'Staff Software Engineer - ML Observability' is a senior/experienced role,Greenhouse
e9dd8d8ab94b6a3b,2026-08-19,Datadog,Staff Software Engineer - Security Agent,Remote,0.0,,NEW,https://careers.datadoghq.com/detail/8007606?gh_jid=8007606,,,No explicit CGPA/academic cutoff specified | No graduation batch restrictions specified | Role title 'Staff Software Engineer - Security Agent' is a senior/experienced role,Greenhouse
89c775c95851cf3a,2026-08-19,Datadog,"Staff Visual Designer, Design Lab","New York, New York, USA",0.0,,NEW,https://careers.datadoghq.com/detail/7496207?gh_jid=7496207,,,"No explicit CGPA/academic cutoff specified | No graduation batch restrictions specified | Role title 'Staff Visual Designer, Design Lab' is a senior/experienced role",Greenhouse
3ef8d32b21fe2dc8,2026-08-19,Datadog,Strategic Account Executive,"Singapore, Singapore",0.0,,NEW,https://careers.datadoghq.com/detail/7439145?gh_jid=7439145,,,No explicit CGPA/academic cutoff specified | No graduation batch restrictions specified | Requires 5.0+ years of prior work experience (Strict Fresher filter enabled),Greenhouse
72b1038beeb37adf,2026-08-19,Datadog,Strategic Account Executive (DACH),Remote,0.0,,NEW,https://careers.datadoghq.com/detail/5511968?gh_jid=5511968,,,No explicit CGPA/academic cutoff specified | No graduation batch restrictions specified | Requires 5.0+ years of prior work experience (Strict Fresher filter enabled),Greenhouse
9fdb3c7e45d371a0,2026-08-19,Datadog,Strategic Account Executive (FED),"Canberra, Australia",0.0,,NEW,https://careers.datadoghq.com/detail/7645709?gh_jid=7645709,,,No explicit CGPA/academic cutoff specified | No graduation batch restrictions specified | Requires 5.0+ years of prior work experience (Strict Fresher filter enabled),Greenhouse
f3fc1c48e399a81f,2026-08-19,Datadog,Strategic Account Executive (Hong Kong Market),"Singapore, Singapore",0.0,,NEW,https://careers.datadoghq.com/detail/7442122?gh_jid=7442122,,,No explicit CGPA/academic cutoff specified | No graduation batch restrictions specified | Requires 5.0+ years of prior work experience (Strict Fresher filter enabled),Greenhouse
0b55b943159f73a8,2026-08-19,Datadog,Strategic Account Executive - Paris,"Paris, France",0.0,,NEW,https://careers.datadoghq.com/detail/7101117?gh_jid=7101117,,,No explicit CGPA/academic cutoff specified | No graduation batch restrictions specified | Requires 5.0+ years of prior work experience (Strict Fresher filter enabled),Greenhouse
9493af6287862773,2026-08-19,Datadog,"Strategic Account Executive, Public Sector Japan, FED","Tokyo, Japan",0.0,,NEW,https://careers.datadoghq.com/detail/7439149?gh_jid=7439149,,,No explicit CGPA/academic cutoff specified | No graduation batch restrictions specified | Requires 5.0+ years of prior work experience (Strict Fresher filter enabled),Greenhouse
3cd673e98105dcc3,2026-08-19,Datadog,"Strategic Account Executive, Public Sector Japan, SLED","Tokyo, Japan",0.0,,NEW,https://careers.datadoghq.com/detail/7439573?gh_jid=7439573,,,No explicit CGPA/academic cutoff specified | No graduation batch restrictions specified | Requires 5.0+ years of prior work experience (Strict Fresher filter enabled),Greenhouse
b4886107813240d9,2026-08-19,Datadog,Strategic Account Executive (Rome - Italy) ,"Rome, Italy",0.0,,NEW,https://careers.datadoghq.com/detail/5742916?gh_jid=5742916,,,No explicit CGPA/academic cutoff specified | No graduation batch restrictions specified | Requires 5.0+ years of prior work experience (Strict Fresher filter enabled),Greenhouse
f48a10b3c4d4cd5a,2026-08-19,Datadog,Strategic Account Executive (Saudi Arabia),"Riyadh, Saudi Arabia",0.0,,NEW,https://careers.datadoghq.com/detail/7338800?gh_jid=7338800,,,No explicit CGPA/academic cutoff specified | No graduation batch restrictions specified | Requires 5.0+ years of prior work experience (Strict Fresher filter enabled),Greenhouse
015e75bd033ef6ce,2026-08-19,Datadog,Strategic Account Executive (SLED),Remote,0.0,,NEW,https://careers.datadoghq.com/detail/7453034?gh_jid=7453034,,,Academic aggregate ~88.5% meets 70.0% cutoff | No graduation batch restrictions specified | Requires 5.0+ years of prior work experience (Strict Fresher filter enabled),Greenhouse
a04a28e928b4ced1,2026-08-19,Datadog,Strategic Account Executive (UKI),"London, United Kingdom",0.0,,NEW,https://careers.datadoghq.com/detail/5622381?gh_jid=5622381,,,No explicit CGPA/academic cutoff specified | No graduation batch restrictions specified | Requires 5.0+ years of prior work experience (Strict Fresher filter enabled),Greenhouse
b0b5a454c9b96b4d,2026-08-19,Datadog,Strategic Account Executive (UKI) - Public Sector,"London, United Kingdom",0.0,,NEW,https://careers.datadoghq.com/detail/7591735?gh_jid=7591735,,,No explicit CGPA/academic cutoff specified | No graduation batch restrictions specified | Requires 5.0+ years of prior work experience (Strict Fresher filter enabled),Greenhouse
462871c1ac3a0de9,2026-08-19,Datadog,Strategic Account Executive (Vietnam Market),"Singapore, Singapore",0.0,,NEW,https://careers.datadoghq.com/detail/7515110?gh_jid=7515110,,,No explicit CGPA/academic cutoff specified | No graduation batch restrictions specified | Requires 5.0+ years of prior work experience (Strict Fresher filter enabled),Greenhouse
48cf9d1f38828275,2026-08-19,Datadog,"Systems Engineer 2, Technical Solutions (US-East)","New York, New York, USA",0.0,,NEW,https://careers.datadoghq.com/detail/8092973?gh_jid=8092973,,,No explicit CGPA/academic cutoff specified | No graduation batch restrictions specified | Requires 5.0+ years of prior work experience (Strict Fresher filter enabled),Greenhouse
e71da7728105f293,2026-08-19,Datadog,"Team Lead, Strategic Sourcing (IT, SaaS, Hardware)","New York, New York, USA",0.0,,NEW,https://careers.datadoghq.com/detail/8082391?gh_jid=8082391,,,"No explicit CGPA/academic cutoff specified | No graduation batch restrictions specified | Role title 'Team Lead, Strategic Sourcing (IT, SaaS, Hardware)' is a senior/experienced role",Greenhouse
b041e20aaefaf33a,2026-08-19,Datadog,Technical Account Manager,"Tokyo, Japan",0.0,,NEW,https://careers.datadoghq.com/detail/8018694?gh_jid=8018694,,,No explicit CGPA/academic cutoff specified | No graduation batch restrictions specified | Requires 5.0+ years of prior work experience (Strict Fresher filter enabled),Greenhouse
e91406e4f099ef6a,2026-08-19,Datadog,Technical Account Manager 2 - Boston,"Boston, Massachusetts, USA",0.0,,NEW,https://careers.datadoghq.com/detail/8026835?gh_jid=8026835,,,No explicit CGPA/academic cutoff specified | No graduation batch restrictions specified | Requires 5.0+ years of prior work experience (Strict Fresher filter enabled),Greenhouse
38e0575c70efb370,2026-08-19,Datadog,Technical Account Manager 2 - San Francisco,"San Francisco, California, USA",0.0,,NEW,https://careers.datadoghq.com/detail/7989146?gh_jid=7989146,,,No explicit CGPA/academic cutoff specified | No graduation batch restrictions specified | Requires 5.0+ years of prior work experience (Strict Fresher filter enabled),Greenhouse
5918a9757cfe0408,2026-08-19,Datadog,Technical Account Manager 2 - São Paulo,"Sao Paulo, Brazil",0.0,,NEW,https://careers.datadoghq.com/detail/7834545?gh_jid=7834545,,,No explicit CGPA/academic cutoff specified | No graduation batch restrictions specified | Requires 5.0+ years of prior work experience (Strict Fresher filter enabled),Greenhouse
41760e27b9c79ac4,2026-08-19,Datadog,Technical Account Manager 2 - South Africa,Remote,0.0,,NEW,https://careers.datadoghq.com/detail/8018696?gh_jid=8018696,,,No explicit CGPA/academic cutoff specified | No graduation batch restrictions specified | Requires 5.0+ years of prior work experience (Strict Fresher filter enabled),Greenhouse
c95f76b3fcfa8513,2026-08-19,Datadog,Technical Account Manager 2 - West,"Chicago, Illinois, USA; Denver, Colorado, USA",0.0,,NEW,https://careers.datadoghq.com/detail/8026831?gh_jid=8026831,,,No explicit CGPA/academic cutoff specified | No graduation batch restrictions specified | Requires 5.0+ years of prior work experience (Strict Fresher filter enabled),Greenhouse
44c9fb970ed28e32,2026-08-19,Datadog,Technical Account Manager 3 - East,"Boston, Massachusetts, USA; New York, New York, USA",0.0,,NEW,https://careers.datadoghq.com/detail/8046392?gh_jid=8046392,,,No explicit CGPA/academic cutoff specified | No graduation batch restrictions specified | Requires 5.0+ years of prior work experience (Strict Fresher filter enabled),Greenhouse
577debcc09d6a4df,2026-08-19,Datadog,Technical Account Manager 3 - Madrid,"Madrid, Spain",0.0,,NEW,https://careers.datadoghq.com/detail/7982225?gh_jid=7982225,,,No explicit CGPA/academic cutoff specified | No graduation batch restrictions specified | Requires 5.0+ years of prior work experience (Strict Fresher filter enabled),Greenhouse
0e9629f6ec9e99ae,2026-08-19,Datadog,Technical Enablement Manager 3 (Italian Speaking),"Amsterdam, The Netherlands; Dublin, Ireland; Paris, France",0.0,,NEW,https://careers.datadoghq.com/detail/8046399?gh_jid=8046399,,,No explicit CGPA/academic cutoff specified | No graduation batch restrictions specified | Requires 5.0+ years of prior work experience (Strict Fresher filter enabled),Greenhouse
954071a65e2b1d9c,2026-08-19,Datadog,Technical Escalations Engineer 2 (Agent) - US-West,"Denver, Colorado, USA; San Francisco, California, USA",0.0,,NEW,https://careers.datadoghq.com/detail/8094796?gh_jid=8094796,,,No explicit CGPA/academic cutoff specified | No graduation batch restrictions specified | Requires 5.0+ years of prior work experience (Strict Fresher filter enabled),Greenhouse
fe1dd36618e4165a,2026-08-19,Datadog,Technical Escalations Engineer 2 (Network Monitoring) - EMEA,"Dublin, Ireland; Paris, France",0.0,,NEW,https://careers.datadoghq.com/detail/8064226?gh_jid=8064226,,,No explicit CGPA/academic cutoff specified | No graduation batch restrictions specified | Requires 5.0+ years of prior work experience (Strict Fresher filter enabled),Greenhouse
c112f7b869eef23c,2026-08-19,Datadog,Technical Escalations Engineer 2 (Revenue and Cost Management) - APJ,"Seoul, South Korea; Sydney, Australia; Tokyo, Japan",0.0,,NEW,https://careers.datadoghq.com/detail/8095826?gh_jid=8095826,,,No explicit CGPA/academic cutoff specified | No graduation batch restrictions specified | Requires 5.0+ years of prior work experience (Strict Fresher filter enabled),Greenhouse
ae6f36c4d8237025,2026-08-19,Datadog,Technical Escalations Engineer 2 (Web Platform) - US-West,"Denver, Colorado, USA; San Francisco, California, USA",0.0,,NEW,https://careers.datadoghq.com/detail/8130723?gh_jid=8130723,,,No explicit CGPA/academic cutoff specified | No graduation batch restrictions specified | Requires 5.0+ years of prior work experience (Strict Fresher filter enabled),Greenhouse
21bb46b25d1f7b6d,2026-08-19,Datadog,"Technical Program Manager 2, Technical Solutions","Boston, Massachusetts, USA; New York, New York, USA; San Francisco, California, USA",0.0,,NEW,https://careers.datadoghq.com/detail/8030837?gh_jid=8030837,,,No explicit CGPA/academic cutoff specified | No graduation batch restrictions specified | Requires 5.0+ years of prior work experience (Strict Fresher filter enabled),Greenhouse
c8ebdf668e0b4169,2026-08-19,Datadog,"Technical Support Engineer 2, Premier - NYC (Japanese Speaking)","New York, New York, USA",0.0,,NEW,https://careers.datadoghq.com/detail/8109441?gh_jid=8109441,,,No explicit CGPA/academic cutoff specified | No graduation batch restrictions specified | Requires 5.0+ years of prior work experience (Strict Fresher filter enabled),Greenhouse
9bfa94432afe52d0,2026-08-19,Datadog,"Technical Support Engineer 2, Premier - Sao Paulo","Sao Paulo, Brazil",0.0,,NEW,https://careers.datadoghq.com/detail/8096181?gh_jid=8096181,,,No explicit CGPA/academic cutoff specified | No graduation batch restrictions specified | Requires 5.0+ years of prior work experience (Strict Fresher filter enabled),Greenhouse
c5a072dac4b02c2e,2026-08-19,Datadog,"Technical Support Engineer 3, Premier - Sao Paulo","Sao Paulo, Brazil",0.0,,NEW,https://careers.datadoghq.com/detail/8097533?gh_jid=8097533,,,No explicit CGPA/academic cutoff specified | No graduation batch restrictions specified | Requires 5.0+ years of prior work experience (Strict Fresher filter enabled),Greenhouse
8abff869c2aa53f0,2026-08-19,Datadog,"Technical Support Engineer 3, Premier - US-West","Denver, Colorado, USA; San Francisco, California, USA",0.0,,NEW,https://careers.datadoghq.com/detail/7758574?gh_jid=7758574,,,No explicit CGPA/academic cutoff specified | No graduation batch restrictions specified | Requires 5.0+ years of prior work experience (Strict Fresher filter enabled),Greenhouse
c11afb2bca1b7de4,2026-08-19,GitLab,Account Executive - Italy,Remote,0.0,,NEW,https://job-boards.greenhouse.io/gitlab/jobs/8503792002,,,Academic aggregate ~88.5% meets 50.0% cutoff | No graduation batch restrictions specified | Requires 5.0+ years of prior work experience (Strict Fresher filter enabled),Greenhouse
4813b93741499f07,2026-08-19,GitLab,AI Engineer,Remote,0.0,,NEW,https://job-boards.greenhouse.io/gitlab/jobs/8556658002,,,Academic aggregate ~88.5% meets 50.0% cutoff | No graduation batch restrictions specified | Requires 5.0+ years of prior work experience (Strict Fresher filter enabled),Greenhouse
1b31ddc7f8a066b8,2026-08-19,GitLab,"AI Transformation Owner, CRO",Remote,0.0,,NEW,https://job-boards.greenhouse.io/gitlab/jobs/8638232002,,,Academic aggregate ~88.5% meets 50.0% cutoff | No graduation batch restrictions specified | Requires 5.0+ years of prior work experience (Strict Fresher filter enabled),Greenhouse
6e835e7a857dc515,2026-08-19,GitLab,Area Vice President - Financial Services ,Remote,0.0,,NEW,https://job-boards.greenhouse.io/gitlab/jobs/8631068002,,,Academic aggregate ~88.5% meets 50.0% cutoff | No graduation batch restrictions specified | Requires 5.0+ years of prior work experience (Strict Fresher filter enabled),Greenhouse
96d28bd9a570b270,2026-08-19,GitLab,Area Vice President - LATAM,Remote,0.0,,NEW,https://job-boards.greenhouse.io/gitlab/jobs/8624025002,,,Academic aggregate ~88.5% meets 50.0% cutoff | No graduation batch restrictions specified | Requires 5.0+ years of prior work experience (Strict Fresher filter enabled),Greenhouse
e4bb1d7c0d347092,2026-08-19,GitLab,Associate Solutions Architect (French or German fluency) ,Remote,0.0,,NEW,https://job-boards.greenhouse.io/gitlab/jobs/8675543002,,,Academic aggregate ~88.5% meets 50.0% cutoff | No graduation batch restrictions specified | Role title 'Associate Solutions Architect (French or German fluency)' is a senior/experienced role,Greenhouse
730b45bb4f73a780,2026-08-19,GitLab,"Backend Engineer, Geo Team","Bangalore, India",0.0,,NEW,https://job-boards.greenhouse.io/gitlab/jobs/8695515002,,,Academic aggregate ~88.5% meets 50.0% cutoff | No graduation batch restrictions specified | Requires 5.0+ years of prior work experience (Strict Fresher filter enabled),Greenhouse
82e90f6a4c49b183,2026-08-19,GitLab,"Backend Engineer (Ruby), AI Engineering: Agent Observability",Remote,0.0,,NEW,https://job-boards.greenhouse.io/gitlab/jobs/8620720002,,,Academic aggregate ~88.5% meets 50.0% cutoff | No graduation batch restrictions specified | Requires 5.0+ years of prior work experience (Strict Fresher filter enabled),Greenhouse
4209e798ed72d47a,2026-08-19,GitLab,Business Development Representative ,Remote,0.0,,NEW,https://job-boards.greenhouse.io/gitlab/jobs/8532272002,,,Academic aggregate ~88.5% meets 50.0% cutoff | No graduation batch restrictions specified | Requires 5.0+ years of prior work experience (Strict Fresher filter enabled),Greenhouse
47ce4174f971eccd,2026-08-19,GitLab,"Business Development Representative, German Speaking",Remote,0.0,,NEW,https://job-boards.greenhouse.io/gitlab/jobs/8691636002,,,Academic aggregate ~88.5% meets 50.0% cutoff | No graduation batch restrictions specified | Requires 5.0+ years of prior work experience (Strict Fresher filter enabled),Greenhouse
5c632da4095a632e,2026-08-19,GitLab,Business Development Representative - MENA   ,Remote,0.0,,NEW,https://job-boards.greenhouse.io/gitlab/jobs/8608546002,,,Academic aggregate ~88.5% meets 50.0% cutoff | No graduation batch restrictions specified | Requires 5.0+ years of prior work experience (Strict Fresher filter enabled),Greenhouse
6efed1548da0350c,2026-08-19,GitLab,Business Development Representative - Nordics,Remote,0.0,,NEW,https://job-boards.greenhouse.io/gitlab/jobs/8687381002,,,Academic aggregate ~88.5% meets 50.0% cutoff | No graduation batch restrictions specified | Requires 5.0+ years of prior work experience (Strict Fresher filter enabled),Greenhouse
f619dcf5ed6fc535,2026-08-19,GitLab,Commercial Account Executive - Australia,Remote,0.0,,NEW,https://job-boards.greenhouse.io/gitlab/jobs/8617211002,,,Academic aggregate ~88.5% meets 50.0% cutoff | No graduation batch restrictions specified | Requires 5.0+ years of prior work experience (Strict Fresher filter enabled),Greenhouse
c6faaba454dfe580,2026-08-19,GitLab,Commercial Account Executive - DACH,Remote,0.0,,NEW,https://job-boards.greenhouse.io/gitlab/jobs/8631153002,,,Academic aggregate ~88.5% meets 50.0% cutoff | No graduation batch restrictions specified | Requires 5.0+ years of prior work experience (Strict Fresher filter enabled),Greenhouse
1c61cff4b5fddb71,2026-08-19,GitLab,Commercial Account Executive - Greece/Malta ,Remote,0.0,,NEW,https://job-boards.greenhouse.io/gitlab/jobs/8528922002,,,Academic aggregate ~88.5% meets 50.0% cutoff | No graduation batch restrictions specified | Requires 5.0+ years of prior work experience (Strict Fresher filter enabled),Greenhouse
9f78885edfb08728,2026-08-19,GitLab,Commercial Account Executive - Japan,Remote,0.0,,NEW,https://job-boards.greenhouse.io/gitlab/jobs/8595154002,,,Academic aggregate ~88.5% meets 50.0% cutoff | No graduation batch restrictions specified | Requires 8.0+ years of prior work experience (Strict Fresher filter enabled),Greenhouse
0cf42a467f2307f7,2026-08-19,GitLab,Commercial Account Executive - MENA,Remote,0.0,,NEW,https://job-boards.greenhouse.io/gitlab/jobs/8638001002,,,Academic aggregate ~88.5% meets 50.0% cutoff | No graduation batch restrictions specified | Requires 5.0+ years of prior work experience (Strict Fresher filter enabled),Greenhouse
c1fedd48db2f4110,2026-08-19,GitLab,"Commercial Account Executive, Mexico",Remote,0.0,,NEW,https://job-boards.greenhouse.io/gitlab/jobs/8673657002,,,Academic aggregate ~88.5% meets 50.0% cutoff | No graduation batch restrictions specified | Requires 5.0+ years of prior work experience (Strict Fresher filter enabled),Greenhouse
7fbf2006aa268c5c,2026-08-19,GitLab,"Commercial Account Executive - Mid-Market, Canada",Remote,0.0,,NEW,https://job-boards.greenhouse.io/gitlab/jobs/8561622002,,,Academic aggregate ~88.5% meets 50.0% cutoff | No graduation batch restrictions specified | Requires 5.0+ years of prior work experience (Strict Fresher filter enabled),Greenhouse
4be59dd05df53ffb,2026-08-19,GitLab,"Commercial Account Executive - Named, US East",Remote,0.0,,NEW,https://job-boards.greenhouse.io/gitlab/jobs/8611838002,,,Academic aggregate ~88.5% meets 50.0% cutoff | No graduation batch restrictions specified | Requires 5.0+ years of prior work experience (Strict Fresher filter enabled),Greenhouse
4fcfcdd6fd2029b1,2026-08-19,GitLab,"Commercial Account Executive, Named - West",Remote,0.0,,NEW,https://job-boards.greenhouse.io/gitlab/jobs/8592555002,,,Academic aggregate ~88.5% meets 50.0% cutoff | No graduation batch restrictions specified | Requires 5.0+ years of prior work experience (Strict Fresher filter enabled),Greenhouse
849e7f1426e2076f,2026-08-19,GitLab,"Commercial Account Executive, Northern Cone",Remote,0.0,,NEW,https://job-boards.greenhouse.io/gitlab/jobs/8684071002,,,Academic aggregate ~88.5% meets 50.0% cutoff | No graduation batch restrictions specified | Requires 5.0+ years of prior work experience (Strict Fresher filter enabled),Greenhouse
1ae0dce7c13ffdb2,2026-08-19,GitLab,"Commercial Legal Counsel, Public Sector ",Remote,0.0,,NEW,https://job-boards.greenhouse.io/gitlab/jobs/8562593002,,,Academic aggregate ~88.5% meets 50.0% cutoff | No graduation batch restrictions specified | Requires 5.0+ years of prior work experience (Strict Fresher filter enabled),Greenhouse
3090f51547f5bb74,2026-08-19,GitLab,Customer Success Architect,Remote,0.0,,NEW,https://job-boards.greenhouse.io/gitlab/jobs/8617525002,,,Academic aggregate ~88.5% meets 50.0% cutoff | No graduation batch restrictions specified | Role title 'Customer Success Architect' is a senior/experienced role,Greenhouse
1a6f5506bf2c2cb7,2026-08-19,GitLab,"Customer Success Architect, CEUR",Remote,0.0,,NEW,https://job-boards.greenhouse.io/gitlab/jobs/8646852002,,,"Academic aggregate ~88.5% meets 50.0% cutoff | No graduation batch restrictions specified | Role title 'Customer Success Architect, CEUR' is a senior/experienced role",Greenhouse
39451e193df59391,2026-08-19,GitLab,"Customer Success Architect, EMEA",Remote,0.0,,NEW,https://job-boards.greenhouse.io/gitlab/jobs/8561952002,,,"Academic aggregate ~88.5% meets 50.0% cutoff | No graduation batch restrictions specified | Role title 'Customer Success Architect, EMEA' is a senior/experienced role",Greenhouse
b89a2a9773177e75,2026-08-19,GitLab,"Customer Success Engineer, LATAM (Spanish, Portugese) ",Remote,0.0,,NEW,https://job-boards.greenhouse.io/gitlab/jobs/8637426002,,,Academic aggregate ~88.5% meets 50.0% cutoff | No graduation batch restrictions specified | Requires 5.0+ years of prior work experience (Strict Fresher filter enabled),Greenhouse
007365657ec9b2a8,2026-08-19,GitLab,Customer Success Manager,Remote,0.0,,NEW,https://job-boards.greenhouse.io/gitlab/jobs/8533016002,,,Academic aggregate ~88.5% meets 50.0% cutoff | No graduation batch restrictions specified | Requires 5.0+ years of prior work experience (Strict Fresher filter enabled),Greenhouse
b80dd76a861ddcdb,2026-08-19,GitLab,Customer Success Manager - Australia,Remote,0.0,,NEW,https://job-boards.greenhouse.io/gitlab/jobs/8548980002,,,Academic aggregate ~88.5% meets 50.0% cutoff | No graduation batch restrictions specified | Requires 5.0+ years of prior work experience (Strict Fresher filter enabled),Greenhouse
d40fcba917641058,2026-08-19,GitLab,Customer Success Manager- Public Sector,Remote,0.0,,NEW,https://job-boards.greenhouse.io/gitlab/jobs/8646022002,,,Academic aggregate ~88.5% meets 50.0% cutoff | No graduation batch restrictions specified | Requires 5.0+ years of prior work experience (Strict Fresher filter enabled),Greenhouse
4caba599a76c06a8,2026-08-19,GitLab,"Deal Desk Strategist, Philippines",Remote,0.0,,NEW,https://job-boards.greenhouse.io/gitlab/jobs/8648306002,,,Academic aggregate ~88.5% meets 50.0% cutoff | No graduation batch restrictions specified | Requires 5.0+ years of prior work experience (Strict Fresher filter enabled),Greenhouse
91dc8ca00ea6468c,2026-08-19,GitLab,"Director, Engineering, Platform Operations & Productivity","Bangalore, India",0.0,,NEW,https://job-boards.greenhouse.io/gitlab/jobs/8626772002,,,"Academic aggregate ~88.5% meets 50.0% cutoff | No graduation batch restrictions specified | Role title 'Director, Engineering, Platform Operations & Productivity' is a senior/experienced role",Greenhouse
b2ec9979bda38924,2026-08-19,GitLab,"Director of Engineering, Organizations & Cells","Bangalore, India",0.0,,NEW,https://job-boards.greenhouse.io/gitlab/jobs/8696826002,,,"Academic aggregate ~88.5% meets 50.0% cutoff | No graduation batch restrictions specified | Role title 'Director of Engineering, Organizations & Cells' is a senior/experienced role",Greenhouse
fdc70ad2dc63b7d3,2026-08-19,GitLab,"Director of Engineering, Security Factory",Remote,0.0,,NEW,https://job-boards.greenhouse.io/gitlab/jobs/8607104002,,,"Academic aggregate ~88.5% meets 50.0% cutoff | No graduation batch restrictions specified | Role title 'Director of Engineering, Security Factory' is a senior/experienced role",Greenhouse
2adaa48386494573,2026-08-19,GitLab,"Director, Pipeline Excellence",Remote,0.0,,NEW,https://job-boards.greenhouse.io/gitlab/jobs/8637101002,,,"Academic aggregate ~88.5% meets 50.0% cutoff | No graduation batch restrictions specified | Role title 'Director, Pipeline Excellence' is a senior/experienced role",Greenhouse
00dfcf3d733dc3a4,2026-08-19,GitLab,"Director, Strategic Partnerships",Remote,0.0,,NEW,https://job-boards.greenhouse.io/gitlab/jobs/8615811002,,,"Academic aggregate ~88.5% meets 50.0% cutoff | No graduation batch restrictions specified | Role title 'Director, Strategic Partnerships' is a senior/experienced role",Greenhouse
8d5f8e9eb63cc8e8,2026-08-19,GitLab,"Director, Support (Bengaluru)","Bangalore, India",0.0,,NEW,https://job-boards.greenhouse.io/gitlab/jobs/8629019002,,,"Academic aggregate ~88.5% meets 50.0% cutoff | No graduation batch restrictions specified | Role title 'Director, Support (Bengaluru)' is a senior/experienced role",Greenhouse
e039b7a69ee8c548,2026-08-19,GitLab,"Director, Support (EMEA)",Remote,0.0,,NEW,https://job-boards.greenhouse.io/gitlab/jobs/8629005002,,,"Academic aggregate ~88.5% meets 50.0% cutoff | No graduation batch restrictions specified | Role title 'Director, Support (EMEA)' is a senior/experienced role",Greenhouse
48cc70fd54258fed,2026-08-19,GitLab,Ecosystem Sales Manager,Remote,0.0,,NEW,https://job-boards.greenhouse.io/gitlab/jobs/8684201002,,,Academic aggregate ~88.5% meets 50.0% cutoff | No graduation batch restrictions specified | Requires 5.0+ years of prior work experience (Strict Fresher filter enabled),Greenhouse
8b7619fc537aae5e,2026-08-19,GitLab,"Ecosystem Sales Manager, Carahsoft (Washington DC)",Remote,0.0,,NEW,https://job-boards.greenhouse.io/gitlab/jobs/8618771002,,,Academic aggregate ~88.5% meets 50.0% cutoff | No graduation batch restrictions specified | Requires 5.0+ years of prior work experience (Strict Fresher filter enabled),Greenhouse
65c15b3f787fea0b,2026-08-19,GitLab,Ecosystem Sales Manager: Scale,Remote,0.0,,NEW,https://job-boards.greenhouse.io/gitlab/jobs/8640317002,,,Academic aggregate ~88.5% meets 50.0% cutoff | No graduation batch restrictions specified | Requires 5.0+ years of prior work experience (Strict Fresher filter enabled),Greenhouse
5bb8e6984c972e83,2026-08-19,GitLab,Enablement Content Manager,Remote,0.0,,NEW,https://job-boards.greenhouse.io/gitlab/jobs/8635277002,,,Academic aggregate ~88.5% meets 50.0% cutoff | No graduation batch restrictions specified | Requires 5.0+ years of prior work experience (Strict Fresher filter enabled),Greenhouse
c7a417978d072cb7,2026-08-19,GitLab,"Engineering Manager, AI Engineering: Chat",Remote,0.0,,NEW,https://job-boards.greenhouse.io/gitlab/jobs/8603824002,,,"Academic aggregate ~88.5% meets 50.0% cutoff | No graduation batch restrictions specified | Role title 'Engineering Manager, AI Engineering: Chat' is a senior/experienced role",Greenhouse
3ab720459efaefb2,2026-08-19,GitLab,"Engineering Manager, Cell Infrastructure","Bangalore, India",0.0,,NEW,https://job-boards.greenhouse.io/gitlab/jobs/8615946002,,,"Academic aggregate ~88.5% meets 50.0% cutoff | No graduation batch restrictions specified | Role title 'Engineering Manager, Cell Infrastructure' is a senior/experienced role",Greenhouse
854c58bce1fad07f,2026-08-19,GitLab,"Engineering Manager, Data Foundations",Remote,0.0,,NEW,https://job-boards.greenhouse.io/gitlab/jobs/8592950002,,,"Academic aggregate ~88.5% meets 50.0% cutoff | No graduation batch restrictions specified | Role title 'Engineering Manager, Data Foundations' is a senior/experienced role",Greenhouse
5fc091b3ed38b409,2026-08-19,GitLab," Engineering Manager, Dedicated Integrations",Remote,0.0,,NEW,https://job-boards.greenhouse.io/gitlab/jobs/8636648002,,,"Academic aggregate ~88.5% meets 50.0% cutoff | No graduation batch restrictions specified | Role title 'Engineering Manager, Dedicated Integrations' is a senior/experienced role",Greenhouse
e1515c9a0aa20719,2026-08-19,GitLab,"Engineering Manager, Growth",Remote,0.0,,NEW,https://job-boards.greenhouse.io/gitlab/jobs/8592891002,,,"Academic aggregate ~88.5% meets 50.0% cutoff | No graduation batch restrictions specified | Role title 'Engineering Manager, Growth' is a senior/experienced role",Greenhouse
d63b254eb87bdc38,2026-08-19,GitLab,"Engineering Manager, SSCS: Supply Chain","Bangalore, India",0.0,,NEW,https://job-boards.greenhouse.io/gitlab/jobs/8478405002,,,"Academic aggregate ~88.5% meets 50.0% cutoff | No graduation batch restrictions specified | Role title 'Engineering Manager, SSCS: Supply Chain' is a senior/experienced role",Greenhouse
38f6bacd49dd027f,2026-08-19,GitLab,"Engineering Manager, Switchboard",Remote,0.0,,NEW,https://job-boards.greenhouse.io/gitlab/jobs/8586632002,,,"Academic aggregate ~88.5% meets 50.0% cutoff | No graduation batch restrictions specified | Role title 'Engineering Manager, Switchboard' is a senior/experienced role",Greenhouse
d194ec8d39d7b272,2026-08-19,GitLab,"Engineering Manager, Tenant Scale:Git",Remote,0.0,,NEW,https://job-boards.greenhouse.io/gitlab/jobs/8617538002,,,"Academic aggregate ~88.5% meets 50.0% cutoff | No graduation batch restrictions specified | Role title 'Engineering Manager, Tenant Scale:Git' is a senior/experienced role",Greenhouse
18896ff20862037d,2026-08-19,GitLab,Enterprise Account Executive - Singapore ,Remote,0.0,,NEW,https://job-boards.greenhouse.io/gitlab/jobs/8640151002,,,Academic aggregate ~88.5% meets 50.0% cutoff | No graduation batch restrictions specified | Requires 5.0+ years of prior work experience (Strict Fresher filter enabled),Greenhouse
01943e1099d599ed,2026-08-19,GitLab,Forward Deployed Engineer - EMEA,Remote,0.0,,NEW,https://job-boards.greenhouse.io/gitlab/jobs/8522408002,,,Academic aggregate ~88.5% meets 50.0% cutoff | No graduation batch restrictions specified | Requires 5.0+ years of prior work experience (Strict Fresher filter enabled),Greenhouse
cfa9a974649f49fb,2026-08-19,GitLab,Forward Deployed Engineer - META,Remote,0.0,,NEW,https://job-boards.greenhouse.io/gitlab/jobs/8524783002,,,Academic aggregate ~88.5% meets 50.0% cutoff | No graduation batch restrictions specified | Requires 5.0+ years of prior work experience (Strict Fresher filter enabled),Greenhouse
d77ef1c6d6b87e2b,2026-08-19,GitLab,"FP&A Manager, R&D",Remote,0.0,,NEW,https://job-boards.greenhouse.io/gitlab/jobs/8626198002,,,Academic aggregate ~88.5% meets 50.0% cutoff | No graduation batch restrictions specified | Requires 5.0+ years of prior work experience (Strict Fresher filter enabled),Greenhouse
a8a458fd53cd950a,2026-08-19,GitLab,High Velocity Enablement Lead ,Remote,0.0,,NEW,https://job-boards.greenhouse.io/gitlab/jobs/8604633002,,,Academic aggregate ~88.5% meets 50.0% cutoff | No graduation batch restrictions specified | Role title 'High Velocity Enablement Lead' is a senior/experienced role,Greenhouse
aaa2e08573c6a23b,2026-08-19,GitLab,Hyperscaler Operations Manager,Remote,0.0,,NEW,https://job-boards.greenhouse.io/gitlab/jobs/8632005002,,,Academic aggregate ~88.5% meets 50.0% cutoff | No graduation batch restrictions specified | Requires 6.0+ years of prior work experience (Strict Fresher filter enabled),Greenhouse
24bf9dd75999b11e,2026-08-19,GitLab,Intermediate Backend Engineer,"Bangalore, India",0.0,,NEW,https://job-boards.greenhouse.io/gitlab/jobs/8686962002,,,Academic aggregate ~88.5% meets 50.0% cutoff | No graduation batch restrictions specified | Requires 5.0+ years of prior work experience (Strict Fresher filter enabled),Greenhouse
29c97f94b18b7d19,2026-08-19,GitLab,"Intermediate Backend Engineer, Platform Readiness",Remote,0.0,,NEW,https://job-boards.greenhouse.io/gitlab/jobs/8644569002,,,Academic aggregate ~88.5% meets 50.0% cutoff | No graduation batch restrictions specified | Requires 5.0+ years of prior work experience (Strict Fresher filter enabled),Greenhouse
f6c81def66c8d9ad,2026-08-19,GitLab,Intermediate Fullstack Engineer - Data Products,"Bangalore, India",0.0,,NEW,https://job-boards.greenhouse.io/gitlab/jobs/8623751002,,,Academic aggregate ~88.5% meets 50.0% cutoff | No graduation batch restrictions specified | Requires 5.0+ years of prior work experience (Strict Fresher filter enabled),Greenhouse
a4f07dd31343a200,2026-08-19,GitLab,Intermediate Support Engineer,"Bangalore, India",0.0,,NEW,https://job-boards.greenhouse.io/gitlab/jobs/8687026002,,,Academic aggregate ~88.5% meets 50.0% cutoff | No graduation batch restrictions specified | Requires 5.0+ years of prior work experience (Strict Fresher filter enabled),Greenhouse
c6896d736b35bb71,2026-08-19,GitLab,Intermediate Support Engineer (SHIFT),Remote,0.0,,NEW,https://job-boards.greenhouse.io/gitlab/jobs/8684078002,,,Academic aggregate ~88.5% meets 50.0% cutoff | No graduation batch restrictions specified | Requires 5.0+ years of prior work experience (Strict Fresher filter enabled),Greenhouse
16679caa0dff71f4,2026-08-19,GitLab,Lead Internal Events & Production Strategist,Remote,0.0,,NEW,https://job-boards.greenhouse.io/gitlab/jobs/8617777002,,,Academic aggregate ~88.5% meets 50.0% cutoff | No graduation batch restrictions specified | Requires 5.0+ years of prior work experience (Strict Fresher filter enabled),Greenhouse
6235449980052164,2026-08-19,GitLab,Lead SEC Analyst,Remote,0.0,,NEW,https://job-boards.greenhouse.io/gitlab/jobs/8633807002,,,Academic aggregate ~88.5% meets 50.0% cutoff | No graduation batch restrictions specified | Role title 'Lead SEC Analyst' is a senior/experienced role,Greenhouse
76e6b0e6849ad84c,2026-08-19,GitLab,"Manager, Customer Success Managers, EMEA",Remote,0.0,,NEW,https://job-boards.greenhouse.io/gitlab/jobs/8613199002,,,Academic aggregate ~88.5% meets 50.0% cutoff | No graduation batch restrictions specified | Requires 5.0+ years of prior work experience (Strict Fresher filter enabled),Greenhouse
9fba5ccaf5f87418,2026-08-19,GitLab,"Manager, Customer Success Operations",Remote,0.0,,NEW,https://job-boards.greenhouse.io/gitlab/jobs/8604996002,,,Academic aggregate ~88.5% meets 50.0% cutoff | No graduation batch restrictions specified | Requires 5.0+ years of prior work experience (Strict Fresher filter enabled),Greenhouse
44c0242c3a2bf1c5,2026-08-19,GitLab,"Manager, Engineering, Git & Gitaly Operations",Remote,0.0,,NEW,https://job-boards.greenhouse.io/gitlab/jobs/8626740002,,,Academic aggregate ~88.5% meets 50.0% cutoff | No graduation batch restrictions specified | Requires 5.0+ years of prior work experience (Strict Fresher filter enabled),Greenhouse
ffc99d7f044c1a7d,2026-08-19,GitLab,"Manager, Engineering, Nonlinear Productivity (Friction Elimination & Solutions)",Remote,0.0,,NEW,https://job-boards.greenhouse.io/gitlab/jobs/8632388002,,,Academic aggregate ~88.5% meets 50.0% cutoff | No graduation batch restrictions specified | Requires 5.0+ years of prior work experience (Strict Fresher filter enabled),Greenhouse
63198d4a134c577f,2026-08-19,GitLab,"Manager, IT SOX PMO",Remote,0.0,,NEW,https://job-boards.greenhouse.io/gitlab/jobs/8643154002,,,Academic aggregate ~88.5% meets 50.0% cutoff | No graduation batch restrictions specified | Requires 5.0+ years of prior work experience (Strict Fresher filter enabled),Greenhouse
26b36bc4c36a0462,2026-08-19,GitLab,"Manager, Procurement",Remote,0.0,,NEW,https://job-boards.greenhouse.io/gitlab/jobs/8642786002,,,Academic aggregate ~88.5% meets 50.0% cutoff | No graduation batch restrictions specified | Requires 5.0+ years of prior work experience (Strict Fresher filter enabled),Greenhouse
4e507b57f1021c9a,2026-08-19,GitLab,"Manager, Solutions Architect - CEUR",Remote,0.0,,NEW,https://job-boards.greenhouse.io/gitlab/jobs/8626770002,,,"Academic aggregate ~88.5% meets 50.0% cutoff | No graduation batch restrictions specified | Role title 'Manager, Solutions Architect - CEUR' is a senior/experienced role",Greenhouse
0a8903a4b9c6dd02,2026-08-19,GitLab,"Manager, Solutions Architect - India ",Remote,0.0,,NEW,https://job-boards.greenhouse.io/gitlab/jobs/8627761002,,,"Academic aggregate ~88.5% meets 50.0% cutoff | No graduation batch restrictions specified | Role title 'Manager, Solutions Architect - India' is a senior/experienced role",Greenhouse
1443d5957d43d505,2026-08-19,GitLab,"Manager, Solutions Architects",Remote,0.0,,NEW,https://job-boards.greenhouse.io/gitlab/jobs/8396674002,,,Academic aggregate ~88.5% meets 50.0% cutoff | No graduation batch restrictions specified | Requires 5.0+ years of prior work experience (Strict Fresher filter enabled),Greenhouse
efa50acb50c62d26,2026-08-19,GitLab,"Manager, Solutions Architecture - East ",Remote,0.0,,NEW,https://job-boards.greenhouse.io/gitlab/jobs/8641849002,,,Academic aggregate ~88.5% meets 50.0% cutoff | No graduation batch restrictions specified | Requires 5.0+ years of prior work experience (Strict Fresher filter enabled),Greenhouse
89c22b651c49eeda,2026-08-19,GitLab,"Manager, Solutions Architecture - UK&I",Remote,0.0,,NEW,https://job-boards.greenhouse.io/gitlab/jobs/8626762002,,,Academic aggregate ~88.5% meets 50.0% cutoff | No graduation batch restrictions specified | Requires 5.0+ years of prior work experience (Strict Fresher filter enabled),Greenhouse
506605216eebe470,2026-08-19,GitLab,"Manager, Strategic Finance",Remote,0.0,,NEW,https://job-boards.greenhouse.io/gitlab/jobs/8639170002,,,Academic aggregate ~88.5% meets 50.0% cutoff | No graduation batch restrictions specified | Requires 5.0+ years of prior work experience (Strict Fresher filter enabled),Greenhouse
46868f57ec913dbb,2026-08-19,GitLab,"Manager, Support Engineering, US Government",Remote,0.0,,NEW,https://job-boards.greenhouse.io/gitlab/jobs/8707385002,,,Academic aggregate ~88.5% meets 50.0% cutoff | No graduation batch restrictions specified | Requires 5.0+ years of prior work experience (Strict Fresher filter enabled),Greenhouse
66613d1791dfbca2,2026-08-19,GitLab,New Business Account Executive - Nordics,Remote,0.0,,NEW,https://job-boards.greenhouse.io/gitlab/jobs/8615513002,,,Academic aggregate ~88.5% meets 50.0% cutoff | No graduation batch restrictions specified | Requires 5.0+ years of prior work experience (Strict Fresher filter enabled),Greenhouse
e6304258c55ceed3,2026-08-19,GitLab,New Business Account Executive - West,Remote,0.0,,NEW,https://job-boards.greenhouse.io/gitlab/jobs/8615797002,,,Academic aggregate ~88.5% meets 50.0% cutoff | No graduation batch restrictions specified | Requires 5.0+ years of prior work experience (Strict Fresher filter enabled),Greenhouse
cebddabe2f763b97,2026-08-19,GitLab,"Principal Product Manager, AI Software Factory",Remote,0.0,,NEW,https://job-boards.greenhouse.io/gitlab/jobs/8658878002,,,"Academic aggregate ~88.5% meets 50.0% cutoff | No graduation batch restrictions specified | Role title 'Principal Product Manager, AI Software Factory' is a senior/experienced role",Greenhouse
77e70d1742090bef,2026-08-19,GitLab,"Principal Product Manager, Engineering Intelligence & Insights",Remote,0.0,,NEW,https://job-boards.greenhouse.io/gitlab/jobs/8597813002,,,"Academic aggregate ~88.5% meets 50.0% cutoff | No graduation batch restrictions specified | Role title 'Principal Product Manager, Engineering Intelligence & Insights' is a senior/experienced role",Greenhouse
78539bf56617ea57,2026-08-19,GitLab,"Principal Program Manager, Go-To-Market",Remote,0.0,,NEW,https://job-boards.greenhouse.io/gitlab/jobs/8697215002,,,"Academic aggregate ~88.5% meets 50.0% cutoff | No graduation batch restrictions specified | Role title 'Principal Program Manager, Go-To-Market' is a senior/experienced role",Greenhouse
ace433952d4f8dc4,2026-08-19,GitLab,Professional Services Engagement Manager,Remote,0.0,,NEW,https://job-boards.greenhouse.io/gitlab/jobs/8579044002,,,Academic aggregate ~88.5% meets 50.0% cutoff | No graduation batch restrictions specified | Requires 5.0+ years of prior work experience (Strict Fresher filter enabled),Greenhouse
363698447760da87,2026-08-19,GitLab,Public Sector Strategic Account Executive - Canada,Remote,0.0,,NEW,https://job-boards.greenhouse.io/gitlab/jobs/8660935002,,,Academic aggregate ~88.5% meets 50.0% cutoff | No graduation batch restrictions specified | Requires 5.0+ years of prior work experience (Strict Fresher filter enabled),Greenhouse
c1e2b64d88f09054,2026-08-19,GitLab,"Public Sector Strategic Account Executive, SLED - Mountain Plains",Remote,0.0,,NEW,https://job-boards.greenhouse.io/gitlab/jobs/8649994002,,,Academic aggregate ~88.5% meets 50.0% cutoff | No graduation batch restrictions specified | Requires 5.0+ years of prior work experience (Strict Fresher filter enabled),Greenhouse
e092fef2dd314597,2026-08-19,GitLab,"Recruiter, Sales (Contract)",Remote,0.0,,NEW,https://job-boards.greenhouse.io/gitlab/jobs/8662116002,,,Academic aggregate ~88.5% meets 50.0% cutoff | No graduation batch restrictions specified | Requires 5.0+ years of prior work experience (Strict Fresher filter enabled),Greenhouse
0c087793be50cce5,2026-08-19,GitLab,"Regional Sales Director, Brazil",Remote,0.0,,NEW,https://job-boards.greenhouse.io/gitlab/jobs/8673952002,,,"Academic aggregate ~88.5% meets 50.0% cutoff | No graduation batch restrictions specified | Role title 'Regional Sales Director, Brazil' is a senior/experienced role",Greenhouse
9915a3663f107d0b,2026-08-19,GitLab,Renewals Manager,Remote,0.0,,NEW,https://job-boards.greenhouse.io/gitlab/jobs/8611813002,,,Academic aggregate ~88.5% meets 50.0% cutoff | No graduation batch restrictions specified | Requires 5.0+ years of prior work experience (Strict Fresher filter enabled),Greenhouse
050e8edeb463547c,2026-08-19,GitLab,Renewals Manager UK&I,Remote,0.0,,NEW,https://job-boards.greenhouse.io/gitlab/jobs/8620580002,,,Academic aggregate ~88.5% meets 50.0% cutoff | No graduation batch restrictions specified | Requires 5.0+ years of prior work experience (Strict Fresher filter enabled),Greenhouse
b851fe1ca0aac526,2026-08-19,GitLab,Renewals Manager - West   ,Remote,0.0,,NEW,https://job-boards.greenhouse.io/gitlab/jobs/8682749002,,,Academic aggregate ~88.5% meets 50.0% cutoff | No graduation batch restrictions specified | Requires 5.0+ years of prior work experience (Strict Fresher filter enabled),Greenhouse
89dc521276ae3fc8,2026-08-19,GitLab,Revenue Analytics Manager,Remote,0.0,,NEW,https://job-boards.greenhouse.io/gitlab/jobs/8616247002,,,Academic aggregate ~88.5% meets 50.0% cutoff | No graduation batch restrictions specified | Requires 5.0+ years of prior work experience (Strict Fresher filter enabled),Greenhouse
d0dfddcc521d2d71,2026-08-19,GitLab,"Revenue Strategist Manager, Renewals",Remote,0.0,,NEW,https://job-boards.greenhouse.io/gitlab/jobs/8645879002,,,Academic aggregate ~88.5% meets 50.0% cutoff | No graduation batch restrictions specified | Requires 5.0+ years of prior work experience (Strict Fresher filter enabled),Greenhouse
daa7852aed7e2d3a,2026-08-19,GitLab,Revenue Technology Analyst,Remote,0.0,,NEW,https://job-boards.greenhouse.io/gitlab/jobs/8618795002,,,Academic aggregate ~88.5% meets 50.0% cutoff | No graduation batch restrictions specified | Requires 5.0+ years of prior work experience (Strict Fresher filter enabled),Greenhouse
b965591da430d85d,2026-08-19,GitLab,"RPA Engineer, UiPath","Bangalore, India",0.0,,NEW,https://job-boards.greenhouse.io/gitlab/jobs/8705011002,,,Academic aggregate ~88.5% meets 50.0% cutoff | No graduation batch restrictions specified | Requires 5.0+ years of prior work experience (Strict Fresher filter enabled),Greenhouse
6ccea4d49283a683,2026-08-19,GitLab,Senior Absence Management Partner,Remote,0.0,,NEW,https://job-boards.greenhouse.io/gitlab/jobs/8638385002,,,Academic aggregate ~88.5% meets 50.0% cutoff | No graduation batch restrictions specified | Role title 'Senior Absence Management Partner' is a senior/experienced role,Greenhouse
fcd803ae905fc8bf,2026-08-19,GitLab,Senior AI Engineer,Remote,0.0,,NEW,https://job-boards.greenhouse.io/gitlab/jobs/8565469002,,,Academic aggregate ~88.5% meets 50.0% cutoff | No graduation batch restrictions specified | Role title 'Senior AI Engineer' is a senior/experienced role,Greenhouse
a21bd7d72b830355,2026-08-19,GitLab,"Senior Analyst, Sales Strategy ",Remote,0.0,,NEW,https://job-boards.greenhouse.io/gitlab/jobs/8679047002,,,"Academic aggregate ~88.5% meets 50.0% cutoff | No graduation batch restrictions specified | Role title 'Senior Analyst, Sales Strategy' is a senior/experienced role",Greenhouse
a722d5b6cc30b9c7,2026-08-19,GitLab,Senior Assigned Support Engineer (EMEA),Remote,0.0,,NEW,https://job-boards.greenhouse.io/gitlab/jobs/8645825002,,,Academic aggregate ~88.5% meets 50.0% cutoff | No graduation batch restrictions specified | Role title 'Senior Assigned Support Engineer (EMEA)' is a senior/experienced role,Greenhouse
8c20fa75da41068b,2026-08-19,GitLab,Senior Backend Engineer,Remote,0.0,,NEW,https://job-boards.greenhouse.io/gitlab/jobs/8715968002,,,Academic aggregate ~88.5% meets 50.0% cutoff | No graduation batch restrictions specified | Role title 'Senior Backend Engineer' is a senior/experienced role,Greenhouse
5416eefacedd5cdd,2026-08-19,GitLab,"Senior Backend Engineer, AI Engineering: Chat   ",Remote,0.0,,NEW,https://job-boards.greenhouse.io/gitlab/jobs/8621733002,,,"Academic aggregate ~88.5% meets 50.0% cutoff | No graduation batch restrictions specified | Role title 'Senior Backend Engineer, AI Engineering: Chat' is a senior/experienced role",Greenhouse
729d310aded43dd0,2026-08-19,GitLab,"Senior Backend Engineer, Analytics Instrumentation (Golang)",Remote,0.0,,NEW,https://job-boards.greenhouse.io/gitlab/jobs/8451512002,,,"Academic aggregate ~88.5% meets 50.0% cutoff | No graduation batch restrictions specified | Role title 'Senior Backend Engineer, Analytics Instrumentation (Golang)' is a senior/experienced role",Greenhouse
2a49e77cf2d67fa5,2026-08-19,GitLab,"Senior Backend Engineer, Architecture Engineering: Nonlinear Productivity",Remote,0.0,,NEW,https://job-boards.greenhouse.io/gitlab/jobs/8646556002,,,"Academic aggregate ~88.5% meets 50.0% cutoff | No graduation batch restrictions specified | Role title 'Senior Backend Engineer, Architecture Engineering: Nonlinear Productivity' is a senior/experienced role",Greenhouse
0ff3b216ee3d4890,2026-08-19,GitLab,"Senior Backend Engineer, Deployment Environments",Remote,0.0,,NEW,https://job-boards.greenhouse.io/gitlab/jobs/8636713002,,,"Academic aggregate ~88.5% meets 50.0% cutoff | No graduation batch restrictions specified | Role title 'Senior Backend Engineer, Deployment Environments' is a senior/experienced role",Greenhouse
f7606d360e76dc2a,2026-08-19,GitLab,Senior Backend Engineer - Monitoring and Anomaly Detection (Monetization),Remote,0.0,,NEW,https://job-boards.greenhouse.io/gitlab/jobs/8615319002,,,Academic aggregate ~88.5% meets 50.0% cutoff | No graduation batch restrictions specified | Role title 'Senior Backend Engineer - Monitoring and Anomaly Detection (Monetization)' is a senior/experienced role,Greenhouse
d3f15d18722ffcd4,2026-08-19,GitLab,Senior Backend Engineer - Platform Insights,"Bangalore, India",0.0,,NEW,https://job-boards.greenhouse.io/gitlab/jobs/8615439002,,,Academic aggregate ~88.5% meets 50.0% cutoff | No graduation batch restrictions specified | Role title 'Senior Backend Engineer - Platform Insights' is a senior/experienced role,Greenhouse
081d0e963eb76b7e,2026-08-19,GitLab,Senior Backend Engineer - Platform Integrations (Monetization),"Bangalore, India",0.0,,NEW,https://job-boards.greenhouse.io/gitlab/jobs/8615322002,,,Academic aggregate ~88.5% meets 50.0% cutoff | No graduation batch restrictions specified | Role title 'Senior Backend Engineer - Platform Integrations (Monetization)' is a senior/experienced role,Greenhouse
9ebcd7171fae7dbd,2026-08-19,GitLab,"Senior Backend Engineer, Platform Readiness",Remote,0.0,,NEW,https://job-boards.greenhouse.io/gitlab/jobs/8644572002,,,"Academic aggregate ~88.5% meets 50.0% cutoff | No graduation batch restrictions specified | Role title 'Senior Backend Engineer, Platform Readiness' is a senior/experienced role",Greenhouse
a13cb77957323f7a,2026-08-19,GitLab,"Senior Backend Engineer (Ruby), AI Engineering: AI Coding",Remote,0.0,,NEW,https://job-boards.greenhouse.io/gitlab/jobs/8621620002,,,"Academic aggregate ~88.5% meets 50.0% cutoff | No graduation batch restrictions specified | Role title 'Senior Backend Engineer (Ruby), AI Engineering: AI Coding' is a senior/experienced role",Greenhouse
e06b2a1284850709,2026-08-19,GitLab,"Senior Backend Engineer (Ruby), AI Engineering: DAP Repository Flows",Remote,0.0,,NEW,https://job-boards.greenhouse.io/gitlab/jobs/8646595002,,,"Academic aggregate ~88.5% meets 50.0% cutoff | No graduation batch restrictions specified | Role title 'Senior Backend Engineer (Ruby), AI Engineering: DAP Repository Flows' is a senior/experienced role",Greenhouse
befa28b2a54ec27b,2026-08-19,GitLab,"Senior Backend Engineer (Ruby), Plan: Portfolio Experience",Remote,0.0,,NEW,https://job-boards.greenhouse.io/gitlab/jobs/8682707002,,,"Academic aggregate ~88.5% meets 50.0% cutoff | No graduation batch restrictions specified | Role title 'Senior Backend Engineer (Ruby), Plan: Portfolio Experience' is a senior/experienced role",Greenhouse
2dae201c1d2c7ec9,2026-08-19,GitLab,"Senior Backend Engineer (Ruby), Plan: Spec-Driven Development",Remote,0.0,,NEW,https://job-boards.greenhouse.io/gitlab/jobs/8682860002,,,"Academic aggregate ~88.5% meets 50.0% cutoff | No graduation batch restrictions specified | Role title 'Senior Backend Engineer (Ruby), Plan: Spec-Driven Development' is a senior/experienced role",Greenhouse
71456aa850b79816,2026-08-19,GitLab,"Senior Backend Engineer,  SSCS: Supply Chain","Bangalore, India",0.0,,NEW,https://job-boards.greenhouse.io/gitlab/jobs/8480580002,,,"Academic aggregate ~88.5% meets 50.0% cutoff | No graduation batch restrictions specified | Role title 'Senior Backend Engineer, SSCS: Supply Chain' is a senior/experienced role",Greenhouse
bbffda9a73515372,2026-08-19,GitLab,Senior Benefits Analyst,Remote,0.0,,NEW,https://job-boards.greenhouse.io/gitlab/jobs/8641816002,,,Academic aggregate ~88.5% meets 50.0% cutoff | No graduation batch restrictions specified | Role title 'Senior Benefits Analyst' is a senior/experienced role,Greenhouse
61100b3d1608ee4f,2026-08-19,GitLab,Senior Commercial Account Executive - DACH,Remote,0.0,,NEW,https://job-boards.greenhouse.io/gitlab/jobs/8627798002,,,Academic aggregate ~88.5% meets 50.0% cutoff | No graduation batch restrictions specified | Role title 'Senior Commercial Account Executive - DACH' is a senior/experienced role,Greenhouse
4644532af97fe037,2026-08-19,GitLab,"Senior Commercial Legal Counsel, APAC",Remote,0.0,,NEW,https://job-boards.greenhouse.io/gitlab/jobs/8500014002,,,"Academic aggregate ~88.5% meets 50.0% cutoff | No graduation batch restrictions specified | Role title 'Senior Commercial Legal Counsel, APAC' is a senior/experienced role",Greenhouse
14089a099669ecf5,2026-08-19,GitLab,Senior Customer Success Architect - Singapore,Remote,0.0,,NEW,https://job-boards.greenhouse.io/gitlab/jobs/8648304002,,,Academic aggregate ~88.5% meets 50.0% cutoff | No graduation batch restrictions specified | Role title 'Senior Customer Success Architect - Singapore' is a senior/experienced role,Greenhouse
0f2473e651947a71,2026-08-19,GitLab,Senior Customer Success Manager- Public Sector ,Remote,0.0,,NEW,https://job-boards.greenhouse.io/gitlab/jobs/8616005002,,,Academic aggregate ~88.5% meets 50.0% cutoff | No graduation batch restrictions specified | Role title 'Senior Customer Success Manager- Public Sector' is a senior/experienced role,Greenhouse
95e4cb356766417f,2026-08-19,GitLab,"Senior Director, Associate General Counsel",Remote,0.0,,NEW,https://job-boards.greenhouse.io/gitlab/jobs/8647506002,,,"Academic aggregate ~88.5% meets 50.0% cutoff | No graduation batch restrictions specified | Role title 'Senior Director, Associate General Counsel' is a senior/experienced role",Greenhouse
a86104b98a7f7648,2026-08-19,GitLab,"Senior Director, Internal Audit",Remote,0.0,,NEW,https://job-boards.greenhouse.io/gitlab/jobs/8700587002,,,Academic aggregate ~88.5% meets 50.0% cutoff | No graduation batch restrictions specified | Requires 5.0+ years of prior work experience (Strict Fresher filter enabled),Greenhouse
bd7bd85e24678082,2026-08-19,GitLab,"Senior Director, People Business Partner",Remote,0.0,,NEW,https://job-boards.greenhouse.io/gitlab/jobs/8592710002,,,"Academic aggregate ~88.5% meets 50.0% cutoff | No graduation batch restrictions specified | Role title 'Senior Director, People Business Partner' is a senior/experienced role",Greenhouse
5b95055b3f664c82,2026-08-19,GitLab,"Senior Director, Revenue Analytics",Remote,0.0,,NEW,https://job-boards.greenhouse.io/gitlab/jobs/8686820002,,,"Academic aggregate ~88.5% meets 50.0% cutoff | No graduation batch restrictions specified | Role title 'Senior Director, Revenue Analytics' is a senior/experienced role",Greenhouse
62560e914729b830,2026-08-19,GitLab,"Senior Ecosystem Sales Manager, Japan",Remote,0.0,,NEW,https://job-boards.greenhouse.io/gitlab/jobs/8640173002,,,"Academic aggregate ~88.5% meets 50.0% cutoff | No graduation batch restrictions specified | Role title 'Senior Ecosystem Sales Manager, Japan' is a senior/experienced role",Greenhouse
15df5c94873a70f8,2026-08-19,GitLab,"Senior Engineering Manager, Non-Linear Productivity",Remote,0.0,,NEW,https://job-boards.greenhouse.io/gitlab/jobs/8626290002,,,"Academic aggregate ~88.5% meets 50.0% cutoff | No graduation batch restrictions specified | Role title 'Senior Engineering Manager, Non-Linear Productivity' is a senior/experienced role",Greenhouse
05e22ca0638e79e2,2026-08-19,GitLab,"Senior Enterprise QA Engineer, Salesforce ","Bangalore, India",0.0,,NEW,https://job-boards.greenhouse.io/gitlab/jobs/8648964002,,,"Academic aggregate ~88.5% meets 50.0% cutoff | No graduation batch restrictions specified | Role title 'Senior Enterprise QA Engineer, Salesforce' is a senior/experienced role",Greenhouse
215e57311882518f,2026-08-19,GitLab,"Senior FP&A Analyst, Corporate Finance",Remote,0.0,,NEW,https://job-boards.greenhouse.io/gitlab/jobs/8621204002,,,"Academic aggregate ~88.5% meets 50.0% cutoff | No graduation batch restrictions specified | Role title 'Senior FP&A Analyst, Corporate Finance' is a senior/experienced role",Greenhouse
8118c871a706e3a5,2026-08-19,GitLab,"Senior Frontend Engineer (Vue), Create:  Repository Management ",Remote,0.0,,NEW,https://job-boards.greenhouse.io/gitlab/jobs/8636539002,,,"Academic aggregate ~88.5% meets 50.0% cutoff | No graduation batch restrictions specified | Role title 'Senior Frontend Engineer (Vue), Create: Repository Management' is a senior/experienced role",Greenhouse
9040c4422d4e3777,2026-08-19,GitLab,"Senior Fullstack Engineer, Marketing",Remote,0.0,,NEW,https://job-boards.greenhouse.io/gitlab/jobs/8697493002,,,"Academic aggregate ~88.5% meets 50.0% cutoff | No graduation batch restrictions specified | Role title 'Senior Fullstack Engineer, Marketing' is a senior/experienced role",Greenhouse
4bdd3d5f888dbe08,2026-08-19,GitLab,"Senior Internal Auditor, Technology",Remote,0.0,,NEW,https://job-boards.greenhouse.io/gitlab/jobs/8643077002,,,Academic aggregate ~88.5% meets 50.0% cutoff | No graduation batch restrictions specified | Requires 5.0+ years of prior work experience (Strict Fresher filter enabled),Greenhouse
a3a783aaadae819e,2026-08-19,GitLab,Senior Lifecycle Marketing Manager,Remote,0.0,,NEW,https://job-boards.greenhouse.io/gitlab/jobs/8637075002,,,Academic aggregate ~88.5% meets 50.0% cutoff | No graduation batch restrictions specified | Role title 'Senior Lifecycle Marketing Manager' is a senior/experienced role,Greenhouse
a68ddd5f4611abf6,2026-08-19,GitLab,"Senior Manager, Internal Audit - Audit Automation & Technology Risk","Bangalore, India",0.0,,NEW,https://job-boards.greenhouse.io/gitlab/jobs/8642850002,,,Academic aggregate ~88.5% meets 50.0% cutoff | No graduation batch restrictions specified | Requires 5.0+ years of prior work experience (Strict Fresher filter enabled),Greenhouse
7e0d911af7206b83,2026-08-19,GitLab,"Senior Manager, Product Management: Agentic Software Delivery",Remote,0.0,,NEW,https://job-boards.greenhouse.io/gitlab/jobs/8597826002,,,"Academic aggregate ~88.5% meets 50.0% cutoff | No graduation batch restrictions specified | Role title 'Senior Manager, Product Management: Agentic Software Delivery' is a senior/experienced role",Greenhouse
a88cd3ec2941c192,2026-08-19,GitLab,"Senior Manager, Solutions Architect - Australia & New Zealand",Remote,0.0,,NEW,https://job-boards.greenhouse.io/gitlab/jobs/8627764002,,,"Academic aggregate ~88.5% meets 50.0% cutoff | No graduation batch restrictions specified | Role title 'Senior Manager, Solutions Architect - Australia & New Zealand' is a senior/experienced role",Greenhouse
e34d29158f181c0e,2026-08-19,GitLab,Senior People Analytics Analyst,Remote,0.0,,NEW,https://job-boards.greenhouse.io/gitlab/jobs/8617615002,,,Academic aggregate ~88.5% meets 50.0% cutoff | No graduation batch restrictions specified | Role title 'Senior People Analytics Analyst' is a senior/experienced role,Greenhouse
f26a60f44ec53290,2026-08-19,GitLab,"Senior People Business Partner, Product & Marketing",Remote,0.0,,NEW,https://job-boards.greenhouse.io/gitlab/jobs/8617848002,,,"Academic aggregate ~88.5% meets 50.0% cutoff | No graduation batch restrictions specified | Role title 'Senior People Business Partner, Product & Marketing' is a senior/experienced role",Greenhouse
576fbc8f5b6d4940,2026-08-19,GitLab,"Senior Product Designer, AI",Remote,0.0,,NEW,https://job-boards.greenhouse.io/gitlab/jobs/8464608002,,,"Academic aggregate ~88.5% meets 50.0% cutoff | No graduation batch restrictions specified | Role title 'Senior Product Designer, AI' is a senior/experienced role",Greenhouse
bdb1c688138369b5,2026-08-19,GitLab,"Senior Product Manager, Growth",Remote,0.0,,NEW,https://job-boards.greenhouse.io/gitlab/jobs/8684348002,,,"Academic aggregate ~88.5% meets 50.0% cutoff | No graduation batch restrictions specified | Role title 'Senior Product Manager, Growth' is a senior/experienced role",Greenhouse
7d99829131c7760e,2026-08-19,GitLab,"Senior Product Manager, Plan to Code",Remote,0.0,,NEW,https://job-boards.greenhouse.io/gitlab/jobs/8597805002,,,"Academic aggregate ~88.5% meets 50.0% cutoff | No graduation batch restrictions specified | Role title 'Senior Product Manager, Plan to Code' is a senior/experienced role",Greenhouse
8aa3e9cab7b4097b,2026-08-19,GitLab,"Senior Product Manager, Secret Detection and Vulnerability Research",Remote,0.0,,NEW,https://job-boards.greenhouse.io/gitlab/jobs/8697043002,,,"Academic aggregate ~88.5% meets 50.0% cutoff | No graduation batch restrictions specified | Role title 'Senior Product Manager, Secret Detection and Vulnerability Research' is a senior/experienced role",Greenhouse
7c12ca094279d33e,2026-08-19,GitLab,"Senior Product Manager, Tenant Scale",Remote,0.0,,NEW,https://job-boards.greenhouse.io/gitlab/jobs/8512220002,,,"Academic aggregate ~88.5% meets 50.0% cutoff | No graduation batch restrictions specified | Role title 'Senior Product Manager, Tenant Scale' is a senior/experienced role",Greenhouse
17ea97cc4dafee20,2026-08-19,GitLab,Senior Professional Services Engineer - Japan,Remote,0.0,,NEW,https://job-boards.greenhouse.io/gitlab/jobs/8623542002,,,Academic aggregate ~88.5% meets 50.0% cutoff | No graduation batch restrictions specified | Role title 'Senior Professional Services Engineer - Japan' is a senior/experienced role,Greenhouse
79dcbc0ccd01fd81,2026-08-19,GitLab,Senior Professional Services Project Manager (EMEA),Remote,0.0,,NEW,https://job-boards.greenhouse.io/gitlab/jobs/8622433002,,,Academic aggregate ~88.5% meets 50.0% cutoff | No graduation batch restrictions specified | Role title 'Senior Professional Services Project Manager (EMEA)' is a senior/experienced role,Greenhouse
aa8faabfc0a8752c,2026-08-19,GitLab,"Senior Program Manager, Enterprise Technology & AI",Remote,0.0,,NEW,https://job-boards.greenhouse.io/gitlab/jobs/8584282002,,,"Academic aggregate ~88.5% meets 50.0% cutoff | No graduation batch restrictions specified | Role title 'Senior Program Manager, Enterprise Technology & AI' is a senior/experienced role",Greenhouse
52d66060cdca0aed,2026-08-19,GitLab,Senior Revenue Analytics Analyst,Remote,0.0,,NEW,https://job-boards.greenhouse.io/gitlab/jobs/8616308002,,,Academic aggregate ~88.5% meets 50.0% cutoff | No graduation batch restrictions specified | Role title 'Senior Revenue Analytics Analyst' is a senior/experienced role,Greenhouse
d4d14d2ebeb31ec3,2026-08-19,GitLab,"Senior Security Engineer, Security Incident Response Team (SIRT) - EMEA",Remote,0.0,,NEW,https://job-boards.greenhouse.io/gitlab/jobs/8628447002,,,"Academic aggregate ~88.5% meets 50.0% cutoff | No graduation batch restrictions specified | Role title 'Senior Security Engineer, Security Incident Response Team (SIRT) - EMEA' is a senior/experienced role",Greenhouse
dd84176b23c01bf5,2026-08-19,GitLab,"Senior Software Engineer (Typescript), AI Clients: Duo CLI",Remote,0.0,,NEW,https://job-boards.greenhouse.io/gitlab/jobs/8693103002,,,"Academic aggregate ~88.5% meets 50.0% cutoff | No graduation batch restrictions specified | Role title 'Senior Software Engineer (Typescript), AI Clients: Duo CLI' is a senior/experienced role",Greenhouse
67d402f97a4040b9,2026-08-19,GitLab,Senior Software Security Engineer,Remote,0.0,,NEW,https://job-boards.greenhouse.io/gitlab/jobs/8637549002,,,Academic aggregate ~88.5% meets 50.0% cutoff | No graduation batch restrictions specified | Role title 'Senior Software Security Engineer' is a senior/experienced role,Greenhouse
c64d8ab0ed08fa23,2026-08-19,GitLab,Senior Solutions Architect,Remote,0.0,,NEW,https://job-boards.greenhouse.io/gitlab/jobs/8611764002,,,Academic aggregate ~88.5% meets 50.0% cutoff | No graduation batch restrictions specified | Role title 'Senior Solutions Architect' is a senior/experienced role,Greenhouse
83666d901d3a31e1,2026-08-19,GitLab,Senior Solutions Architect - AI & Platforms SME,Remote,0.0,,NEW,https://job-boards.greenhouse.io/gitlab/jobs/8476375002,,,Academic aggregate ~88.5% meets 50.0% cutoff | No graduation batch restrictions specified | Role title 'Senior Solutions Architect - AI & Platforms SME' is a senior/experienced role,Greenhouse
1770363b011e575e,2026-08-19,GitLab,Senior Solutions Architect- Australia and New Zealand,Remote,0.0,,NEW,https://job-boards.greenhouse.io/gitlab/jobs/8627772002,,,Academic aggregate ~88.5% meets 50.0% cutoff | No graduation batch restrictions specified | Role title 'Senior Solutions Architect- Australia and New Zealand' is a senior/experienced role,Greenhouse
e52f930503a50a7d,2026-08-19,GitLab,Senior Solutions Architect - East,Remote,0.0,,NEW,https://job-boards.greenhouse.io/gitlab/jobs/8627207002,,,Academic aggregate ~88.5% meets 50.0% cutoff | No graduation batch restrictions specified | Role title 'Senior Solutions Architect - East' is a senior/experienced role,Greenhouse
8363e3ea7cba4237,2026-08-19,GitLab,"Senior Solutions Architect, Global SI (India)",Remote,0.0,,NEW,https://job-boards.greenhouse.io/gitlab/jobs/8591221002,,,"Academic aggregate ~88.5% meets 50.0% cutoff | No graduation batch restrictions specified | Role title 'Senior Solutions Architect, Global SI (India)' is a senior/experienced role",Greenhouse
692fe02aef067ebc,2026-08-19,GitLab,Senior Solutions Architect (Singapore) ,Remote,0.0,,NEW,https://job-boards.greenhouse.io/gitlab/jobs/8627768002,,,Academic aggregate ~88.5% meets 50.0% cutoff | No graduation batch restrictions specified | Role title 'Senior Solutions Architect (Singapore)' is a senior/experienced role,Greenhouse
e11c4cc43dbfd577,2026-08-19,GitLab,Senior Support Engineer,"Bangalore, India",0.0,,NEW,https://job-boards.greenhouse.io/gitlab/jobs/8692874002,,,Academic aggregate ~88.5% meets 50.0% cutoff | No graduation batch restrictions specified | Role title 'Senior Support Engineer' is a senior/experienced role,Greenhouse
33cd7e8173982fe7,2026-08-19,GitLab,Senior TA Operations Specialist,Remote,0.0,,NEW,https://job-boards.greenhouse.io/gitlab/jobs/8588547002,,,Academic aggregate ~88.5% meets 50.0% cutoff | No graduation batch restrictions specified | Role title 'Senior TA Operations Specialist' is a senior/experienced role,Greenhouse
0da3b68206ad2c2a,2026-08-19,GitLab,Senior Team Member Relations Partner,Remote,0.0,,NEW,https://job-boards.greenhouse.io/gitlab/jobs/8675124002,,,Academic aggregate ~88.5% meets 50.0% cutoff | No graduation batch restrictions specified | Role title 'Senior Team Member Relations Partner' is a senior/experienced role,Greenhouse
fce666cdb6355cdd,2026-08-19,GitLab,Senior Threat Intelligence Engineer ,Remote,0.0,,NEW,https://job-boards.greenhouse.io/gitlab/jobs/8631175002,,,Academic aggregate ~88.5% meets 50.0% cutoff | No graduation batch restrictions specified | Role title 'Senior Threat Intelligence Engineer' is a senior/experienced role,Greenhouse
5e0f3cc4b91acb04,2026-08-19,GitLab,"Site Reliability Engineer, Intermediate to Senior Staff — Infrastructure Platforms",Remote,0.0,,NEW,https://job-boards.greenhouse.io/gitlab/jobs/8623389002,,,"Academic aggregate ~88.5% meets 50.0% cutoff | No graduation batch restrictions specified | Role title 'Site Reliability Engineer, Intermediate to Senior Staff — Infrastructure Platforms' is a senior/experienced role",Greenhouse
34fa06f23118880e,2026-08-19,GitLab,Solutions Architect,Remote,0.0,,NEW,https://job-boards.greenhouse.io/gitlab/jobs/8611767002,,,Academic aggregate ~88.5% meets 50.0% cutoff | No graduation batch restrictions specified | Role title 'Solutions Architect' is a senior/experienced role,Greenhouse
3a1f418ebb60960c,2026-08-19,GitLab,Solutions Architect - France,Remote,0.0,,NEW,https://job-boards.greenhouse.io/gitlab/jobs/8656506002,,,Academic aggregate ~88.5% meets 50.0% cutoff | No graduation batch restrictions specified | Role title 'Solutions Architect - France' is a senior/experienced role,Greenhouse
7d033052a289e7c7,2026-08-19,GitLab,Solutions Architect - MENA,Remote,0.0,,NEW,https://job-boards.greenhouse.io/gitlab/jobs/8611700002,,,Academic aggregate ~88.5% meets 50.0% cutoff | No graduation batch restrictions specified | Role title 'Solutions Architect - MENA' is a senior/experienced role,Greenhouse
745ea63fa969d308,2026-08-19,GitLab,Staff Account Based Marketing Manager,Remote,0.0,,NEW,https://job-boards.greenhouse.io/gitlab/jobs/8637579002,,,Academic aggregate ~88.5% meets 50.0% cutoff | No graduation batch restrictions specified | Role title 'Staff Account Based Marketing Manager' is a senior/experienced role,Greenhouse
b41d9ecbde1a4f32,2026-08-19,GitLab,"Staff Backend Engineer, Architecture Engineering: Nonlinear Productivity",Remote,0.0,,NEW,https://job-boards.greenhouse.io/gitlab/jobs/8646544002,,,"Academic aggregate ~88.5% meets 50.0% cutoff | No graduation batch restrictions specified | Role title 'Staff Backend Engineer, Architecture Engineering: Nonlinear Productivity' is a senior/experienced role",Greenhouse
784faf4763c6baaf,2026-08-19,GitLab,"Staff Backend Engineer, Gitlab Delivery: Upgrades","Bangalore, India",0.0,,NEW,https://job-boards.greenhouse.io/gitlab/jobs/8463922002,,,"Academic aggregate ~88.5% meets 50.0% cutoff | No graduation batch restrictions specified | Role title 'Staff Backend Engineer, Gitlab Delivery: Upgrades' is a senior/experienced role",Greenhouse
10e2181cbb35bfde,2026-08-19,GitLab,"Staff Backend Engineer (Go), Events Platform","Bangalore, India",0.0,,NEW,https://job-boards.greenhouse.io/gitlab/jobs/8488961002,,,"Academic aggregate ~88.5% meets 50.0% cutoff | No graduation batch restrictions specified | Role title 'Staff Backend Engineer (Go), Events Platform' is a senior/experienced role",Greenhouse
bff18cfd3e72bfca,2026-08-19,GitLab,Staff Backend Engineer - Monitoring and Anomaly Detection (Monetization),"Bangalore, India",0.0,,NEW,https://job-boards.greenhouse.io/gitlab/jobs/8615268002,,,Academic aggregate ~88.5% meets 50.0% cutoff | No graduation batch restrictions specified | Role title 'Staff Backend Engineer - Monitoring and Anomaly Detection (Monetization)' is a senior/experienced role,Greenhouse
9a68012522724a22,2026-08-19,GitLab,"Staff Backend Engineer (Ruby), AI Engineering: DAP Repository Flows",Remote,0.0,,NEW,https://job-boards.greenhouse.io/gitlab/jobs/8646573002,,,"Academic aggregate ~88.5% meets 50.0% cutoff | No graduation batch restrictions specified | Role title 'Staff Backend Engineer (Ruby), AI Engineering: DAP Repository Flows' is a senior/experienced role",Greenhouse
ef32e2d983faa582,2026-08-19,GitLab,"Staff Backend Engineer (Ruby on Rails/AI), Verify",Remote,0.0,,NEW,https://job-boards.greenhouse.io/gitlab/jobs/8448283002,,,"Academic aggregate ~88.5% meets 50.0% cutoff | No graduation batch restrictions specified | Role title 'Staff Backend Engineer (Ruby on Rails/AI), Verify' is a senior/experienced role",Greenhouse
67952fac64fd8fda,2026-08-19,GitLab,"Staff Backend Engineer,  Software Supply Chain Security","Bangalore, India",0.0,,NEW,https://job-boards.greenhouse.io/gitlab/jobs/8480559002,,,"Academic aggregate ~88.5% meets 50.0% cutoff | No graduation batch restrictions specified | Role title 'Staff Backend Engineer, Software Supply Chain Security' is a senior/experienced role",Greenhouse
70cf59fa1dda8440,2026-08-19,GitLab,"Staff Engineer, People Technology",Remote,0.0,,NEW,https://job-boards.greenhouse.io/gitlab/jobs/8638295002,,,"Academic aggregate ~88.5% meets 50.0% cutoff | No graduation batch restrictions specified | Role title 'Staff Engineer, People Technology' is a senior/experienced role",Greenhouse
ea64dba29b0ed200,2026-08-19,GitLab,Staff Forward Deployed Engineer,Remote,0.0,,NEW,https://job-boards.greenhouse.io/gitlab/jobs/8512432002,,,Academic aggregate ~88.5% meets 50.0% cutoff | No graduation batch restrictions specified | Role title 'Staff Forward Deployed Engineer' is a senior/experienced role,Greenhouse
d6dcc3b51f12da3e,2026-08-19,GitLab,Staff Fullstack Engineer - Data Products,"Bangalore, India",0.0,,NEW,https://job-boards.greenhouse.io/gitlab/jobs/8613165002,,,Academic aggregate ~88.5% meets 50.0% cutoff | No graduation batch restrictions specified | Role title 'Staff Fullstack Engineer - Data Products' is a senior/experienced role,Greenhouse
4622511dd4ef4745,2026-08-19,GitLab,"Staff HRIS Analyst, People Technology - Workday",Remote,0.0,,NEW,https://job-boards.greenhouse.io/gitlab/jobs/8574978002,,,"Academic aggregate ~88.5% meets 50.0% cutoff | No graduation batch restrictions specified | Role title 'Staff HRIS Analyst, People Technology - Workday' is a senior/experienced role",Greenhouse
2abfcfe960a15935,2026-08-19,GitLab,Staff Infrastructure Security Engineer ,Remote,0.0,,NEW,https://job-boards.greenhouse.io/gitlab/jobs/8514960002,,,Academic aggregate ~88.5% meets 50.0% cutoff | No graduation batch restrictions specified | Role title 'Staff Infrastructure Security Engineer' is a senior/experienced role,Greenhouse
0c3055f97c97a722,2026-08-19,GitLab,Staff Lifecycle Marketing Manager,Remote,0.0,,NEW,https://job-boards.greenhouse.io/gitlab/jobs/8610952002,,,Academic aggregate ~88.5% meets 50.0% cutoff | No graduation batch restrictions specified | Role title 'Staff Lifecycle Marketing Manager' is a senior/experienced role,Greenhouse
a668ea37cee754d4,2026-08-19,GitLab,"Staff Product Manager,  RevOps & Finance Systems",Remote,0.0,,NEW,https://job-boards.greenhouse.io/gitlab/jobs/8612937002,,,"Academic aggregate ~88.5% meets 50.0% cutoff | No graduation batch restrictions specified | Role title 'Staff Product Manager, RevOps & Finance Systems' is a senior/experienced role",Greenhouse
810a9310d946de8b,2026-08-19,GitLab,Staff Software Engineer,"Bangalore, India",0.0,,NEW,https://job-boards.greenhouse.io/gitlab/jobs/8632496002,,,Academic aggregate ~88.5% meets 50.0% cutoff | No graduation batch restrictions specified | Role title 'Staff Software Engineer' is a senior/experienced role,Greenhouse
693e51abde487e7a,2026-08-19,GitLab,"Staff Systems Engineer, IT ",Remote,0.0,,NEW,https://job-boards.greenhouse.io/gitlab/jobs/8705017002,,,"Academic aggregate ~88.5% meets 50.0% cutoff | No graduation batch restrictions specified | Role title 'Staff Systems Engineer, IT' is a senior/experienced role",Greenhouse
bd48a67ea903ab92,2026-08-19,GitLab,"Strategic Account Executive, AI - San Francisco ",Remote,0.0,,NEW,https://job-boards.greenhouse.io/gitlab/jobs/8604630002,,,Academic aggregate ~88.5% meets 50.0% cutoff | No graduation batch restrictions specified | Requires 5.0+ years of prior work experience (Strict Fresher filter enabled),Greenhouse
71c2b84bdb607ef8,2026-08-19,GitLab,"Strategic Account Executive, Germany (Ent Industry)",Remote,0.0,,NEW,https://job-boards.greenhouse.io/gitlab/jobs/8520248002,,,Academic aggregate ~88.5% meets 50.0% cutoff | No graduation batch restrictions specified | Requires 5.0+ years of prior work experience (Strict Fresher filter enabled),Greenhouse
9d53b85adb842a3a,2026-08-19,GitLab,Strategic Account Executive - MENA,Remote,0.0,,NEW,https://job-boards.greenhouse.io/gitlab/jobs/8637995002,,,Academic aggregate ~88.5% meets 50.0% cutoff | No graduation batch restrictions specified | Requires 5.0+ years of prior work experience (Strict Fresher filter enabled),Greenhouse
afac7f2ea2c11f52,2026-08-19,GitLab,"Strategic Account Executive, Poland",Remote,0.0,,NEW,https://job-boards.greenhouse.io/gitlab/jobs/8675560002,,,Academic aggregate ~88.5% meets 50.0% cutoff | No graduation batch restrictions specified | Requires 5.0+ years of prior work experience (Strict Fresher filter enabled),Greenhouse
a6259ebefd066faa,2026-08-19,GitLab,Strategic Account Executive - Seattle ,Remote,0.0,,NEW,https://job-boards.greenhouse.io/gitlab/jobs/8706202002,,,Academic aggregate ~88.5% meets 50.0% cutoff | No graduation batch restrictions specified | Requires 5.0+ years of prior work experience (Strict Fresher filter enabled),Greenhouse
5d193de6467be595,2026-08-19,GitLab,Strategic Account Executive - South Africa,Remote,0.0,,NEW,https://job-boards.greenhouse.io/gitlab/jobs/8555134002,,,Academic aggregate ~88.5% meets 50.0% cutoff | No graduation batch restrictions specified | Requires 5.0+ years of prior work experience (Strict Fresher filter enabled),Greenhouse
5186cd5e3c3e56af,2026-08-19,GitLab,"Strategic Account Executive, Southeast",Remote,0.0,,NEW,https://job-boards.greenhouse.io/gitlab/jobs/8656848002,,,Academic aggregate ~88.5% meets 50.0% cutoff | No graduation batch restrictions specified | Requires 5.0+ years of prior work experience (Strict Fresher filter enabled),Greenhouse
f5ad332684efa637,2026-08-19,GitLab,Strategic Account Executive - Turkey,Remote,0.0,,NEW,https://job-boards.greenhouse.io/gitlab/jobs/8617751002,,,Academic aggregate ~88.5% meets 50.0% cutoff | No graduation batch restrictions specified | Requires 5.0+ years of prior work experience (Strict Fresher filter enabled),Greenhouse
38df79bce06fc695,2026-08-19,GitLab,Support Engineer (AMER),Remote,0.0,,NEW,https://job-boards.greenhouse.io/gitlab/jobs/8654230002,,,Academic aggregate ~88.5% meets 50.0% cutoff | No graduation batch restrictions specified | Requires 5.0+ years of prior work experience (Strict Fresher filter enabled),Greenhouse
f26d9c8a80de1ab0,2026-08-19,GitLab,"Support Engineer, U.S. Government Support",Remote,0.0,,NEW,https://job-boards.greenhouse.io/gitlab/jobs/8628780002,,,Academic aggregate ~88.5% meets 50.0% cutoff | No graduation batch restrictions specified | Requires 5.0+ years of prior work experience (Strict Fresher filter enabled),Greenhouse
75ec99820e80760b,2026-08-19,GitLab,Tech Operations Specialist,Remote,0.0,,NEW,https://job-boards.greenhouse.io/gitlab/jobs/8638246002,,,Academic aggregate ~88.5% meets 50.0% cutoff | No graduation batch restrictions specified | Requires 5.0+ years of prior work experience (Strict Fresher filter enabled),Greenhouse
bb34ceaa1c0421f1,2026-08-19,GitLab,Territory Sales Manager ,Remote,0.0,,NEW,https://job-boards.greenhouse.io/gitlab/jobs/8591223002,,,Academic aggregate ~88.5% meets 50.0% cutoff | No graduation batch restrictions specified | Requires 5.0+ years of prior work experience (Strict Fresher filter enabled),Greenhouse
36e1be5680601b7c,2026-08-19,GitLab,"Vice President, Data & Insights",Remote,0.0,,NEW,https://job-boards.greenhouse.io/gitlab/jobs/8510676002,,,Academic aggregate ~88.5% meets 50.0% cutoff | No graduation batch restrictions specified | Requires 12.0+ years of prior work experience (Strict Fresher filter enabled),Greenhouse
8b75f0b5b8354455,2026-08-19,Figma,"Account Executive, Emerging Enterprise (Berlin, Germany)","Berlin, Germany",0.0,,NEW,https://boards.greenhouse.io/figma/jobs/5364702004?gh_jid=5364702004,,,No explicit CGPA/academic cutoff specified | No graduation batch restrictions specified | Requires 5.0+ years of prior work experience (Strict Fresher filter enabled),Greenhouse
cd83eacaf53f9594,2026-08-19,Figma,"Account Executive, Enterprise","San Francisco, CA • New York, NY • United States",0.0,,NEW,https://boards.greenhouse.io/figma/jobs/5426468004?gh_jid=5426468004,,,No explicit CGPA/academic cutoff specified | No graduation batch restrictions specified | Requires 5.0+ years of prior work experience (Strict Fresher filter enabled),Greenhouse
bc144417497e36c8,2026-08-19,Figma,"Account Executive, Enterprise (Bengaluru, India)","Bangalore, India",0.0,,NEW,https://boards.greenhouse.io/figma/jobs/5579204004?gh_jid=5579204004,,,No explicit CGPA/academic cutoff specified | No graduation batch restrictions specified | Requires 5.0+ years of prior work experience (Strict Fresher filter enabled),Greenhouse
f6976ce12b57070d,2026-08-19,Figma,"Account Executive, Enterprise (Berlin, Germany)","Berlin, Germany",0.0,,NEW,https://boards.greenhouse.io/figma/jobs/5783812004?gh_jid=5783812004,,,No explicit CGPA/academic cutoff specified | No graduation batch restrictions specified | Requires 5.0+ years of prior work experience (Strict Fresher filter enabled),Greenhouse
0e7cc0c6c6396ea3,2026-08-19,Figma,"Account Executive, Enterprise (Paris, France) ","Paris, France",0.0,,NEW,https://boards.greenhouse.io/figma/jobs/5428656004?gh_jid=5428656004,,,No explicit CGPA/academic cutoff specified | No graduation batch restrictions specified | Requires 5.0+ years of prior work experience (Strict Fresher filter enabled),Greenhouse
7afb7183740b6aa2,2026-08-19,Figma,"Account Executive, Enterprise (Singapore)",Singapore,0.0,,NEW,https://boards.greenhouse.io/figma/jobs/5753209004?gh_jid=5753209004,,,No explicit CGPA/academic cutoff specified | No graduation batch restrictions specified | Requires 8.0+ years of prior work experience (Strict Fresher filter enabled),Greenhouse
53838a0df6fa9f7b,2026-08-19,Figma,"Account Executive, Enterprise (Sydney or Melbourne, Australia)","Sydney, Australia • Melbourne, Australia",0.0,,NEW,https://boards.greenhouse.io/figma/jobs/5803515004?gh_jid=5803515004,,,No explicit CGPA/academic cutoff specified | No graduation batch restrictions specified | Requires 5.0+ years of prior work experience (Strict Fresher filter enabled),Greenhouse
e3aaee214ca25d94,2026-08-19,Figma,"Account Executive, Enterprise (Tokyo, Japan) ","Tokyo, Japan",0.0,,NEW,https://boards.greenhouse.io/figma/jobs/5806875004?gh_jid=5806875004,,,No explicit CGPA/academic cutoff specified | No graduation batch restrictions specified | Requires 5.0+ years of prior work experience (Strict Fresher filter enabled),Greenhouse
c54a09a03ea4c13a,2026-08-19,Figma,"Account Executive, Federal - Civilian","Washington, DC",0.0,,NEW,https://boards.greenhouse.io/figma/jobs/6143113004?gh_jid=6143113004,,,No explicit CGPA/academic cutoff specified | No graduation batch restrictions specified | Requires 7.0+ years of prior work experience (Strict Fresher filter enabled),Greenhouse
bd5e0685eee5902c,2026-08-19,Figma,"Account Executive, Mid-Market","San Francisco, CA • New York, NY • United States",0.0,,NEW,https://boards.greenhouse.io/figma/jobs/5422236004?gh_jid=5422236004,,,No explicit CGPA/academic cutoff specified | No graduation batch restrictions specified | Requires 5.0+ years of prior work experience (Strict Fresher filter enabled),Greenhouse
3b60d4754a0948be,2026-08-19,Figma,"Account Executive, Mid-Market (London, United Kingdom)","London, England",0.0,,NEW,https://boards.greenhouse.io/figma/jobs/5415515004?gh_jid=5415515004,,,No explicit CGPA/academic cutoff specified | No graduation batch restrictions specified | Requires 5.0+ years of prior work experience (Strict Fresher filter enabled),Greenhouse
e040f1d9669773bb,2026-08-19,Figma,"Account Executive, Mid-Market (Paris, France)","Paris, France",0.0,,NEW,https://boards.greenhouse.io/figma/jobs/5844225004?gh_jid=5844225004,,,No explicit CGPA/academic cutoff specified | No graduation batch restrictions specified | Requires 5.0+ years of prior work experience (Strict Fresher filter enabled),Greenhouse
7241ecae8a9a3fcf,2026-08-19,Figma,"Account Executive, Mid-Market (Sydney, Australia)","Sydney, Australia",0.0,,NEW,https://boards.greenhouse.io/figma/jobs/6117206004?gh_jid=6117206004,,,No explicit CGPA/academic cutoff specified | No graduation batch restrictions specified | Requires 5.0+ years of prior work experience (Strict Fresher filter enabled),Greenhouse
0a4b42b8faa13878,2026-08-19,Figma,"Account Executive, SMB ","San Francisco, CA • New York, NY",0.0,,NEW,https://boards.greenhouse.io/figma/jobs/5694259004?gh_jid=5694259004,,,No explicit CGPA/academic cutoff specified | No graduation batch restrictions specified | Requires 5.0+ years of prior work experience (Strict Fresher filter enabled),Greenhouse
4903a26ca2c1b45d,2026-08-19,Figma,"Account Executive, SMB (Berlin, Germany)","Berlin, Germany",0.0,,NEW,https://boards.greenhouse.io/figma/jobs/5985397004?gh_jid=5985397004,,,No explicit CGPA/academic cutoff specified | No graduation batch restrictions specified | Requires 5.0+ years of prior work experience (Strict Fresher filter enabled),Greenhouse
570c7a3663e493bc,2026-08-19,Figma,"Account Executive, SMB (London, United Kingdom)","London, England",0.0,,NEW,https://boards.greenhouse.io/figma/jobs/5647851004?gh_jid=5647851004,,,No explicit CGPA/academic cutoff specified | No graduation batch restrictions specified | Requires 5.0+ years of prior work experience (Strict Fresher filter enabled),Greenhouse
39cf3de0fe7432aa,2026-08-19,Figma,"Account Executive, SMB (Paris, France)","Paris, France",0.0,,NEW,https://boards.greenhouse.io/figma/jobs/5675771004?gh_jid=5675771004,,,No explicit CGPA/academic cutoff specified | No graduation batch restrictions specified | Requires 5.0+ years of prior work experience (Strict Fresher filter enabled),Greenhouse
5e6da7207f90667c,2026-08-19,Figma,"Account Executive, SMB (Tokyo, Japan) ","Tokyo, Japan",0.0,,NEW,https://boards.greenhouse.io/figma/jobs/5729844004?gh_jid=5729844004,,,No explicit CGPA/academic cutoff specified | No graduation batch restrictions specified | Requires 5.0+ years of prior work experience (Strict Fresher filter enabled),Greenhouse
9a2598e17751ec58,2026-08-19,Figma,"Account Executive, Strategic","San Francisco, CA • New York, NY • United States",0.0,,NEW,https://boards.greenhouse.io/figma/jobs/5558737004?gh_jid=5558737004,,,No explicit CGPA/academic cutoff specified | No graduation batch restrictions specified | Requires 5.0+ years of prior work experience (Strict Fresher filter enabled),Greenhouse
1f18282eccb3c9d3,2026-08-19,Figma,"Account Executive, Strategic (Paris, France) ","Paris, France",0.0,,NEW,https://boards.greenhouse.io/figma/jobs/5565921004?gh_jid=5565921004,,,No explicit CGPA/academic cutoff specified | No graduation batch restrictions specified | Requires 5.0+ years of prior work experience (Strict Fresher filter enabled),Greenhouse
5db8c8da60db19c3,2026-08-19,Figma,"Account Executive, Strategic (Tokyo, Japan)","Tokyo, Japan",0.0,,NEW,https://boards.greenhouse.io/figma/jobs/5756182004?gh_jid=5756182004,,,No explicit CGPA/academic cutoff specified | No graduation batch restrictions specified | Requires 5.0+ years of prior work experience (Strict Fresher filter enabled),Greenhouse
3e2dcf9fbdc63714,2026-08-19,Figma,AI Applied Scientist,"San Francisco, CA • New York, NY • United States",0.0,,NEW,https://boards.greenhouse.io/figma/jobs/5707966004?gh_jid=5707966004,,,No explicit CGPA/academic cutoff specified | No graduation batch restrictions specified | Requires 5.0+ years of prior work experience (Strict Fresher filter enabled),Greenhouse
b4113215cd60eb95,2026-08-19,Figma,AV Production Specialist,"San Francisco, CA",0.0,,NEW,https://boards.greenhouse.io/figma/jobs/6138907004?gh_jid=6138907004,,,No explicit CGPA/academic cutoff specified | No graduation batch restrictions specified | Requires 5.0+ years of prior work experience (Strict Fresher filter enabled),Greenhouse
2e35bfe37e9b89cf,2026-08-19,Figma,"Brand Designer,  Product Launches","San Francisco, CA • New York, NY • United States",0.0,,NEW,https://boards.greenhouse.io/figma/jobs/6131079004?gh_jid=6131079004,,,No explicit CGPA/academic cutoff specified | No graduation batch restrictions specified | Requires 5.0+ years of prior work experience (Strict Fresher filter enabled),Greenhouse
28e7c99b9f06d49f,2026-08-19,Figma,Business Operations,"San Francisco, CA • New York, NY • United States",0.0,,NEW,https://boards.greenhouse.io/figma/jobs/6119180004?gh_jid=6119180004,,,No explicit CGPA/academic cutoff specified | No graduation batch restrictions specified | Requires 6.0+ years of prior work experience (Strict Fresher filter enabled),Greenhouse
41563b3b299ca72e,2026-08-19,Figma,"Business Recruiter (São Paulo, Brazil)","São Paulo, Brazil",0.0,,NEW,https://boards.greenhouse.io/figma/jobs/5832782004?gh_jid=5832782004,,,No explicit CGPA/academic cutoff specified | No graduation batch restrictions specified | Requires 6.0+ years of prior work experience (Strict Fresher filter enabled),Greenhouse
a8ef517fea03c674,2026-08-19,Figma,"Community Support Specialist (Tokyo, Japan)","Tokyo, Japan",0.0,,NEW,https://boards.greenhouse.io/figma/jobs/6123890004?gh_jid=6123890004,,,No explicit CGPA/academic cutoff specified | No graduation batch restrictions specified | Requires 2.0+ years of prior work experience (Strict Fresher filter enabled),Greenhouse
44f30905827f2a81,2026-08-19,Figma,Content Support Engineer,"San Francisco, CA • New York, NY • United States",0.0,,NEW,https://boards.greenhouse.io/figma/jobs/6037719004?gh_jid=6037719004,,,No explicit CGPA/academic cutoff specified | No graduation batch restrictions specified | Requires 5.0+ years of prior work experience (Strict Fresher filter enabled),Greenhouse
7993090f8b76ec0f,2026-08-19,Figma,Corporate Counsel,"San Francisco, CA • New York, NY • United States",0.0,,NEW,https://boards.greenhouse.io/figma/jobs/6018708004?gh_jid=6018708004,,,No explicit CGPA/academic cutoff specified | No graduation batch restrictions specified | Requires 5.0+ years of prior work experience (Strict Fresher filter enabled),Greenhouse
6e6cca2caf467b9b,2026-08-19,Figma,Customer Enablement Manager,"San Francisco, CA • New York, NY • United States",0.0,,NEW,https://boards.greenhouse.io/figma/jobs/5817899004?gh_jid=5817899004,,,No explicit CGPA/academic cutoff specified | No graduation batch restrictions specified | Requires 5.0+ years of prior work experience (Strict Fresher filter enabled),Greenhouse
8047828057affc85,2026-08-19,Figma,"Customer Enablement Manager (Berlin, Germany)","Berlin, Germany",0.0,,NEW,https://boards.greenhouse.io/figma/jobs/6133181004?gh_jid=6133181004,,,No explicit CGPA/academic cutoff specified | No graduation batch restrictions specified | Requires 5.0+ years of prior work experience (Strict Fresher filter enabled),Greenhouse
809e6e4afe592063,2026-08-19,Figma,"Customer Enablement Manager, French Speaking (London, United Kingdom)","London, England",0.0,,NEW,https://boards.greenhouse.io/figma/jobs/6102903004?gh_jid=6102903004,,,No explicit CGPA/academic cutoff specified | No graduation batch restrictions specified | Requires 5.0+ years of prior work experience (Strict Fresher filter enabled),Greenhouse
01a03631e5ee8fdc,2026-08-19,Figma,"Customer Enablement Manager (London, United Kingdom)","London, England",0.0,,NEW,https://boards.greenhouse.io/figma/jobs/6130557004?gh_jid=6130557004,,,No explicit CGPA/academic cutoff specified | No graduation batch restrictions specified | Requires 5.0+ years of prior work experience (Strict Fresher filter enabled),Greenhouse
0934978bc218aa63,2026-08-19,Figma,"Customer Enablement Manager (Paris, France)   ","Paris, France",0.0,,NEW,https://boards.greenhouse.io/figma/jobs/5976498004?gh_jid=5976498004,,,No explicit CGPA/academic cutoff specified | No graduation batch restrictions specified | Requires 5.0+ years of prior work experience (Strict Fresher filter enabled),Greenhouse
f3ea4010ef82e69e,2026-08-19,Figma,"Customer Enablement Manager (São Paulo, Brazil)","São Paulo, Brazil",0.0,,NEW,https://boards.greenhouse.io/figma/jobs/6104028004?gh_jid=6104028004,,,No explicit CGPA/academic cutoff specified | No graduation batch restrictions specified | Requires 5.0+ years of prior work experience (Strict Fresher filter enabled),Greenhouse
6be1a78b52d87373,2026-08-19,Figma,Data Engineer,"San Francisco, CA • New York, NY • United States",0.0,,NEW,https://boards.greenhouse.io/figma/jobs/5220003004?gh_jid=5220003004,,,No explicit CGPA/academic cutoff specified | No graduation batch restrictions specified | Requires 5.0+ years of prior work experience (Strict Fresher filter enabled),Greenhouse
f663b8d7a21816b6,2026-08-19,Figma,"Data Scientist, Core Data -  PhD (2026)","San Francisco, CA • New York, NY",0.0,,NEW,https://boards.greenhouse.io/figma/jobs/5976930004?gh_jid=5976930004,,,No explicit CGPA/academic cutoff specified | No graduation batch restrictions specified | Requires 5.0+ years of prior work experience (Strict Fresher filter enabled),Greenhouse
5721922904e486c0,2026-08-19,Figma,"Data Scientist, Finance","San Francisco, CA • New York, NY • United States",0.0,,NEW,https://boards.greenhouse.io/figma/jobs/6013304004?gh_jid=6013304004,,,No explicit CGPA/academic cutoff specified | No graduation batch restrictions specified | Requires 5.0+ years of prior work experience (Strict Fresher filter enabled),Greenhouse
48f5210d2d9a7fe2,2026-08-19,Figma,"Designer Advocate - Figma Weave (New York, United States)","New York, NY",0.0,,NEW,https://boards.greenhouse.io/figma/jobs/5692764004?gh_jid=5692764004,,,No explicit CGPA/academic cutoff specified | No graduation batch restrictions specified | Requires 5.0+ years of prior work experience (Strict Fresher filter enabled),Greenhouse
b654a73d18a3b648,2026-08-19,Figma,"Designer Advocate, Partnerships","San Francisco, CA",0.0,,NEW,https://boards.greenhouse.io/figma/jobs/6114301004?gh_jid=6114301004,,,No explicit CGPA/academic cutoff specified | No graduation batch restrictions specified | Requires 5.0+ years of prior work experience (Strict Fresher filter enabled),Greenhouse
b1f64c65d9d108d1,2026-08-19,Figma,"Director, Business Operations","San Francisco, CA • New York, NY • United States",0.0,,NEW,https://boards.greenhouse.io/figma/jobs/6092343004?gh_jid=6092343004,,,"No explicit CGPA/academic cutoff specified | No graduation batch restrictions specified | Role title 'Director, Business Operations' is a senior/experienced role",Greenhouse
695a868259e6e32a,2026-08-19,Figma,"Director, Business Systems","San Francisco, CA • New York, NY • United States",0.0,,NEW,https://boards.greenhouse.io/figma/jobs/6019394004?gh_jid=6019394004,,,"No explicit CGPA/academic cutoff specified | No graduation batch restrictions specified | Role title 'Director, Business Systems' is a senior/experienced role",Greenhouse
591ca0ef69938c02,2026-08-19,Figma,"Director, Communications ","San Francisco, CA • New York, NY",0.0,,NEW,https://boards.greenhouse.io/figma/jobs/5841222004?gh_jid=5841222004,,,"No explicit CGPA/academic cutoff specified | No graduation batch restrictions specified | Role title 'Director, Communications' is a senior/experienced role",Greenhouse
e9c685836d994e6a,2026-08-19,Figma,"Director, Data Science","San Francisco, CA • New York, NY • United States",0.0,,NEW,https://boards.greenhouse.io/figma/jobs/6130865004?gh_jid=6130865004,,,"No explicit CGPA/academic cutoff specified | No graduation batch restrictions specified | Role title 'Director, Data Science' is a senior/experienced role",Greenhouse
566d3c59c1b5be6e,2026-08-19,Figma,"Director, Enterprise Sales (London, United Kingdom)","London, England",0.0,,NEW,https://boards.greenhouse.io/figma/jobs/6130524004?gh_jid=6130524004,,,"No explicit CGPA/academic cutoff specified | No graduation batch restrictions specified | Role title 'Director, Enterprise Sales (London, United Kingdom)' is a senior/experienced role",Greenhouse
c6ae42ec348c3211,2026-08-19,Figma,"Director, Research - AI Evals","San Francisco, CA • New York, NY • United States",0.0,,NEW,https://boards.greenhouse.io/figma/jobs/6112112004?gh_jid=6112112004,,,"No explicit CGPA/academic cutoff specified | No graduation batch restrictions specified | Role title 'Director, Research - AI Evals' is a senior/experienced role",Greenhouse
16f59240bfc6f09c,2026-08-19,Figma,"Director, Solutions Consulting (United States)","San Francisco, CA • New York, NY • United States",0.0,,NEW,https://boards.greenhouse.io/figma/jobs/5820284004?gh_jid=5820284004,,,"No explicit CGPA/academic cutoff specified | No graduation batch restrictions specified | Role title 'Director, Solutions Consulting (United States)' is a senior/experienced role",Greenhouse
2f85c861224aef27,2026-08-19,Figma,"Director, Strategic Sales (Berlin, Germany)","Berlin, Germany",0.0,,NEW,https://boards.greenhouse.io/figma/jobs/6143018004?gh_jid=6143018004,,,"No explicit CGPA/academic cutoff specified | No graduation batch restrictions specified | Role title 'Director, Strategic Sales (Berlin, Germany)' is a senior/experienced role",Greenhouse
6da34f4bf4275d9e,2026-08-19,Figma,"Director, Technical Revenue Accounting","San Francisco, CA • New York, NY • United States",0.0,,NEW,https://boards.greenhouse.io/figma/jobs/5835172004?gh_jid=5835172004,,,"No explicit CGPA/academic cutoff specified | No graduation batch restrictions specified | Role title 'Director, Technical Revenue Accounting' is a senior/experienced role",Greenhouse
c874aec176b4bcd2,2026-08-19,Figma,Distribution Partner Manager,"San Francisco, CA • New York, NY • United States",0.0,,NEW,https://boards.greenhouse.io/figma/jobs/5813967004?gh_jid=5813967004,,,No explicit CGPA/academic cutoff specified | No graduation batch restrictions specified | Requires 10.0+ years of prior work experience (Strict Fresher filter enabled),Greenhouse
c1ba2ca2f3597dd6,2026-08-19,Figma,"Employment Counsel (London, United Kingdom) ","London, England",0.0,,NEW,https://boards.greenhouse.io/figma/jobs/6100732004?gh_jid=6100732004,,,No explicit CGPA/academic cutoff specified | No graduation batch restrictions specified | Requires 8.0+ years of prior work experience (Strict Fresher filter enabled),Greenhouse
1cc6192dda56c7c4,2026-08-19,Figma,"Enterprise Solutions Consultant (Bengaluru, India)","Bangalore, India",0.0,,NEW,https://boards.greenhouse.io/figma/jobs/5615966004?gh_jid=5615966004,,,No explicit CGPA/academic cutoff specified | No graduation batch restrictions specified | Requires 8.0+ years of prior work experience (Strict Fresher filter enabled),Greenhouse
a353db9c394c8df2,2026-08-19,Figma,"Enterprise Support Specialist, Korean Speaking (London, United Kingdom)","London, England",0.0,,NEW,https://boards.greenhouse.io/figma/jobs/6105678004?gh_jid=6105678004,,,No explicit CGPA/academic cutoff specified | No graduation batch restrictions specified | Requires 5.0+ years of prior work experience (Strict Fresher filter enabled),Greenhouse
83a866f9352eade0,2026-08-19,Figma,"Events Manager - Figma Weave (New York, United States)","New York, NY",0.0,,NEW,https://boards.greenhouse.io/figma/jobs/6126728004?gh_jid=6126728004,,,No explicit CGPA/academic cutoff specified | No graduation batch restrictions specified | Requires 5.0+ years of prior work experience (Strict Fresher filter enabled),Greenhouse
4a68f2fd9708c0ab,2026-08-19,Figma,"Executive Assistant, Chief People Officer","San Francisco, CA",0.0,,NEW,https://boards.greenhouse.io/figma/jobs/6132356004?gh_jid=6132356004,,,No explicit CGPA/academic cutoff specified | No graduation batch restrictions specified | Requires 7.0+ years of prior work experience (Strict Fresher filter enabled),Greenhouse
0a047172af273523,2026-08-19,Figma,"Executive Assistant, Design ","San Francisco, CA • New York, NY • United States",0.0,,NEW,https://boards.greenhouse.io/figma/jobs/6115082004?gh_jid=6115082004,,,No explicit CGPA/academic cutoff specified | No graduation batch restrictions specified | Requires 5.0+ years of prior work experience (Strict Fresher filter enabled),Greenhouse
0e8856527ae6492f,2026-08-19,Figma,"Executive Assistant, People","San Francisco, CA",0.0,,NEW,https://boards.greenhouse.io/figma/jobs/5969046004?gh_jid=5969046004,,,No explicit CGPA/academic cutoff specified | No graduation batch restrictions specified | Requires 6.0+ years of prior work experience (Strict Fresher filter enabled),Greenhouse
d9e2d04f01567784,2026-08-19,Figma,Executive Recruiter,"San Francisco, CA • New York, NY • United States",0.0,,NEW,https://boards.greenhouse.io/figma/jobs/6141591004?gh_jid=6141591004,,,No explicit CGPA/academic cutoff specified | No graduation batch restrictions specified | Requires 8.0+ years of prior work experience (Strict Fresher filter enabled),Greenhouse
2a87b008cede90a2,2026-08-19,Figma,"Field Marketing Manager, Third Party & Partner Events","San Francisco, CA • New York, NY • United States",0.0,,NEW,https://boards.greenhouse.io/figma/jobs/6141213004?gh_jid=6141213004,,,Academic aggregate ~88.5% meets 50.0% cutoff | No graduation batch restrictions specified | Requires 5.0+ years of prior work experience (Strict Fresher filter enabled),Greenhouse
327bd73e532c8c6b,2026-08-19,Figma,Forward Deployed Engineer ,"San Francisco, CA • New York, NY • United States",0.0,,NEW,https://boards.greenhouse.io/figma/jobs/6110219004?gh_jid=6110219004,,,No explicit CGPA/academic cutoff specified | No graduation batch restrictions specified | Requires 5.0+ years of prior work experience (Strict Fresher filter enabled),Greenhouse
2383fd7d5faac014,2026-08-19,Figma,Governance Risk and Compliance,"San Francisco, CA • New York, NY • United States",0.0,,NEW,https://boards.greenhouse.io/figma/jobs/6015630004?gh_jid=6015630004,,,No explicit CGPA/academic cutoff specified | No graduation batch restrictions specified | Requires 5.0+ years of prior work experience (Strict Fresher filter enabled),Greenhouse
b4df89f318ec5929,2026-08-19,Figma,"Head of Marketing, LATAM (São Paulo, Brazil)","São Paulo, Brazil",0.0,,NEW,https://boards.greenhouse.io/figma/jobs/5810842004?gh_jid=5810842004,,,No explicit CGPA/academic cutoff specified | No graduation batch restrictions specified | Requires 8.0+ years of prior work experience (Strict Fresher filter enabled),Greenhouse
b4d07a02ad57c5a1,2026-08-19,Figma,"Inside Sales Representative, French or German Speaker (London, United Kingdom) ","London, England",0.0,,NEW,https://boards.greenhouse.io/figma/jobs/6122269004?gh_jid=6122269004,,,No explicit CGPA/academic cutoff specified | No graduation batch restrictions specified | Requires 5.0+ years of prior work experience (Strict Fresher filter enabled),Greenhouse
03d04df393d3e42b,2026-08-19,Figma,"Manager, Customer Enablement (Tokyo, Japan)","Tokyo, Japan",0.0,,NEW,https://boards.greenhouse.io/figma/jobs/6144873004?gh_jid=6144873004,,,No explicit CGPA/academic cutoff specified | No graduation batch restrictions specified | Requires 5.0+ years of prior work experience (Strict Fresher filter enabled),Greenhouse
34072097b5e0357f,2026-08-19,Figma,"Manager, Data Science - AI Product","San Francisco, CA • New York, NY • United States",0.0,,NEW,https://boards.greenhouse.io/figma/jobs/5983820004?gh_jid=5983820004,,,No explicit CGPA/academic cutoff specified | No graduation batch restrictions specified | Requires 5.0+ years of prior work experience (Strict Fresher filter enabled),Greenhouse
94f01192a24d4ad6,2026-08-19,Figma,"Manager, Design - Systems & Infrastructure","San Francisco, CA • New York, NY • United States",0.0,,NEW,https://boards.greenhouse.io/figma/jobs/6135656004?gh_jid=6135656004,,,No explicit CGPA/academic cutoff specified | No graduation batch restrictions specified | Requires 5.0+ years of prior work experience (Strict Fresher filter enabled),Greenhouse
8db4d6492b364b92,2026-08-19,Figma,"Manager, Distribution Partnerships","San Francisco, CA • New York, NY • United States",0.0,,NEW,https://boards.greenhouse.io/figma/jobs/6118332004?gh_jid=6118332004,,,No explicit CGPA/academic cutoff specified | No graduation batch restrictions specified | Requires 12.0+ years of prior work experience (Strict Fresher filter enabled),Greenhouse
72d7dbb4a2636287,2026-08-19,Figma,"Manager, Enterprise Sales","San Francisco, CA • New York, NY • United States",0.0,,NEW,https://boards.greenhouse.io/figma/jobs/5996930004?gh_jid=5996930004,,,No explicit CGPA/academic cutoff specified | No graduation batch restrictions specified | Requires 7.0+ years of prior work experience (Strict Fresher filter enabled),Greenhouse
1be23aa3428d92c7,2026-08-19,Figma,"Manager, Enterprise Support (Singapore)",Singapore,0.0,,NEW,https://boards.greenhouse.io/figma/jobs/6104574004?gh_jid=6104574004,,,No explicit CGPA/academic cutoff specified | No graduation batch restrictions specified | Requires 5.0+ years of prior work experience (Strict Fresher filter enabled),Greenhouse
c2be4b89f0e6e784,2026-08-19,Figma,"Manager, Figma for Education (International)","San Francisco, CA • New York, NY • United States",0.0,,NEW,https://boards.greenhouse.io/figma/jobs/6004606004?gh_jid=6004606004,,,No explicit CGPA/academic cutoff specified | No graduation batch restrictions specified | Requires 5.0+ years of prior work experience (Strict Fresher filter enabled),Greenhouse
bac3c6fb6107648c,2026-08-19,Figma,"Manager, HRIS","San Francisco, CA • New York, NY • United States",0.0,,NEW,https://boards.greenhouse.io/figma/jobs/6132269004?gh_jid=6132269004,,,No explicit CGPA/academic cutoff specified | No graduation batch restrictions specified | Requires 8.0+ years of prior work experience (Strict Fresher filter enabled),Greenhouse
9c1f56cea249a06a,2026-08-19,Figma,"Manager, Inside Sales (London, United Kingdom)","London, England",0.0,,NEW,https://boards.greenhouse.io/figma/jobs/6010992004?gh_jid=6010992004,,,No explicit CGPA/academic cutoff specified | No graduation batch restrictions specified | Requires 5.0+ years of prior work experience (Strict Fresher filter enabled),Greenhouse
5920fd4855094ce2,2026-08-19,Figma,"Manager, IT Operations","San Francisco, CA",0.0,,NEW,https://boards.greenhouse.io/figma/jobs/6142460004?gh_jid=6142460004,,,No explicit CGPA/academic cutoff specified | No graduation batch restrictions specified | Requires 5.0+ years of prior work experience (Strict Fresher filter enabled),Greenhouse
35f30afe078f8019,2026-08-19,Figma,"Manager, Mid-Market Sales (Berlin, Germany)","Berlin, Germany",0.0,,NEW,https://boards.greenhouse.io/figma/jobs/6110744004?gh_jid=6110744004,,,No explicit CGPA/academic cutoff specified | No graduation batch restrictions specified | Requires 7.0+ years of prior work experience (Strict Fresher filter enabled),Greenhouse
077c92ba2f7dacc2,2026-08-19,Figma,"Manager, Product - Code","New York, NY • United States",0.0,,NEW,https://boards.greenhouse.io/figma/jobs/6104919004?gh_jid=6104919004,,,No explicit CGPA/academic cutoff specified | No graduation batch restrictions specified | Requires 5.0+ years of prior work experience (Strict Fresher filter enabled),Greenhouse
2377aa0b1e2ebf41,2026-08-19,Figma,"Manager, Product Design","San Francisco, CA • New York, NY • United States",0.0,,NEW,https://boards.greenhouse.io/figma/jobs/5790585004?gh_jid=5790585004,,,No explicit CGPA/academic cutoff specified | No graduation batch restrictions specified | Requires 5.0+ years of prior work experience (Strict Fresher filter enabled),Greenhouse
89d8df83d1e49af5,2026-08-19,Figma,"Manager, Security Operations","San Francisco, CA • New York, NY • United States",0.0,,NEW,https://boards.greenhouse.io/figma/jobs/6015609004?gh_jid=6015609004,,,No explicit CGPA/academic cutoff specified | No graduation batch restrictions specified | Requires 7.0+ years of prior work experience (Strict Fresher filter enabled),Greenhouse
615de9bf8c62391f,2026-08-19,Figma,"Manager, Software Engineering - AI Product (London, United Kingdom)","London, England",0.0,,NEW,https://boards.greenhouse.io/figma/jobs/6099616004?gh_jid=6099616004,,,No explicit CGPA/academic cutoff specified | No graduation batch restrictions specified | Requires 5.0+ years of prior work experience (Strict Fresher filter enabled),Greenhouse
459b949f7122ecff,2026-08-19,Figma,"Manager, Software Engineering - Billing","San Francisco, CA • New York, NY • United States",0.0,,NEW,https://boards.greenhouse.io/figma/jobs/5722244004?gh_jid=5722244004,,,No explicit CGPA/academic cutoff specified | No graduation batch restrictions specified | Requires 5.0+ years of prior work experience (Strict Fresher filter enabled),Greenhouse
066c4bb76c3fbbef,2026-08-19,Figma,"Manager, Software Engineering - Data Platform","San Francisco, CA • New York, NY • United States",0.0,,NEW,https://boards.greenhouse.io/figma/jobs/6135721004?gh_jid=6135721004,,,No explicit CGPA/academic cutoff specified | No graduation batch restrictions specified | Requires 5.0+ years of prior work experience (Strict Fresher filter enabled),Greenhouse
e70683d887a90a04,2026-08-19,Figma,"Manager, Software Engineering - DevEx AI Tools","San Francisco, CA • New York, NY • United States",0.0,,NEW,https://boards.greenhouse.io/figma/jobs/6008752004?gh_jid=6008752004,,,No explicit CGPA/academic cutoff specified | No graduation batch restrictions specified | Requires 5.0+ years of prior work experience (Strict Fresher filter enabled),Greenhouse
b5e590f405a4c91e,2026-08-19,Figma,"Manager, Software Engineering - Figma Weave (Tel Aviv, Israel)","Tel Aviv, Israel",0.0,,NEW,https://boards.greenhouse.io/figma/jobs/6105734004?gh_jid=6105734004,,,No explicit CGPA/academic cutoff specified | No graduation batch restrictions specified | Requires 5.0+ years of prior work experience (Strict Fresher filter enabled),Greenhouse
04d361a275c472d2,2026-08-19,Figma,"Manager, Software Engineering - Growth Platform ","San Francisco, CA • New York, NY • United States",0.0,,NEW,https://boards.greenhouse.io/figma/jobs/6010279004?gh_jid=6010279004,,,No explicit CGPA/academic cutoff specified | No graduation batch restrictions specified | Requires 5.0+ years of prior work experience (Strict Fresher filter enabled),Greenhouse
70f6017f9084bac9,2026-08-19,Figma,"Manager, Software Engineering - Interaction Design","San Francisco, CA • New York, NY • United States",0.0,,NEW,https://boards.greenhouse.io/figma/jobs/5778796004?gh_jid=5778796004,,,No explicit CGPA/academic cutoff specified | No graduation batch restrictions specified | Requires 5.0+ years of prior work experience (Strict Fresher filter enabled),Greenhouse
45b04e7a5b1092f3,2026-08-19,Figma,"Manager, Software Engineering - Observability","San Francisco, CA • New York, NY • United States",0.0,,NEW,https://boards.greenhouse.io/figma/jobs/5807963004?gh_jid=5807963004,,,No explicit CGPA/academic cutoff specified | No graduation batch restrictions specified | Requires 5.0+ years of prior work experience (Strict Fresher filter enabled),Greenhouse
c0682952d4f20d55,2026-08-19,Figma,"Manager, Software Engineering - Payload","San Francisco, CA • New York, NY • United States",0.0,,NEW,https://boards.greenhouse.io/figma/jobs/6092906004?gh_jid=6092906004,,,No explicit CGPA/academic cutoff specified | No graduation batch restrictions specified | Requires 5.0+ years of prior work experience (Strict Fresher filter enabled),Greenhouse
906cc1690f20542b,2026-08-19,Figma,"Manager, Solutions Consulting (London, United Kingdom)","London, England",0.0,,NEW,https://boards.greenhouse.io/figma/jobs/6111591004?gh_jid=6111591004,,,No explicit CGPA/academic cutoff specified | No graduation batch restrictions specified | Requires 8.0+ years of prior work experience (Strict Fresher filter enabled),Greenhouse
71a6849b5bc95af9,2026-08-19,Figma,"Manager, Solutions Consulting (Tokyo, Japan)","Tokyo, Japan",0.0,,NEW,https://boards.greenhouse.io/figma/jobs/6134908004?gh_jid=6134908004,,,No explicit CGPA/academic cutoff specified | No graduation batch restrictions specified | Requires 5.0+ years of prior work experience (Strict Fresher filter enabled),Greenhouse
16e26d5aa55d652b,2026-08-19,Figma,"Manager, Solutions Consulting (United States)","San Francisco, CA • New York, NY • United States",0.0,,NEW,https://boards.greenhouse.io/figma/jobs/5697641004?gh_jid=5697641004,,,No explicit CGPA/academic cutoff specified | No graduation batch restrictions specified | Requires 5.0+ years of prior work experience (Strict Fresher filter enabled),Greenhouse
ceb1677684336bf7,2026-08-19,Figma,"Manager, Strategic Sales","San Francisco, CA • New York, NY",0.0,,NEW,https://boards.greenhouse.io/figma/jobs/5620034004?gh_jid=5620034004,,,No explicit CGPA/academic cutoff specified | No graduation batch restrictions specified | Requires 7.0+ years of prior work experience (Strict Fresher filter enabled),Greenhouse
6d43c685cbae7ddd,2026-08-19,Figma,Marketing Engineer,"San Francisco, CA • New York, NY • United States",0.0,,NEW,https://boards.greenhouse.io/figma/jobs/6013495004?gh_jid=6013495004,,,No explicit CGPA/academic cutoff specified | No graduation batch restrictions specified | Requires 5.0+ years of prior work experience (Strict Fresher filter enabled),Greenhouse
e84604040d1d6ba8,2026-08-19,Figma,Motion Designer ,"San Francisco, CA • New York, NY • United States",0.0,,NEW,https://boards.greenhouse.io/figma/jobs/6117563004?gh_jid=6117563004,,,No explicit CGPA/academic cutoff specified | No graduation batch restrictions specified | Requires 5.0+ years of prior work experience (Strict Fresher filter enabled),Greenhouse
4216864ad64fd4c5,2026-08-19,Figma,"Onboarding Manager, Customer Experience (Tokyo, Japan)","Tokyo, Japan",0.0,,NEW,https://boards.greenhouse.io/figma/jobs/6051050004?gh_jid=6051050004,,,No explicit CGPA/academic cutoff specified | No graduation batch restrictions specified | Requires 5.0+ years of prior work experience (Strict Fresher filter enabled),Greenhouse
e51edeffdf3b0f71,2026-08-19,Figma,"People Partner, Japan & APAC (Singapore)",Singapore,0.0,,NEW,https://boards.greenhouse.io/figma/jobs/5978282004?gh_jid=5978282004,,,No explicit CGPA/academic cutoff specified | No graduation batch restrictions specified | Requires 8.0+ years of prior work experience (Strict Fresher filter enabled),Greenhouse
f76246e40a949fd2,2026-08-19,Figma,"Product Designer, AI Models","San Francisco, CA • New York, NY • United States",0.0,,NEW,https://boards.greenhouse.io/figma/jobs/5711913004?gh_jid=5711913004,,,No explicit CGPA/academic cutoff specified | No graduation batch restrictions specified | Requires 5.0+ years of prior work experience (Strict Fresher filter enabled),Greenhouse
ed756e81d3f27ced,2026-08-19,Figma,"Product Designer, CMS","San Francisco, CA • New York, NY • United States",0.0,,NEW,https://boards.greenhouse.io/figma/jobs/6126976004?gh_jid=6126976004,,,No explicit CGPA/academic cutoff specified | No graduation batch restrictions specified | Requires 5.0+ years of prior work experience (Strict Fresher filter enabled),Greenhouse
d96a49d466f47cd2,2026-08-19,Figma,"Product Designer, Design, Dev, & AI Tools","San Francisco, CA • New York, NY • United States",0.0,,NEW,https://boards.greenhouse.io/figma/jobs/5711468004?gh_jid=5711468004,,,No explicit CGPA/academic cutoff specified | No graduation batch restrictions specified | Requires 5.0+ years of prior work experience (Strict Fresher filter enabled),Greenhouse
d48441d37dd1425e,2026-08-19,Figma,"Product Designer, Design Systems","San Francisco, CA • New York, NY • United States",0.0,,NEW,https://boards.greenhouse.io/figma/jobs/5787576004?gh_jid=5787576004,,,No explicit CGPA/academic cutoff specified | No graduation batch restrictions specified | Requires 5.0+ years of prior work experience (Strict Fresher filter enabled),Greenhouse
d8e47fb4fad2f31c,2026-08-19,Figma,"Product Designer - Figma Weave (Tel Aviv, Israel)","Tel Aviv, Israel",0.0,,NEW,https://boards.greenhouse.io/figma/jobs/5991320004?gh_jid=5991320004,,,No explicit CGPA/academic cutoff specified | No graduation batch restrictions specified | Requires 5.0+ years of prior work experience (Strict Fresher filter enabled),Greenhouse
b7344586df11f351,2026-08-19,Figma,"Product Designer, Growth & Monetization","San Francisco, CA • New York, NY • United States",0.0,,NEW,https://boards.greenhouse.io/figma/jobs/5711595004?gh_jid=5711595004,,,No explicit CGPA/academic cutoff specified | No graduation batch restrictions specified | Requires 5.0+ years of prior work experience (Strict Fresher filter enabled),Greenhouse
6da56585386a4ca3,2026-08-19,Figma,"Product Manager, Acquisition","San Francisco, CA • New York, NY • United States",0.0,,NEW,https://boards.greenhouse.io/figma/jobs/6119781004?gh_jid=6119781004,,,No explicit CGPA/academic cutoff specified | No graduation batch restrictions specified | Requires 5.0+ years of prior work experience (Strict Fresher filter enabled),Greenhouse
1de26b2cdde2a175,2026-08-19,Figma,"Product Manager, AI Growth","San Francisco, CA • New York, NY • United States",0.0,,NEW,https://boards.greenhouse.io/figma/jobs/5989185004?gh_jid=5989185004,,,No explicit CGPA/academic cutoff specified | No graduation batch restrictions specified | Requires 7.0+ years of prior work experience (Strict Fresher filter enabled),Greenhouse
220c17580944b855,2026-08-19,Figma,"Product Manager, Design Tools","San Francisco, CA • New York, NY • United States",0.0,,NEW,https://boards.greenhouse.io/figma/jobs/5505263004?gh_jid=5505263004,,,No explicit CGPA/academic cutoff specified | No graduation batch restrictions specified | Requires 6.0+ years of prior work experience (Strict Fresher filter enabled),Greenhouse
1ac1e209f3d7af99,2026-08-19,Figma,"Product Manager, Developer Platform","San Francisco, CA • New York, NY • United States",0.0,,NEW,https://boards.greenhouse.io/figma/jobs/6100482004?gh_jid=6100482004,,,No explicit CGPA/academic cutoff specified | No graduation batch restrictions specified | Requires 6.0+ years of prior work experience (Strict Fresher filter enabled),Greenhouse
f201287e56cddf69,2026-08-19,Figma,"Product Manager - Figma Weave (Tel-Aviv, Israel)","Tel Aviv, Israel",0.0,,NEW,https://boards.greenhouse.io/figma/jobs/5991338004?gh_jid=5991338004,,,No explicit CGPA/academic cutoff specified | No graduation batch restrictions specified | Requires 6.0+ years of prior work experience (Strict Fresher filter enabled),Greenhouse
a0568d2e8bd04bc7,2026-08-19,Figma,Product Partner Manager ,"San Francisco, CA • New York, NY • United States",0.0,,NEW,https://boards.greenhouse.io/figma/jobs/5822583004?gh_jid=5822583004,,,No explicit CGPA/academic cutoff specified | No graduation batch restrictions specified | Requires 5.0+ years of prior work experience (Strict Fresher filter enabled),Greenhouse
0558c1345fb56366,2026-08-19,Figma,"Program Manager, Scale Onboarding (London, United Kingdom) ","London, England",0.0,,NEW,https://boards.greenhouse.io/figma/jobs/6130540004?gh_jid=6130540004,,,No explicit CGPA/academic cutoff specified | No graduation batch restrictions specified | Requires 5.0+ years of prior work experience (Strict Fresher filter enabled),Greenhouse
0f86316c2791a553,2026-08-19,Figma,"Recruiter (Berlin, Germany)","Berlin, Germany",0.0,,NEW,https://boards.greenhouse.io/figma/jobs/6014235004?gh_jid=6014235004,,,No explicit CGPA/academic cutoff specified | No graduation batch restrictions specified | Requires 7.0+ years of prior work experience (Strict Fresher filter enabled),Greenhouse
36b88667c6a6d643,2026-08-19,Figma,"Recruiter (Paris, France)","Paris, France",0.0,,NEW,https://boards.greenhouse.io/figma/jobs/6019700004?gh_jid=6019700004,,,No explicit CGPA/academic cutoff specified | No graduation batch restrictions specified | Requires 7.0+ years of prior work experience (Strict Fresher filter enabled),Greenhouse
94be71a6c1fb7b7e,2026-08-19,Figma,"Researcher, Core Product Strategy","San Francisco, CA • New York, NY • United States",0.0,,NEW,https://boards.greenhouse.io/figma/jobs/5651744004?gh_jid=5651744004,,,No explicit CGPA/academic cutoff specified | No graduation batch restrictions specified | Requires 7.0+ years of prior work experience (Strict Fresher filter enabled),Greenhouse
a6ad385f90c620fa,2026-08-19,Figma,"Sales Operations Manager, New Business","San Francisco, CA • New York, NY • United States",0.0,,NEW,https://boards.greenhouse.io/figma/jobs/5998224004?gh_jid=5998224004,,,No explicit CGPA/academic cutoff specified | No graduation batch restrictions specified | Requires 5.0+ years of prior work experience (Strict Fresher filter enabled),Greenhouse
d09803ef1ee4b6c7,2026-08-19,Figma,Sales Operations Manager (Singapore),Singapore,0.0,,NEW,https://boards.greenhouse.io/figma/jobs/6123146004?gh_jid=6123146004,,,No explicit CGPA/academic cutoff specified | No graduation batch restrictions specified | Requires 7.0+ years of prior work experience (Strict Fresher filter enabled),Greenhouse
ef45a193d0142ac1,2026-08-19,Figma,Security Engineer,"San Francisco, CA • New York, NY • United States",0.0,,NEW,https://boards.greenhouse.io/figma/jobs/5829751004?gh_jid=5829751004,,,No explicit CGPA/academic cutoff specified | No graduation batch restrictions specified | Requires 5.0+ years of prior work experience (Strict Fresher filter enabled),Greenhouse
c648e9289d9dd73a,2026-08-19,Figma,Senior Accountant,"San Francisco, CA • New York, NY • United States",0.0,,NEW,https://boards.greenhouse.io/figma/jobs/6119198004?gh_jid=6119198004,,,No explicit CGPA/academic cutoff specified | No graduation batch restrictions specified | Role title 'Senior Accountant' is a senior/experienced role,Greenhouse
e9cb74c149388aec,2026-08-19,Figma,"Senior Account Executive, SMB","San Francisco, CA • New York, NY • United States",0.0,,NEW,https://boards.greenhouse.io/figma/jobs/5565447004?gh_jid=5565447004,,,"No explicit CGPA/academic cutoff specified | No graduation batch restrictions specified | Role title 'Senior Account Executive, SMB' is a senior/experienced role",Greenhouse
0c7ebd5a1b913049,2026-08-19,Figma,"Senior Account Executive, UK Government (London, United Kingdom)","London, England",0.0,,NEW,https://boards.greenhouse.io/figma/jobs/5988684004?gh_jid=5988684004,,,"No explicit CGPA/academic cutoff specified | No graduation batch restrictions specified | Role title 'Senior Account Executive, UK Government (London, United Kingdom)' is a senior/experienced role",Greenhouse
d32fe18c10839ed9,2026-08-19,Figma,"Senior Analyst, SEC Reporting & Technical Accounting","San Francisco, CA • New York, NY • United States",0.0,,NEW,https://boards.greenhouse.io/figma/jobs/6105538004?gh_jid=6105538004,,,"No explicit CGPA/academic cutoff specified | No graduation batch restrictions specified | Role title 'Senior Analyst, SEC Reporting & Technical Accounting' is a senior/experienced role",Greenhouse
5eb3b7998cc98435,2026-08-19,Figma,"Senior Manager, Enterprise Sales (London, United Kingdom)","London, England",0.0,,NEW,https://boards.greenhouse.io/figma/jobs/6124232004?gh_jid=6124232004,,,"No explicit CGPA/academic cutoff specified | No graduation batch restrictions specified | Role title 'Senior Manager, Enterprise Sales (London, United Kingdom)' is a senior/experienced role",Greenhouse
004b77883024fd35,2026-08-19,Figma,"Senior Manager, Enterprise Sales (Tokyo, Japan)","Tokyo, Japan",0.0,,NEW,https://boards.greenhouse.io/figma/jobs/5753194004?gh_jid=5753194004,,,"No explicit CGPA/academic cutoff specified | No graduation batch restrictions specified | Role title 'Senior Manager, Enterprise Sales (Tokyo, Japan)' is a senior/experienced role",Greenhouse
95c9bd56677aaff1,2026-08-19,Figma,Senior Product Counsel,"San Francisco, CA • New York, NY • United States",0.0,,NEW,https://boards.greenhouse.io/figma/jobs/6104505004?gh_jid=6104505004,,,No explicit CGPA/academic cutoff specified | No graduation batch restrictions specified | Role title 'Senior Product Counsel' is a senior/experienced role,Greenhouse
5365acbbb7e9dde8,2026-08-19,Figma,Senior Revenue Analyst ,"San Francisco, CA • New York, NY • United States",0.0,,NEW,https://boards.greenhouse.io/figma/jobs/6139275004?gh_jid=6139275004,,,No explicit CGPA/academic cutoff specified | No graduation batch restrictions specified | Role title 'Senior Revenue Analyst' is a senior/experienced role,Greenhouse
aec492d6bc58db6e,2026-08-19,Figma,"Senior Sales Enablement Manager (Tokyo, Japan) ","Tokyo, Japan",0.0,,NEW,https://boards.greenhouse.io/figma/jobs/6003308004?gh_jid=6003308004,,,"No explicit CGPA/academic cutoff specified | No graduation batch restrictions specified | Role title 'Senior Sales Enablement Manager (Tokyo, Japan)' is a senior/experienced role",Greenhouse
4f24be8e68908382,2026-08-19,Figma,Senior Solutions Consultant (Singapore),Singapore,0.0,,NEW,https://boards.greenhouse.io/figma/jobs/6050054004?gh_jid=6050054004,,,No explicit CGPA/academic cutoff specified | No graduation batch restrictions specified | Role title 'Senior Solutions Consultant (Singapore)' is a senior/experienced role,Greenhouse
1feef92e432e5aa4,2026-08-19,Figma,"Senior Technical Revenue Analyst (Dublin, Ireland) ","Dublin, Ireland",0.0,,NEW,https://boards.greenhouse.io/figma/jobs/5835673004?gh_jid=5835673004,,,"No explicit CGPA/academic cutoff specified | No graduation batch restrictions specified | Role title 'Senior Technical Revenue Analyst (Dublin, Ireland)' is a senior/experienced role",Greenhouse
6730d61463741a2f,2026-08-19,Figma,Software Engineer - AI Platforms,"San Francisco, CA • New York, NY • United States",0.0,,NEW,https://boards.greenhouse.io/figma/jobs/5691886004?gh_jid=5691886004,,,No explicit CGPA/academic cutoff specified | No graduation batch restrictions specified | Requires 5.0+ years of prior work experience (Strict Fresher filter enabled),Greenhouse
ea50115b85d5f9eb,2026-08-19,Figma,Software Engineer - AI Product,"San Francisco, CA • New York, NY • United States",0.0,,NEW,https://boards.greenhouse.io/figma/jobs/5551730004?gh_jid=5551730004,,,No explicit CGPA/academic cutoff specified | No graduation batch restrictions specified | Requires 5.0+ years of prior work experience (Strict Fresher filter enabled),Greenhouse
1e58495ac5b68a8d,2026-08-19,Figma,"Software Engineer - AI Product (London, United Kingdom)","London, England",0.0,,NEW,https://boards.greenhouse.io/figma/jobs/5551697004?gh_jid=5551697004,,,No explicit CGPA/academic cutoff specified | No graduation batch restrictions specified | Requires 5.0+ years of prior work experience (Strict Fresher filter enabled),Greenhouse
916d6d2ac21f8ece,2026-08-19,Figma,Software Engineer - Application Platform,"San Francisco, CA • New York, NY • United States",0.0,,NEW,https://boards.greenhouse.io/figma/jobs/6142506004?gh_jid=6142506004,,,No explicit CGPA/academic cutoff specified | No graduation batch restrictions specified | Requires 5.0+ years of prior work experience (Strict Fresher filter enabled),Greenhouse
d5b2ee370b55ff5b,2026-08-19,Figma,Software Engineer - C++,"San Francisco, CA • New York, NY • United States",0.0,,NEW,https://boards.greenhouse.io/figma/jobs/5552530004?gh_jid=5552530004,,,No explicit CGPA/academic cutoff specified | No graduation batch restrictions specified | Requires 5.0+ years of prior work experience (Strict Fresher filter enabled),Greenhouse
38d784868fb7e502,2026-08-19,Figma,Software Engineer - Data Infrastructure,"San Francisco, CA • New York, NY • United States",0.0,,NEW,https://boards.greenhouse.io/figma/jobs/5551686004?gh_jid=5551686004,,,No explicit CGPA/academic cutoff specified | No graduation batch restrictions specified | Requires 5.0+ years of prior work experience (Strict Fresher filter enabled),Greenhouse
f434d3add5952014,2026-08-19,Figma,Software Engineer - Developer Experience,"San Francisco, CA • New York, NY • United States",0.0,,NEW,https://boards.greenhouse.io/figma/jobs/5790627004?gh_jid=5790627004,,,No explicit CGPA/academic cutoff specified | No graduation batch restrictions specified | Requires 5.0+ years of prior work experience (Strict Fresher filter enabled),Greenhouse
c96289915098010c,2026-08-19,Figma,Software Engineer - Distributed Systems,"San Francisco, CA • New York, NY • United States",0.0,,NEW,https://boards.greenhouse.io/figma/jobs/5552549004?gh_jid=5552549004,,,No explicit CGPA/academic cutoff specified | No graduation batch restrictions specified | Requires 5.0+ years of prior work experience (Strict Fresher filter enabled),Greenhouse
7148ba321e402b27,2026-08-19,Figma,"Software Engineer - Figma Weave (Tel Aviv, Israel) ","Tel Aviv, Israel",0.0,,NEW,https://boards.greenhouse.io/figma/jobs/6073106004?gh_jid=6073106004,,,No explicit CGPA/academic cutoff specified | No graduation batch restrictions specified | Requires 5.0+ years of prior work experience (Strict Fresher filter enabled),Greenhouse
c77f5f36c59c355f,2026-08-19,Figma,Software Engineer - Full Stack,"San Francisco, CA • New York, NY • United States",0.0,,NEW,https://boards.greenhouse.io/figma/jobs/5691911004?gh_jid=5691911004,,,No explicit CGPA/academic cutoff specified | No graduation batch restrictions specified | Requires 5.0+ years of prior work experience (Strict Fresher filter enabled),Greenhouse
e0b48a1d5bfc0b7f,2026-08-19,Figma,Software Engineer - Graphics & Media,"San Francisco, CA • New York, NY • United States",0.0,,NEW,https://boards.greenhouse.io/figma/jobs/5552522004?gh_jid=5552522004,,,No explicit CGPA/academic cutoff specified | No graduation batch restrictions specified | Requires 5.0+ years of prior work experience (Strict Fresher filter enabled),Greenhouse
26ad313ec19d3f7c,2026-08-19,Figma,Software Engineer - Growth & Monetization,"San Francisco, CA • New York, NY • United States",0.0,,NEW,https://boards.greenhouse.io/figma/jobs/5552560004?gh_jid=5552560004,,,No explicit CGPA/academic cutoff specified | No graduation batch restrictions specified | Requires 5.0+ years of prior work experience (Strict Fresher filter enabled),Greenhouse
b61d47e4f68f9f5e,2026-08-19,Figma,Software Engineer - Machine Learning,"San Francisco, CA • New York, NY • United States",0.0,,NEW,https://boards.greenhouse.io/figma/jobs/5551532004?gh_jid=5551532004,,,No explicit CGPA/academic cutoff specified | No graduation batch restrictions specified | Requires 5.0+ years of prior work experience (Strict Fresher filter enabled),Greenhouse
b765134c667f7b5a,2026-08-19,Figma,Software Engineer - Mobile Web,"San Francisco, CA • New York, NY • United States",0.0,,NEW,https://boards.greenhouse.io/figma/jobs/6100023004?gh_jid=6100023004,,,No explicit CGPA/academic cutoff specified | No graduation batch restrictions specified | Requires 5.0+ years of prior work experience (Strict Fresher filter enabled),Greenhouse
e3a318ceb123ef06,2026-08-19,Figma,Software Engineer - Production Engineering,"San Francisco, CA • New York, NY • United States",0.0,,NEW,https://boards.greenhouse.io/figma/jobs/5551649004?gh_jid=5551649004,,,No explicit CGPA/academic cutoff specified | No graduation batch restrictions specified | Requires 5.0+ years of prior work experience (Strict Fresher filter enabled),Greenhouse
dc03dac55bf1e36d,2026-08-19,Figma,"Software Engineer - Production Engineering (London, United Kingdom)","London, England",0.0,,NEW,https://boards.greenhouse.io/figma/jobs/5781928004?gh_jid=5781928004,,,No explicit CGPA/academic cutoff specified | No graduation batch restrictions specified | Requires 5.0+ years of prior work experience (Strict Fresher filter enabled),Greenhouse
dcc7f5bc54b2c6c7,2026-08-19,Figma,Software Engineer - Traffic,"San Francisco, CA • New York, NY • United States",0.0,,NEW,https://boards.greenhouse.io/figma/jobs/6102379004?gh_jid=6102379004,,,No explicit CGPA/academic cutoff specified | No graduation batch restrictions specified | Requires 5.0+ years of prior work experience (Strict Fresher filter enabled),Greenhouse
3b330bbe145918fa,2026-08-19,Figma,Solutions Consultant,"San Francisco, CA • New York, NY • United States",0.0,,NEW,https://boards.greenhouse.io/figma/jobs/5783377004?gh_jid=5783377004,,,No explicit CGPA/academic cutoff specified | No graduation batch restrictions specified | Requires 8.0+ years of prior work experience (Strict Fresher filter enabled),Greenhouse
c613a7e3c7f1c499,2026-08-19,Figma,"Solutions Consultant (Berlin, Germany)","Berlin, Germany",0.0,,NEW,https://boards.greenhouse.io/figma/jobs/5735853004?gh_jid=5735853004,,,No explicit CGPA/academic cutoff specified | No graduation batch restrictions specified | Requires 6.0+ years of prior work experience (Strict Fresher filter enabled),Greenhouse
a02b28e753186272,2026-08-19,Figma,"Solutions Consultant, Federal","New York, NY; Washington, DC",0.0,,NEW,https://boards.greenhouse.io/figma/jobs/5981822004?gh_jid=5981822004,,,No explicit CGPA/academic cutoff specified | No graduation batch restrictions specified | Requires 8.0+ years of prior work experience (Strict Fresher filter enabled),Greenhouse
ee1fff240cb9fff1,2026-08-19,Figma,"Solutions Consultant (London, United Kingdom)","London, England",0.0,,NEW,https://boards.greenhouse.io/figma/jobs/5735493004?gh_jid=5735493004,,,No explicit CGPA/academic cutoff specified | No graduation batch restrictions specified | Requires 6.0+ years of prior work experience (Strict Fresher filter enabled),Greenhouse
a528c8acfb493cb7,2026-08-19,Figma,"Solutions Consultant, Payload","San Francisco, CA • New York, NY • United States",0.0,,NEW,https://boards.greenhouse.io/figma/jobs/6111166004?gh_jid=6111166004,,,No explicit CGPA/academic cutoff specified | No graduation batch restrictions specified | Requires 5.0+ years of prior work experience (Strict Fresher filter enabled),Greenhouse
aa09829dad53d798,2026-08-19,Figma,"Solutions Consultant (Sydney, Australia)","Sydney, Australia",0.0,,NEW,https://boards.greenhouse.io/figma/jobs/5993635004?gh_jid=5993635004,,,No explicit CGPA/academic cutoff specified | No graduation batch restrictions specified | Requires 8.0+ years of prior work experience (Strict Fresher filter enabled),Greenhouse
83a789e0afee6c22,2026-08-19,Figma,Strategic Finance,"San Francisco, CA • New York, NY • United States",0.0,,NEW,https://boards.greenhouse.io/figma/jobs/5792631004?gh_jid=5792631004,,,No explicit CGPA/academic cutoff specified | No graduation batch restrictions specified | Requires 5.0+ years of prior work experience (Strict Fresher filter enabled),Greenhouse
0fe994d702047cde,2026-08-19,Figma,"Strategic Finance, AI Innovation","San Francisco, CA • New York, NY • United States",0.0,,NEW,https://boards.greenhouse.io/figma/jobs/6112961004?gh_jid=6112961004,,,No explicit CGPA/academic cutoff specified | No graduation batch restrictions specified | Requires 5.0+ years of prior work experience (Strict Fresher filter enabled),Greenhouse
d1fbe4d53442b371,2026-08-19,Figma,"Strategic Program Manager - Figma Weave (New York, United States)","New York, NY",0.0,,NEW,https://boards.greenhouse.io/figma/jobs/6123582004?gh_jid=6123582004,,,No explicit CGPA/academic cutoff specified | No graduation batch restrictions specified | Requires 5.0+ years of prior work experience (Strict Fresher filter enabled),Greenhouse
536646a28eb411f8,2026-08-19,Figma,"Support Engineer, AI Infrastructure","San Francisco, CA • New York, NY • United States",0.0,,NEW,https://boards.greenhouse.io/figma/jobs/5802956004?gh_jid=5802956004,,,No explicit CGPA/academic cutoff specified | No graduation batch restrictions specified | Requires 5.0+ years of prior work experience (Strict Fresher filter enabled),Greenhouse
0c93d70a05cd3cc7,2026-08-19,Figma,"Technical Account Manager, Mandarin Speaking (Singapore)",Singapore,0.0,,NEW,https://boards.greenhouse.io/figma/jobs/6113161004?gh_jid=6113161004,,,No explicit CGPA/academic cutoff specified | No graduation batch restrictions specified | Requires 5.0+ years of prior work experience (Strict Fresher filter enabled),Greenhouse
d9dab0f8256aced8,2026-08-19,Figma,"Technical Account Manager (Tokyo, Japan)","Tokyo, Japan",0.0,,NEW,https://boards.greenhouse.io/figma/jobs/6006175004?gh_jid=6006175004,,,No explicit CGPA/academic cutoff specified | No graduation batch restrictions specified | Requires 5.0+ years of prior work experience (Strict Fresher filter enabled),Greenhouse
01eb39dd658e08c0,2026-08-19,Figma,Technical Program Manager - AI Performance,"San Francisco, CA • New York, NY • United States",0.0,,NEW,https://boards.greenhouse.io/figma/jobs/5837760004?gh_jid=5837760004,,,No explicit CGPA/academic cutoff specified | No graduation batch restrictions specified | Requires 5.0+ years of prior work experience (Strict Fresher filter enabled),Greenhouse
ea8050e143915030,2026-08-19,Figma,Technical Program Manager - Data,"San Francisco, CA • New York, NY • United States",0.0,,NEW,https://boards.greenhouse.io/figma/jobs/6009613004?gh_jid=6009613004,,,No explicit CGPA/academic cutoff specified | No graduation batch restrictions specified | Requires 5.0+ years of prior work experience (Strict Fresher filter enabled),Greenhouse
61da9bd512a2db2a,2026-08-19,Figma,Technical Program Manager - Infrastructure,"San Francisco, CA • New York, NY • United States",0.0,,NEW,https://boards.greenhouse.io/figma/jobs/6020719004?gh_jid=6020719004,,,No explicit CGPA/academic cutoff specified | No graduation batch restrictions specified | Requires 8.0+ years of prior work experience (Strict Fresher filter enabled),Greenhouse
6e84158c25727466,2026-08-19,Figma,Technical Quality Specialist ,"San Francisco, CA • New York, NY • United States",0.0,,NEW,https://boards.greenhouse.io/figma/jobs/6111625004?gh_jid=6111625004,,,No explicit CGPA/academic cutoff specified | No graduation batch restrictions specified | Requires 5.0+ years of prior work experience (Strict Fresher filter enabled),Greenhouse
47efcbf9278d28f0,2026-08-19,Figma,Voice of the Customer Program Manager,"San Francisco, CA • New York, NY • United States",0.0,,NEW,https://boards.greenhouse.io/figma/jobs/6008343004?gh_jid=6008343004,,,No explicit CGPA/academic cutoff specified | No graduation batch restrictions specified | Requires 5.0+ years of prior work experience (Strict Fresher filter enabled),Greenhouse
f9c9bea7ed7e6400,2026-08-19,Tasklet (YC P26) Is Hiring a Head of Design Engineering,Tasklet (YC P26) Is Hiring a Head of Design Engineering,Remote,0.0,,NEW,https://tasklet.ai/careers/head-of-design-engineering,,,No explicit CGPA/academic cutoff specified | No graduation batch restrictions specified | Requires 5.0+ years of prior work experience (Strict Fresher filter enabled),HackerNews Jobs
f9ec638e85310824,2026-08-19,ATG (YC F25) Is Hiring Member of Technical Staff (Data Platform),ATG (YC F25) Is Hiring Member of Technical Staff (Data Platform),Remote,0.0,,NEW,https://atg.science/careers,,,No explicit CGPA/academic cutoff specified | No graduation batch restrictions specified | Role title 'ATG (YC F25) Is Hiring Member of Technical Staff (Data Platform)' is a senior/experienced role,HackerNews Jobs
e444cc6ce816cc1b,2026-08-19,GiveCampus (YC S15) Is Hiring Engineering Managers,GiveCampus (YC S15) Is Hiring Engineering Managers,Remote,0.0,,NEW,https://job-boards.greenhouse.io/givecampus/jobs/4112793009,,,No explicit CGPA/academic cutoff specified | No graduation batch restrictions specified | Requires 5.0+ years of prior work experience (Strict Fresher filter enabled),HackerNews Jobs
5131b8807694e9a1,2026-08-19,Truemetrics (YC S23) Is Hiring in Berlin – GTM Lead,Truemetrics (YC S23) Is Hiring in Berlin – GTM Lead,Remote,0.0,,NEW,https://www.ycombinator.com/companies/truemetrics/jobs/bIQQ7tP-founding-gtm-lead,,,No explicit CGPA/academic cutoff specified | No graduation batch restrictions specified | Role title 'Truemetrics (YC S23) Is Hiring in Berlin – GTM Lead' is a senior/experienced role,HackerNews Jobs
e55bd6d787247c43,2026-08-19,Roame (YC S23) Is Hiring Lead Engineer,Roame (YC S23) Is Hiring Lead Engineer,Remote,0.0,,NEW,https://www.ycombinator.com/companies/roame/jobs/mqqfa38-lead-full-stack-engineer,,,No explicit CGPA/academic cutoff specified | No graduation batch restrictions specified | Role title 'Roame (YC S23) Is Hiring Lead Engineer' is a senior/experienced role,HackerNews Jobs
778052f877356ce0,2026-08-19,Great Question (YC W21) Is Hiring Senior Demand Gen Manager,Great Question (YC W21) Is Hiring Senior Demand Gen Manager,Remote,0.0,,NEW,https://www.ycombinator.com/companies/great-question/jobs/YutDxyf-senior-demand-generation-manager,,,No explicit CGPA/academic cutoff specified | No graduation batch restrictions specified | Role title 'Great Question (YC W21) Is Hiring Senior Demand Gen Manager' is a senior/experienced role,HackerNews Jobs
fadfe292e85a9c6f,2026-08-19,Morph (YC S23) Is Hiring Member of Technical Staff,Morph (YC S23) Is Hiring Member of Technical Staff,Remote,0.0,,NEW,https://www.ycombinator.com/companies/morph/jobs/0Z8vI3K-member-of-technical-staff,,,No explicit CGPA/academic cutoff specified | No graduation batch restrictions specified | Role title 'Morph (YC S23) Is Hiring Member of Technical Staff' is a senior/experienced role,HackerNews Jobs
27d347795e931cc1,2026-08-19,Rise Reforming (YC S26) Is Hiring a Senior Chemical Process Engineer,Rise Reforming (YC S26) Is Hiring a Senior Chemical Process Engineer,Remote,0.0,,NEW,https://www.ycombinator.com/companies/rise-reforming/jobs/wJ9Q9nv-senior-chemical-process-engineer,,,No explicit CGPA/academic cutoff specified | No graduation batch restrictions specified | Role title 'Rise Reforming (YC S26) Is Hiring a Senior Chemical Process Engineer' is a senior/experienced role,HackerNews Jobs
296089f018a63408,2026-08-19,Kyber (YC W23) Is Hiring a Head of Engineering,Kyber (YC W23) Is Hiring a Head of Engineering,Remote,0.0,,NEW,https://www.ycombinator.com/companies/kyber/jobs/FGmI8mx-head-of-engineering,,,No explicit CGPA/academic cutoff specified | No graduation batch restrictions specified | Requires 5.0+ years of prior work experience (Strict Fresher filter enabled),HackerNews Jobs
e4eb63c6e0d87feb,2026-08-19,Bloomy (YC S26),Bloomy (YC S26) is hiring a founding engineer,Remote,0.0,,NEW,https://news.ycombinator.com/item?id=48995037,,,Academic aggregate ~88.5% meets 50.0% cutoff | No graduation batch restrictions specified | Requires 5.0+ years of prior work experience (Strict Fresher filter enabled),HackerNews Jobs
ad49d268132d95f0,2026-08-19,Manufact (YC S25) Is Hiring a Senior infra engineer to build the MCP cloud,Manufact (YC S25) Is Hiring a Senior infra engineer to build the MCP cloud,Remote,0.0,,NEW,https://www.ycombinator.com/companies/manufact/jobs/Dh6PYP5-senior-infrastructure-engineer,,,No explicit CGPA/academic cutoff specified | No graduation batch restrictions specified | Role title 'Manufact (YC S25) Is Hiring a Senior infra engineer to build the MCP cloud' is a senior/experienced role,HackerNews Jobs
1312d2fba626768c,2026-08-19,Tech Company,"Clari + Salesloft: Senior Director, Product & Strategy",Remote,0.0,,NEW,https://weworkremotely.com/remote-jobs/clari-salesloft-senior-director-product-strategy,,,"No explicit CGPA/academic cutoff specified | No graduation batch restrictions specified | Role title 'Clari + Salesloft: Senior Director, Product & Strategy' is a senior/experienced role",RSS (We Work Remotely - Software Engineering)
ef13a41d8a1951e7,2026-08-19,Tech Company,"Mechanical Orchard: Director of Engineering, Product Infrastructure and Release Engineering",Remote,0.0,,NEW,https://weworkremotely.com/remote-jobs/mechanical-orchard-director-of-engineering-product-infrastructure-and-release-engineering,,,"No explicit CGPA/academic cutoff specified | No graduation batch restrictions specified | Role title 'Mechanical Orchard: Director of Engineering, Product Infrastructure and Release Engineering' is a senior/experienced role",RSS (We Work Remotely - Software Engineering)
2bb1d7511208d64d,2026-08-19,Tech Company,Kiss My Apps: Lead Product Manager,Remote,0.0,,NEW,https://weworkremotely.com/remote-jobs/kiss-my-apps-lead-product-manager,,,Academic aggregate ~88.5% meets 80.0% cutoff | No graduation batch restrictions specified | Role title 'Kiss My Apps: Lead Product Manager' is a senior/experienced role,RSS (We Work Remotely - Software Engineering)
acdfd7ad160d2e28,2026-08-19,Tech Company,Andela: Product Designer,Remote,0.0,,NEW,https://weworkremotely.com/remote-jobs/andela-product-designer,,,Academic aggregate ~88.5% meets 66.0% cutoff | No graduation batch restrictions specified | Requires 10.0+ years of prior work experience (Strict Fresher filter enabled),RSS (We Work Remotely - Software Engineering)
e5f518e24042d534,2026-08-19,Tech Company,"Cohere: Product Manager,  Platform Experience & Developer Product",Remote,0.0,,NEW,https://weworkremotely.com/remote-jobs/cohere-product-manager-platform-experience-developer-product,,,No explicit CGPA/academic cutoff specified | No graduation batch restrictions specified | Requires 5.0+ years of prior work experience (Strict Fresher filter enabled),RSS (We Work Remotely - Software Engineering)
4922d326d11dd1aa,2026-08-19,Tech Company,Softswiss: Middle+/Senior DevOps/System Engineer (SE Platform Ops Sun),Remote,0.0,,NEW,https://weworkremotely.com/remote-jobs/softswiss-middle-senior-devops-system-engineer-se-platform-ops-sun,,,No explicit CGPA/academic cutoff specified | No graduation batch restrictions specified | Role title 'Softswiss: Middle+/Senior DevOps/System Engineer (SE Platform Ops Sun)' is a senior/experienced role,RSS (We Work Remotely - Software Engineering)
2fa36fd56177a1e9,2026-08-19,Tech Company,Valsoft Corporation: AI-Native Full Stack Product Engineer,Remote,0.0,,NEW,https://weworkremotely.com/remote-jobs/valsoft-corporation-ai-native-full-stack-product-engineer,,,Academic aggregate ~88.5% meets 50.0% cutoff | No graduation batch restrictions specified | Requires 5.0+ years of prior work experience (Strict Fresher filter enabled),RSS (We Work Remotely - Software Engineering)
71919e886be93bb7,2026-08-19,Tech Company,Sur: Full Stack Developer,Remote,0.0,,NEW,https://weworkremotely.com/remote-jobs/sur-full-stack-developer,,,No explicit CGPA/academic cutoff specified | No graduation batch restrictions specified | Requires 5.0+ years of prior work experience (Strict Fresher filter enabled),RSS (We Work Remotely - Software Engineering)
978a2331984947c6,2026-08-19,Tech Company,"Mechanical Orchard: Product Manager, Code Generation",Remote,0.0,,NEW,https://weworkremotely.com/remote-jobs/mechanical-orchard-product-manager-code-generation,,,No explicit CGPA/academic cutoff specified | No graduation batch restrictions specified | Requires 5.0+ years of prior work experience (Strict Fresher filter enabled),RSS (We Work Remotely - Software Engineering)
57740a4ffc6473da,2026-08-19,Tech Company,Appodeal: Independent Board Director (ML-Driven Product & Data Platform Leader),Remote,0.0,,NEW,https://weworkremotely.com/remote-jobs/appodeal-independent-board-director-ml-driven-product-data-platform-leader,,,No explicit CGPA/academic cutoff specified | No graduation batch restrictions specified | Role title 'Appodeal: Independent Board Director (ML-Driven Product & Data Platform Leader)' is a senior/experienced role,RSS (We Work Remotely - Software Engineering)
93e57d1ad933b252,2026-08-19,Tech Company,Cosuno: Senior Full Stack Developer (TypeScript),Remote,0.0,,NEW,https://weworkremotely.com/remote-jobs/cosuno-senior-full-stack-developer-typescript,,,No explicit CGPA/academic cutoff specified | No graduation batch restrictions specified | Role title 'Cosuno: Senior Full Stack Developer (TypeScript)' is a senior/experienced role,RSS (We Work Remotely - Software Engineering)
8cadbe116bf51b3b,2026-08-19,Tech Company,Kindred: Staff Product Manager,Remote,0.0,,NEW,https://weworkremotely.com/remote-jobs/kindred-staff-product-manager,,,No explicit CGPA/academic cutoff specified | No graduation batch restrictions specified | Role title 'Kindred: Staff Product Manager' is a senior/experienced role,RSS (We Work Remotely - Software Engineering)
08cecbf786cf9cff,2026-08-19,Tech Company,"Confluent: Senior Product Manager, Cloud Networking",Remote,0.0,,NEW,https://weworkremotely.com/remote-jobs/confluent-senior-product-manager-cloud-networking,,,"No explicit CGPA/academic cutoff specified | No graduation batch restrictions specified | Role title 'Confluent: Senior Product Manager, Cloud Networking' is a senior/experienced role",RSS (We Work Remotely - Software Engineering)
45eb9dcedec9b66f,2026-08-19,Tech Company,Cosuno: Principal Full Stack Developer (TypeScript),Remote,0.0,,NEW,https://weworkremotely.com/remote-jobs/cosuno-principal-full-stack-developer-typescript,,,No explicit CGPA/academic cutoff specified | No graduation batch restrictions specified | Role title 'Cosuno: Principal Full Stack Developer (TypeScript)' is a senior/experienced role,RSS (We Work Remotely - Software Engineering)
726b7f88e2720b09,2026-08-19,Tech Company,Bee Talents: Platform Product Analyst (PLG & Mixpanel Expert) | Gcore | Remote,Remote,0.0,,NEW,https://weworkremotely.com/remote-jobs/bee-talents-platform-product-analyst-plg-mixpanel-expert-gcore-remote,,,No explicit CGPA/academic cutoff specified | No graduation batch restrictions specified | Requires 5.0+ years of prior work experience (Strict Fresher filter enabled),RSS (We Work Remotely - Software Engineering)
2d43addc781cd3a2,2026-08-19,Tech Company,"Alphorm: Formateur IT Indépendant  Cybersécurité, IA, Cloud, DevOps et Réseaux ...",Remote,0.0,,NEW,https://weworkremotely.com/remote-jobs/alphorm-formateur-it-independant-cybersecurite-ia-cloud-devops-et-reseaux,,,No explicit CGPA/academic cutoff specified | No graduation batch restrictions specified | Requires 5.0+ years of prior work experience (Strict Fresher filter enabled),RSS (We Work Remotely - Software Engineering)
bdb8ab260091b0d1,2026-08-19,Tech Company,Endava: Senior Product Architect,Remote,0.0,,NEW,https://weworkremotely.com/remote-jobs/endava-senior-product-architect,,,No explicit CGPA/academic cutoff specified | No graduation batch restrictions specified | Role title 'Endava: Senior Product Architect' is a senior/experienced role,RSS (We Work Remotely - Software Engineering)
e8ef7502d8c14b02,2026-08-19,Tech Company,Mechanical Orchard: Head of Product Support,Remote,0.0,,NEW,https://weworkremotely.com/remote-jobs/mechanical-orchard-head-of-product-support,,,No explicit CGPA/academic cutoff specified | No graduation batch restrictions specified | Requires 7.0+ years of prior work experience (Strict Fresher filter enabled),RSS (We Work Remotely - Software Engineering)
64092b66479f8352,2026-08-19,Tech Company,Infomediji .: Senior Growth Product Manager,Remote,0.0,,NEW,https://weworkremotely.com/remote-jobs/infomediji-senior-growth-product-manager,,,No explicit CGPA/academic cutoff specified | No graduation batch restrictions specified | Role title 'Infomediji .: Senior Growth Product Manager' is a senior/experienced role,RSS (We Work Remotely - Software Engineering)
a60aaceddee9689e,2026-08-19,Tech Company,Sigma Software: Data Engineer (Interior Design),Remote,0.0,,NEW,https://weworkremotely.com/remote-jobs/sigma-software-data-engineer-interior-design,,,No explicit CGPA/academic cutoff specified | No graduation batch restrictions specified | Requires 5.0+ years of prior work experience (Strict Fresher filter enabled),RSS (We Work Remotely - Software Engineering)
79eb70ca776a3a77,2026-08-19,Tech Company,Intellectsoft: Senior Shopify Full-stack Developer (IR-471),Remote,0.0,,NEW,https://weworkremotely.com/remote-jobs/intellectsoft-senior-shopify-full-stack-developer-ir-471,,,No explicit CGPA/academic cutoff specified | No graduation batch restrictions specified | Role title 'Intellectsoft: Senior Shopify Full-stack Developer (IR-471)' is a senior/experienced role,RSS (We Work Remotely - Software Engineering)
a61b200abd716dd3,2026-08-19,Tech Company,"Huzzle: Full-Stack Developer (Python, React, AI)",Remote,0.0,,NEW,https://weworkremotely.com/remote-jobs/huzzle-full-stack-developer-python-react-ai-1,,,No explicit CGPA/academic cutoff specified | No graduation batch restrictions specified | Requires 5.0+ years of prior work experience (Strict Fresher filter enabled),RSS (We Work Remotely - Software Engineering)
9d8e0688d4f355a7,2026-08-19,Tech Company,Performyard: VP of Product,Remote,0.0,,NEW,https://weworkremotely.com/remote-jobs/performyard-vp-of-product,,,No explicit CGPA/academic cutoff specified | No graduation batch restrictions specified | Requires 5.0+ years of prior work experience (Strict Fresher filter enabled),RSS (We Work Remotely - Software Engineering)
303df3b5ff52f317,2026-08-19,Tech Company,Ci&t: [Job -26953] Senior Full Stack Developer (React/.Net),Remote,0.0,,NEW,https://weworkremotely.com/remote-jobs/ci-t-job-26953-senior-full-stack-developer-react-net,,,No explicit CGPA/academic cutoff specified | No graduation batch restrictions specified | Role title 'Ci&t: [Job -26953] Senior Full Stack Developer (React/.Net)' is a senior/experienced role,RSS (We Work Remotely - Software Engineering)
577f510fc1e3e69c,2026-08-19,Tech Company,Holafly: Finance Business Partner (Marketing & Product),Remote,0.0,,NEW,https://weworkremotely.com/remote-jobs/holafly-finance-business-partner-marketing-product,,,No explicit CGPA/academic cutoff specified | No graduation batch restrictions specified | Requires 5.0+ years of prior work experience (Strict Fresher filter enabled),RSS (We Work Remotely - Software Engineering)
7e2e65f4baab9f95,2026-08-19,Tech Company,Trafilea: Product Manager AI Personalization,Remote,0.0,,NEW,https://weworkremotely.com/remote-jobs/trafilea-product-manager-ai-personalization,,,No explicit CGPA/academic cutoff specified | No graduation batch restrictions specified | Requires 5.0+ years of prior work experience (Strict Fresher filter enabled),RSS (We Work Remotely - Software Engineering)
6515cb9fa4eb7bbb,2026-08-19,Tech Company,Wing Assistant: Full Stack Developer,Remote,0.0,,NEW,https://weworkremotely.com/remote-jobs/wing-assistant-full-stack-developer-1,,,No explicit CGPA/academic cutoff specified | No graduation batch restrictions specified | Requires 5.0+ years of prior work experience (Strict Fresher filter enabled),RSS (We Work Remotely - Software Engineering)
09e59e1b34d5fcb3,2026-08-19,Tech Company,Stadium: AWS DevOps Engineer,Remote,0.0,,NEW,https://weworkremotely.com/remote-jobs/stadium-aws-devops-engineer,,,No explicit CGPA/academic cutoff specified | No graduation batch restrictions specified | Requires 5.0+ years of prior work experience (Strict Fresher filter enabled),RSS (We Work Remotely - Software Engineering)
d28c9b700f96efd8,2026-08-19,Tech Company,"Confluent: Senior Product Manager, Cluster Linking",Remote,0.0,,NEW,https://weworkremotely.com/remote-jobs/confluent-senior-product-manager-cluster-linking,,,"No explicit CGPA/academic cutoff specified | No graduation batch restrictions specified | Role title 'Confluent: Senior Product Manager, Cluster Linking' is a senior/experienced role",RSS (We Work Remotely - Software Engineering)
5c7eeb40bb4751f9,2026-08-19,Tech Company,"Supportyourapp: (Native Finnish) Customer Support Consultant (Future Openings, remotely)",Remote,0.0,,NEW,https://weworkremotely.com/remote-jobs/supportyourapp-native-finnish-customer-support-consultant-future-openings-remotely,,,No explicit CGPA/academic cutoff specified | No graduation batch restrictions specified | Requires 5.0+ years of prior work experience (Strict Fresher filter enabled),RSS (We Work Remotely - Software Engineering)
9329f08f2c2f572b,2026-08-19,Tech Company,Zowie: DevOps Engineer,Remote,0.0,,NEW,https://weworkremotely.com/remote-jobs/zowie-devops-engineer,,,No explicit CGPA/academic cutoff specified | No graduation batch restrictions specified | Requires 5.0+ years of prior work experience (Strict Fresher filter enabled),RSS (We Work Remotely - Software Engineering)
a6a4fe70fac9bf82,2026-08-19,Tech Company,Aker Systems: Principal Software Engineer - Product team,Remote,0.0,,NEW,https://weworkremotely.com/remote-jobs/aker-systems-principal-software-engineer-product-team,,,No explicit CGPA/academic cutoff specified | No graduation batch restrictions specified | Role title 'Aker Systems: Principal Software Engineer - Product team' is a senior/experienced role,RSS (We Work Remotely - Software Engineering)
a8d017b62b002069,2026-08-19,Tech Company,"Happyco: Senior Product Designer, Mobile Experience",Remote,0.0,,NEW,https://weworkremotely.com/remote-jobs/happyco-senior-product-designer-mobile-experience,,,"No explicit CGPA/academic cutoff specified | No graduation batch restrictions specified | Role title 'Happyco: Senior Product Designer, Mobile Experience' is a senior/experienced role",RSS (We Work Remotely - Software Engineering)
971796b64b84b035,2026-08-19,Tech Company,"Zeta Global: Senior Product Designer, AI",Remote,0.0,,NEW,https://weworkremotely.com/remote-jobs/zeta-global-senior-product-designer-ai,,,"No explicit CGPA/academic cutoff specified | No graduation batch restrictions specified | Role title 'Zeta Global: Senior Product Designer, AI' is a senior/experienced role",RSS (We Work Remotely - Software Engineering)
4b77cca5b5e8192d,2026-08-19,Tech Company,"Zeta Global: Senior Product Designer, Agentic AI Applications",Remote,0.0,,NEW,https://weworkremotely.com/remote-jobs/zeta-global-senior-product-designer-agentic-ai-applications,,,"No explicit CGPA/academic cutoff specified | No graduation batch restrictions specified | Role title 'Zeta Global: Senior Product Designer, Agentic AI Applications' is a senior/experienced role",RSS (We Work Remotely - Software Engineering)
10cce3c278e7a95c,2026-08-19,Tech Company,Coderio: DevOps Senior,Remote,0.0,,NEW,https://weworkremotely.com/remote-jobs/coderio-devops-senior,,,No explicit CGPA/academic cutoff specified | No graduation batch restrictions specified | Role title 'Coderio: DevOps Senior' is a senior/experienced role,RSS (We Work Remotely - Software Engineering)
c14a0e5da58c2c54,2026-08-19,Tech Company,Myneva: Senior DevOps Engineer (m/f/d),Remote,0.0,,NEW,https://weworkremotely.com/remote-jobs/myneva-senior-devops-engineer-m-f-d,,,No explicit CGPA/academic cutoff specified | No graduation batch restrictions specified | Role title 'Myneva: Senior DevOps Engineer (m/f/d)' is a senior/experienced role,RSS (We Work Remotely - Software Engineering)
e42c47827d777dc3,2026-08-19,Tech Company,"Edfinity: Senior Software Engineer, remote",Remote,0.0,,NEW,https://weworkremotely.com/remote-jobs/edfinity-senior-software-engineer-remote,,,"No explicit CGPA/academic cutoff specified | No graduation batch restrictions specified | Role title 'Edfinity: Senior Software Engineer, remote' is a senior/experienced role",RSS (We Work Remotely - Software Engineering)
0af90697f8eb2f46,2026-08-19,Tech Company,Toptal: AI/ML Engineer for an AI-Driven E-Commerce Platform,Remote,0.0,,NEW,https://weworkremotely.com/remote-jobs/toptal-ai-ml-engineer-for-an-ai-driven-e-commerce-platform,,,No explicit CGPA/academic cutoff specified | No graduation batch restrictions specified | Requires 5.0+ years of prior work experience (Strict Fresher filter enabled),RSS (We Work Remotely - Software Engineering)
7523a0d767738bab,2026-08-19,Tech Company,Samsara: Staff Software Engineer,Remote,0.0,,NEW,https://weworkremotely.com/remote-jobs/samsara-staff-software-engineer,,,Academic aggregate ~88.5% below 96.0% cutoff | No graduation batch restrictions specified | Role title 'Samsara: Staff Software Engineer' is a senior/experienced role,RSS (We Work Remotely - Software Engineering)
bd1e1203ba8d517c,2026-08-19,Tech Company,Collaboration.Ai: Senior Software Engineer,Remote,0.0,,NEW,https://weworkremotely.com/remote-jobs/collaboration-ai-senior-software-engineer,,,Academic aggregate ~88.5% meets 80.0% cutoff | No graduation batch restrictions specified | Role title 'Collaboration.Ai: Senior Software Engineer' is a senior/experienced role,RSS (We Work Remotely - Software Engineering)
4601c1324595a927,2026-08-19,Tech Company,"Vercel: Member of the Technical Staff, Internal Agent",Remote,0.0,,NEW,https://weworkremotely.com/remote-jobs/vercel-member-of-the-technical-staff-internal-agent,,,No explicit CGPA/academic cutoff specified | No graduation batch restrictions specified | Requires 7.0+ years of prior work experience (Strict Fresher filter enabled),RSS (We Work Remotely - Software Engineering)
c7aa714c31ddb248,2026-08-19,Tech Company,Hightouch: Application Security Lead,Remote,0.0,,NEW,https://weworkremotely.com/remote-jobs/hightouch-application-security-lead,,,No explicit CGPA/academic cutoff specified | No graduation batch restrictions specified | Role title 'Hightouch: Application Security Lead' is a senior/experienced role,RSS (We Work Remotely - Software Engineering)
abf2c1659e170ccb,2026-08-19,Tech Company,ZoomInfo Technologies LLC: Principal Business Intelligence Analyst,Remote,0.0,,NEW,https://weworkremotely.com/remote-jobs/zoominfo-technologies-llc-principal-business-intelligence-analyst,,,No explicit CGPA/academic cutoff specified | No graduation batch restrictions specified | Role title 'ZoomInfo Technologies LLC: Principal Business Intelligence Analyst' is a senior/experienced role,RSS (We Work Remotely - Software Engineering)
fe11fc4fb60d713b,2026-08-19,Tech Company,Proxify AB: Senior Fullstack Developer (React.js / Node.js),Remote,0.0,,NEW,https://weworkremotely.com/remote-jobs/proxify-ab-senior-fullstack-developer-react-js-node-js-3,,,No explicit CGPA/academic cutoff specified | No graduation batch restrictions specified | Role title 'Proxify AB: Senior Fullstack Developer (React.js / Node.js)' is a senior/experienced role,RSS (We Work Remotely - Software Engineering)
216eef0d44d7f06c,2026-08-19,Tech Company,Toptal: Python Backend Development Talent with RAG and Agentic AI Experience,Remote,0.0,,NEW,https://weworkremotely.com/remote-jobs/toptal-python-backend-development-talent-with-rag-and-agentic-ai-experience,,,No explicit CGPA/academic cutoff specified | No graduation batch restrictions specified | Requires 5.0+ years of prior work experience (Strict Fresher filter enabled),RSS (We Work Remotely - Software Engineering)
8cf0f059d1ecfec5,2026-08-19,Tech Company,Toptal: Senior Software Engineer for AI-Powered Banking Platform,Remote,0.0,,NEW,https://weworkremotely.com/remote-jobs/toptal-senior-software-engineer-for-ai-powered-banking-platform,,,No explicit CGPA/academic cutoff specified | No graduation batch restrictions specified | Role title 'Toptal: Senior Software Engineer for AI-Powered Banking Platform' is a senior/experienced role,RSS (We Work Remotely - Software Engineering)
d4a414614e29316a,2026-08-19,Tech Company,Toptal: Tech Lead - Manufacturing Data & AI Platforms - Global Pharmaceutical Company,Remote,0.0,,NEW,https://weworkremotely.com/remote-jobs/toptal-tech-lead-manufacturing-data-ai-platforms-global-pharmaceutical-company,,,No explicit CGPA/academic cutoff specified | No graduation batch restrictions specified | Role title 'Toptal: Tech Lead - Manufacturing Data & AI Platforms - Global Pharmaceutical Company' is a senior/experienced role,RSS (We Work Remotely - Software Engineering)
d29eeb516ee3c7e7,2026-08-19,Tech Company,Toptal: Data Scientist for Top Cosmetic firm,Remote,0.0,,NEW,https://weworkremotely.com/remote-jobs/toptal-data-scientist-for-top-cosmetic-firm,,,No explicit CGPA/academic cutoff specified | No graduation batch restrictions specified | Requires 5.0+ years of prior work experience (Strict Fresher filter enabled),RSS (We Work Remotely - Software Engineering)
47dc6e6c0ce948fc,2026-08-19,Tech Company,Lithic: Senior Dispute Analyst,Remote,0.0,,NEW,https://weworkremotely.com/remote-jobs/lithic-senior-dispute-analyst,,,No explicit CGPA/academic cutoff specified | No graduation batch restrictions specified | Role title 'Lithic: Senior Dispute Analyst' is a senior/experienced role,RSS (We Work Remotely - Software Engineering)
da2bcfbbc5291891,2026-08-19,Tech Company,"Gusto, Inc.: Staff Software Engineer, Time and Scheduling",Remote,0.0,,NEW,https://weworkremotely.com/remote-jobs/gusto-inc-staff-software-engineer-time-and-scheduling,,,"No explicit CGPA/academic cutoff specified | No graduation batch restrictions specified | Role title 'Gusto, Inc.: Staff Software Engineer, Time and Scheduling' is a senior/experienced role",RSS (We Work Remotely - Software Engineering)
8481b16e973f5f4b,2026-08-19,Tech Company,"Amwell: Manager, Government Compliance & Authorization",Remote,0.0,,NEW,https://weworkremotely.com/remote-jobs/amwell-manager-government-compliance-authorization,,,No explicit CGPA/academic cutoff specified | No graduation batch restrictions specified | Requires 7.0+ years of prior work experience (Strict Fresher filter enabled),RSS (We Work Remotely - Software Engineering)
5c655e53e3f0cfa8,2026-08-19,Tech Company,"Lattice: Engineering Manager, AI",Remote,0.0,,NEW,https://weworkremotely.com/remote-jobs/lattice-engineering-manager-ai-1,,,"No explicit CGPA/academic cutoff specified | No graduation batch restrictions specified | Role title 'Lattice: Engineering Manager, AI' is a senior/experienced role",RSS (We Work Remotely - Software Engineering)
e3df738e06781810,2026-08-19,Tech Company,Toptal: Stibo Sr. Architect/Platform Owner for Global Fortune 500,Remote,0.0,,NEW,https://weworkremotely.com/remote-jobs/toptal-stibo-sr-architect-platform-owner-for-global-fortune-500,,,No explicit CGPA/academic cutoff specified | No graduation batch restrictions specified | Role title 'Toptal: Stibo Sr. Architect/Platform Owner for Global Fortune 500' is a senior/experienced role,RSS (We Work Remotely - Software Engineering)
72f6c45626644ec3,2026-08-19,Tech Company,Yooli: FULL TIME: Software Engineer Position - React and Rest,Remote,0.0,,NEW,https://weworkremotely.com/remote-jobs/yooli-full-time-software-engineer-position-react-and-rest-1,,,No explicit CGPA/academic cutoff specified | No graduation batch restrictions specified | Requires 5.0+ years of prior work experience (Strict Fresher filter enabled),RSS (We Work Remotely - Software Engineering)
1ed404346e50e5b9,2026-08-19,Tech Company,Azumo: Technical Leader - Latin America,Remote,0.0,,NEW,https://weworkremotely.com/remote-jobs/azumo-technical-leader-latin-america,,,No explicit CGPA/academic cutoff specified | No graduation batch restrictions specified | Requires 10.0+ years of prior work experience (Strict Fresher filter enabled),RSS (We Work Remotely - Software Engineering)
dc3b9e95da7c6501,2026-08-19,Tech Company,Azumo: Data Engineer - Latin America,Remote,0.0,,NEW,https://weworkremotely.com/remote-jobs/azumo-data-engineer-latin-america,,,No explicit CGPA/academic cutoff specified | No graduation batch restrictions specified | Requires 5.0+ years of prior work experience (Strict Fresher filter enabled),RSS (We Work Remotely - Software Engineering)
a8a471319af3a9de,2026-08-19,Tech Company,Azumo: Java Engineer - Latin America,Remote,0.0,,NEW,https://weworkremotely.com/remote-jobs/azumo-java-engineer-latin-america,,,No explicit CGPA/academic cutoff specified | No graduation batch restrictions specified | Requires 5.0+ years of prior work experience (Strict Fresher filter enabled),RSS (We Work Remotely - Software Engineering)
f950e9f93ce812cd,2026-08-19,Tech Company,"LMG Staffing Solutions: AI-Assisted Software Engineer, Web Applications",Remote,0.0,,NEW,https://weworkremotely.com/remote-jobs/lmg-staffing-solutions-ai-assisted-software-engineer-web-applications,,,No explicit CGPA/academic cutoff specified | No graduation batch restrictions specified | Requires 5.0+ years of prior work experience (Strict Fresher filter enabled),RSS (We Work Remotely - Software Engineering)
f7a962f9ae16379b,2026-08-19,Tech Company,Azumo: Data Engineer - Databricks / AWS (Gaming & LiveOps) - Latin America,Remote,0.0,,NEW,https://weworkremotely.com/remote-jobs/azumo-data-engineer-databricks-aws-gaming-liveops-latin-america,,,No explicit CGPA/academic cutoff specified | No graduation batch restrictions specified | Requires 5.0+ years of prior work experience (Strict Fresher filter enabled),RSS (We Work Remotely - Software Engineering)
ad16da0de31092e5,2026-08-19,Tech Company,Faire: Senior Staff Data Engineer - Platform Data and Analytics,Remote,0.0,,NEW,https://weworkremotely.com/remote-jobs/faire-senior-staff-data-engineer-platform-data-and-analytics,,,No explicit CGPA/academic cutoff specified | No graduation batch restrictions specified | Role title 'Faire: Senior Staff Data Engineer - Platform Data and Analytics' is a senior/experienced role,RSS (We Work Remotely - Software Engineering)
de547b5fb4f09095,2026-08-19,Tech Company,Doximity: Data Engineering Manager,Remote,0.0,,NEW,https://weworkremotely.com/remote-jobs/doximity-data-engineering-manager,,,Academic aggregate ~88.5% meets 65.0% cutoff | No graduation batch restrictions specified | Role title 'Doximity: Data Engineering Manager' is a senior/experienced role,RSS (We Work Remotely - Software Engineering)
60409ba1006d7a2a,2026-08-19,Tech Company,"Doximity: Data Analyst, Reporting Partnerships",Remote,0.0,,NEW,https://weworkremotely.com/remote-jobs/doximity-data-analyst-reporting-partnerships,,,Academic aggregate ~88.5% meets 85.0% cutoff | No graduation batch restrictions specified | Requires 5.0+ years of prior work experience (Strict Fresher filter enabled),RSS (We Work Remotely - Software Engineering)
83fd15b968910cf7,2026-08-19,Tech Company,ClickHouse: AI Product Engineer - ClickStack,Remote,0.0,,NEW,https://weworkremotely.com/remote-jobs/clickhouse-ai-product-engineer-clickstack-1,,,No explicit CGPA/academic cutoff specified | No graduation batch restrictions specified | Requires 5.0+ years of prior work experience (Strict Fresher filter enabled),RSS (We Work Remotely - Software Engineering)
183faf86065c3d96,2026-08-19,Tech Company,SuperPlane: Product Engineer,Remote,0.0,,NEW,https://weworkremotely.com/remote-jobs/superplane-product-engineer-1,,,No explicit CGPA/academic cutoff specified | No graduation batch restrictions specified | Requires 5.0+ years of prior work experience (Strict Fresher filter enabled),RSS (We Work Remotely - Software Engineering)
bade66b7771c6d39,2026-08-19,Tech Company,"Hygraph: Senior Fullstack Engineer (f/m/d) - Berlin I Germany, EMEA I Remote",Remote,0.0,,NEW,https://weworkremotely.com/remote-jobs/hygraph-senior-fullstack-engineer-f-m-d-berlin-i-germany-emea-i-remote,,,"No explicit CGPA/academic cutoff specified | No graduation batch restrictions specified | Role title 'Hygraph: Senior Fullstack Engineer (f/m/d) - Berlin I Germany, EMEA I Remote' is a senior/experienced role",RSS (We Work Remotely - Software Engineering)
8ad82aa06083a6ee,2026-08-19,Tech Company,Maven Clinic: Content & Creative Strategist,Remote,0.0,,NEW,https://weworkremotely.com/remote-jobs/maven-clinic-content-creative-strategist,,,No explicit CGPA/academic cutoff specified | No graduation batch restrictions specified | Requires 5.0+ years of prior work experience (Strict Fresher filter enabled),RSS (We Work Remotely - Software Engineering)
bfcef732b4205da6,2026-08-19,Tech Company,Lemon.io: Senior Vue Developer,Remote,0.0,,NEW,https://weworkremotely.com/remote-jobs/lemon-io-senior-vue-developer,,,No explicit CGPA/academic cutoff specified | No graduation batch restrictions specified | Role title 'Lemon.io: Senior Vue Developer' is a senior/experienced role,RSS (We Work Remotely - Software Engineering)
6df9d78442afbdee,2026-08-19,Tech Company,Hightouch: AI Strategy Consultant,Remote,0.0,,NEW,https://weworkremotely.com/remote-jobs/hightouch-ai-strategy-consultant,,,No explicit CGPA/academic cutoff specified | No graduation batch restrictions specified | Requires 5.0+ years of prior work experience (Strict Fresher filter enabled),RSS (We Work Remotely - Software Engineering)
cd84eeeb323c2f3a,2026-08-19,Tech Company,"GitLab: AI Transformation Owner, CRO",Remote,0.0,,NEW,https://weworkremotely.com/remote-jobs/gitlab-ai-transformation-owner-cro,,,Academic aggregate ~88.5% meets 50.0% cutoff | No graduation batch restrictions specified | Requires 5.0+ years of prior work experience (Strict Fresher filter enabled),RSS (We Work Remotely - Software Engineering)
16e2d008eab15743,2026-08-19,Tech Company,"Twilio: Senior Software Engineer, Identity",Remote,0.0,,NEW,https://weworkremotely.com/remote-jobs/twilio-senior-software-engineer-identity,,,No explicit CGPA/academic cutoff specified | No graduation batch restrictions specified | Requires 6.0+ years of prior work experience (Strict Fresher filter enabled),RSS (We Work Remotely - Software Engineering)
0a15399350d19da7,2026-08-19,Tech Company,GitLab: AI Engineer,Remote,0.0,,NEW,https://weworkremotely.com/remote-jobs/gitlab-ai-engineer,,,Academic aggregate ~88.5% meets 50.0% cutoff | No graduation batch restrictions specified | Requires 5.0+ years of prior work experience (Strict Fresher filter enabled),RSS (We Work Remotely - Software Engineering)
1090c023de15489b,2026-08-19,Tech Company,"Twilio: Senior Software Engineer, Fraud",Remote,0.0,,NEW,https://weworkremotely.com/remote-jobs/twilio-senior-software-engineer-fraud,,,"No explicit CGPA/academic cutoff specified | No graduation batch restrictions specified | Role title 'Twilio: Senior Software Engineer, Fraud' is a senior/experienced role",RSS (We Work Remotely - Software Engineering)
0d70df52145399a1,2026-08-19,Tech Company,"Reddit: Ads Conversion Modeling, Machine Learning Engineering Manager",Remote,0.0,,NEW,https://weworkremotely.com/remote-jobs/reddit-ads-conversion-modeling-machine-learning-engineering-manager,,,"No explicit CGPA/academic cutoff specified | No graduation batch restrictions specified | Role title 'Reddit: Ads Conversion Modeling, Machine Learning Engineering Manager' is a senior/experienced role",RSS (We Work Remotely - Software Engineering)
c9fc2a6a9da6099c,2026-08-19,Tech Company,Jobgether: Product Manager – Progressive Web Apps (PWA),Remote,0.0,,NEW,https://weworkremotely.com/remote-jobs/jobgether-product-manager-progressive-web-apps-pwa,,,No explicit CGPA/academic cutoff specified | No graduation batch restrictions specified | Requires 5.0+ years of prior work experience (Strict Fresher filter enabled),RSS (We Work Remotely - Software Engineering)
8bc2df59b79e8d8b,2026-08-19,Tech Company,"Coinbase: Senior Staff Software Engineer, Data Platform",Remote,0.0,,NEW,https://weworkremotely.com/remote-jobs/coinbase-senior-staff-software-engineer-data-platform,,,"No explicit CGPA/academic cutoff specified | No graduation batch restrictions specified | Role title 'Coinbase: Senior Staff Software Engineer, Data Platform' is a senior/experienced role",RSS (We Work Remotely - Software Engineering)
8ee322e821d29cbf,2026-08-19,Tech Company,Coinbase: Senior Staff Software Engineer - Blockchain Platform,Remote,0.0,,NEW,https://weworkremotely.com/remote-jobs/coinbase-senior-staff-software-engineer-blockchain-platform,,,No explicit CGPA/academic cutoff specified | No graduation batch restrictions specified | Role title 'Coinbase: Senior Staff Software Engineer - Blockchain Platform' is a senior/experienced role,RSS (We Work Remotely - Software Engineering)
a74b2c6435404c07,2026-08-19,Tech Company,Coinbase: Senior Sourcing Analyst,Remote,0.0,,NEW,https://weworkremotely.com/remote-jobs/coinbase-senior-sourcing-analyst,,,No explicit CGPA/academic cutoff specified | No graduation batch restrictions specified | Role title 'Coinbase: Senior Sourcing Analyst' is a senior/experienced role,RSS (We Work Remotely - Software Engineering)
733bf7f2284c32a1,2026-08-19,Tech Company,"Coinbase: Senior Software Engineer, Full Stack (Coinbase Advisor - Agentic Trading)",Remote,0.0,,NEW,https://weworkremotely.com/remote-jobs/coinbase-senior-software-engineer-full-stack-coinbase-advisor-agentic-trading,,,"No explicit CGPA/academic cutoff specified | No graduation batch restrictions specified | Role title 'Coinbase: Senior Software Engineer, Full Stack (Coinbase Advisor - Agentic Trading)' is a senior/experienced role",RSS (We Work Remotely - Software Engineering)
ee0542febd208edb,2026-08-19,Tech Company,Twilio: Senior Partner Enablement Manager,Remote,0.0,,NEW,https://weworkremotely.com/remote-jobs/twilio-senior-partner-enablement-manager,,,No explicit CGPA/academic cutoff specified | No graduation batch restrictions specified | Role title 'Twilio: Senior Partner Enablement Manager' is a senior/experienced role,RSS (We Work Remotely - Software Engineering)
67759440cff37ade,2026-08-19,Tech Company,"Coinbase: Senior Software Engineer, Developer Infrastructure",Remote,0.0,,NEW,https://weworkremotely.com/remote-jobs/coinbase-senior-software-engineer-developer-infrastructure,,,"No explicit CGPA/academic cutoff specified | No graduation batch restrictions specified | Role title 'Coinbase: Senior Software Engineer, Developer Infrastructure' is a senior/experienced role",RSS (We Work Remotely - Software Engineering)
da04fc5fdca6417b,2026-08-19,Tech Company,"Twilio: Senior Manager, Machine Learning",Remote,0.0,,NEW,https://weworkremotely.com/remote-jobs/twilio-senior-manager-machine-learning,,,"No explicit CGPA/academic cutoff specified | No graduation batch restrictions specified | Role title 'Twilio: Senior Manager, Machine Learning' is a senior/experienced role",RSS (We Work Remotely - Software Engineering)
7e4a4e7d5884ee4e,2026-08-19,Tech Company,"Coinbase: Senior Software Engineer, Core AI Infrastructure",Remote,0.0,,NEW,https://weworkremotely.com/remote-jobs/coinbase-senior-software-engineer-core-ai-infrastructure,,,"No explicit CGPA/academic cutoff specified | No graduation batch restrictions specified | Role title 'Coinbase: Senior Software Engineer, Core AI Infrastructure' is a senior/experienced role",RSS (We Work Remotely - Software Engineering)
bbc79b567146c0f8,2026-08-19,Tech Company,"Coinbase: Senior Software Engineer, Consumer",Remote,0.0,,NEW,https://weworkremotely.com/remote-jobs/coinbase-senior-software-engineer-consumer,,,"No explicit CGPA/academic cutoff specified | No graduation batch restrictions specified | Role title 'Coinbase: Senior Software Engineer, Consumer' is a senior/experienced role",RSS (We Work Remotely - Software Engineering)
fb98de3f2a4b0d5d,2026-08-19,Tech Company,"Coinbase: Senior Software Engineer, CDP - Money Movement",Remote,0.0,,NEW,https://weworkremotely.com/remote-jobs/coinbase-senior-software-engineer-cdp-money-movement,,,"No explicit CGPA/academic cutoff specified | No graduation batch restrictions specified | Role title 'Coinbase: Senior Software Engineer, CDP - Money Movement' is a senior/experienced role",RSS (We Work Remotely - Software Engineering)
c58c440257c7a8c9,2026-08-19,Tech Company,"Stripe: Strategy & Ops, Intercept",Remote,0.0,,NEW,https://weworkremotely.com/remote-jobs/stripe-strategy-ops-intercept,,,No explicit CGPA/academic cutoff specified | No graduation batch restrictions specified | Requires 10.0+ years of prior work experience (Strict Fresher filter enabled),RSS (We Work Remotely - Software Engineering)
76be045934af1c25,2026-08-19,Tech Company,Twilio: Senior Engineering Manager V&V Media,Remote,0.0,,NEW,https://weworkremotely.com/remote-jobs/twilio-senior-engineering-manager-v-v-media-1,,,No explicit CGPA/academic cutoff specified | No graduation batch restrictions specified | Role title 'Twilio: Senior Engineering Manager V&V Media' is a senior/experienced role,RSS (We Work Remotely - Software Engineering)
fc1fdba4d2cba47f,2026-08-19,Tech Company,"Twilio: Senior Engineering Manager, Voice and Video",Remote,0.0,,NEW,https://weworkremotely.com/remote-jobs/twilio-senior-engineering-manager-voice-and-video,,,"No explicit CGPA/academic cutoff specified | No graduation batch restrictions specified | Role title 'Twilio: Senior Engineering Manager, Voice and Video' is a senior/experienced role",RSS (We Work Remotely - Software Engineering)
e19ed1a9ef7484c0,2026-08-19,Tech Company,"Stripe: Solutions Architect, Enterprise (Pre-sales)",Remote,0.0,,NEW,https://weworkremotely.com/remote-jobs/stripe-solutions-architect-enterprise-pre-sales,,,"No explicit CGPA/academic cutoff specified | No graduation batch restrictions specified | Role title 'Stripe: Solutions Architect, Enterprise (Pre-sales)' is a senior/experienced role",RSS (We Work Remotely - Software Engineering)
05081e62d09a4f3b,2026-08-19,Tech Company,Coinbase: Senior Payroll Specialist,Remote,0.0,,NEW,https://weworkremotely.com/remote-jobs/coinbase-senior-payroll-specialist,,,No explicit CGPA/academic cutoff specified | No graduation batch restrictions specified | Role title 'Coinbase: Senior Payroll Specialist' is a senior/experienced role,RSS (We Work Remotely - Software Engineering)
f9917f006da70659,2026-08-19,Tech Company,"Coinbase: Senior Manager, Internal Audit IT",Remote,0.0,,NEW,https://weworkremotely.com/remote-jobs/coinbase-senior-manager-internal-audit-it,,,No explicit CGPA/academic cutoff specified | No graduation batch restrictions specified | Requires 12.0+ years of prior work experience (Strict Fresher filter enabled),RSS (We Work Remotely - Software Engineering)
f28fe2532ce109e7,2026-08-19,Tech Company,"Coinbase: Senior Manager, Clearing Operations",Remote,0.0,,NEW,https://weworkremotely.com/remote-jobs/coinbase-senior-manager-clearing-operations,,,"No explicit CGPA/academic cutoff specified | No graduation batch restrictions specified | Role title 'Coinbase: Senior Manager, Clearing Operations' is a senior/experienced role",RSS (We Work Remotely - Software Engineering)
1db2034649c60bf0,2026-08-19,Tech Company,"Coinbase: Senior Machine Learning Engineer, CX Intelligence",Remote,0.0,,NEW,https://weworkremotely.com/remote-jobs/coinbase-senior-machine-learning-engineer-cx-intelligence,,,"No explicit CGPA/academic cutoff specified | No graduation batch restrictions specified | Role title 'Coinbase: Senior Machine Learning Engineer, CX Intelligence' is a senior/experienced role",RSS (We Work Remotely - Software Engineering)
3f40a1d626980b10,2026-08-19,Tech Company,Coinbase: Senior Machine Learning Engineer,Remote,0.0,,NEW,https://weworkremotely.com/remote-jobs/coinbase-senior-machine-learning-engineer,,,No explicit CGPA/academic cutoff specified | No graduation batch restrictions specified | Role title 'Coinbase: Senior Machine Learning Engineer' is a senior/experienced role,RSS (We Work Remotely - Software Engineering)
4f53bbdc2e86d6b4,2026-08-19,Tech Company,Twilio: Project Manager 3,Remote,0.0,,NEW,https://weworkremotely.com/remote-jobs/twilio-project-manager-3,,,No explicit CGPA/academic cutoff specified | No graduation batch restrictions specified | Requires 5.0+ years of prior work experience (Strict Fresher filter enabled),RSS (We Work Remotely - Software Engineering)
b2bb4f2c8b9b90e1,2026-08-19,Tech Company,Stripe: Risk Strategist - Screening (Financial Crimes),Remote,0.0,,NEW,https://weworkremotely.com/remote-jobs/stripe-risk-strategist-screening-financial-crimes,,,No explicit CGPA/academic cutoff specified | No graduation batch restrictions specified | Requires 7.0+ years of prior work experience (Strict Fresher filter enabled),RSS (We Work Remotely - Software Engineering)
46d0e7b6fa55645b,2026-08-19,Tech Company,Twilio: Principal Software Engineer,Remote,0.0,,NEW,https://weworkremotely.com/remote-jobs/twilio-principal-software-engineer,,,No explicit CGPA/academic cutoff specified | No graduation batch restrictions specified | Role title 'Twilio: Principal Software Engineer' is a senior/experienced role,RSS (We Work Remotely - Software Engineering)
ab06ed0e3471d132,2026-08-19,Tech Company,"Coinbase: Senior Finance & Strategy Analyst, Consumer",Remote,0.0,,NEW,https://weworkremotely.com/remote-jobs/coinbase-senior-finance-strategy-analyst-consumer,,,"No explicit CGPA/academic cutoff specified | No graduation batch restrictions specified | Role title 'Coinbase: Senior Finance & Strategy Analyst, Consumer' is a senior/experienced role",RSS (We Work Remotely - Software Engineering)
2e6d5c76adff6abe,2026-08-19,Tech Company,"Coinbase: Senior Data Scientist, CX Analytics",Remote,0.0,,NEW,https://weworkremotely.com/remote-jobs/coinbase-senior-data-scientist-cx-analytics,,,"No explicit CGPA/academic cutoff specified | No graduation batch restrictions specified | Role title 'Coinbase: Senior Data Scientist, CX Analytics' is a senior/experienced role",RSS (We Work Remotely - Software Engineering)
f66893f0922bc926,2026-08-19,Tech Company,Coinbase: Senior Analytics Engineer (Platform - Financial Analytics),Remote,0.0,,NEW,https://weworkremotely.com/remote-jobs/coinbase-senior-analytics-engineer-platform-financial-analytics,,,No explicit CGPA/academic cutoff specified | No graduation batch restrictions specified | Role title 'Coinbase: Senior Analytics Engineer (Platform - Financial Analytics)' is a senior/experienced role,RSS (We Work Remotely - Software Engineering)
1a8a1fc2217416f1,2026-08-19,Tech Company,"Coinbase: Senior Analyst, Compliance Technology",Remote,0.0,,NEW,https://weworkremotely.com/remote-jobs/coinbase-senior-analyst-compliance-technology,,,"No explicit CGPA/academic cutoff specified | No graduation batch restrictions specified | Role title 'Coinbase: Senior Analyst, Compliance Technology' is a senior/experienced role",RSS (We Work Remotely - Software Engineering)
ee16b51dbe25e60f,2026-08-19,Tech Company,Coinbase: Regional Threat Assessment Manager,Remote,0.0,,NEW,https://weworkremotely.com/remote-jobs/coinbase-regional-threat-assessment-manager-2,,,No explicit CGPA/academic cutoff specified | No graduation batch restrictions specified | Requires 7.0+ years of prior work experience (Strict Fresher filter enabled),RSS (We Work Remotely - Software Engineering)
88f47fc3b586bf44,2026-08-19,Tech Company,Twilio: Principal Engineer (L5),Remote,0.0,,NEW,https://weworkremotely.com/remote-jobs/twilio-principal-engineer-l5,,,No explicit CGPA/academic cutoff specified | No graduation batch restrictions specified | Role title 'Twilio: Principal Engineer (L5)' is a senior/experienced role,RSS (We Work Remotely - Software Engineering)
6ad6f589a2275dca,2026-08-19,Tech Company,Stripe: Privacy Operations Program Manager,Remote,0.0,,NEW,https://weworkremotely.com/remote-jobs/stripe-privacy-operations-program-manager,,,No explicit CGPA/academic cutoff specified | No graduation batch restrictions specified | Requires 5.0+ years of prior work experience (Strict Fresher filter enabled),RSS (We Work Remotely - Software Engineering)
26ea39e56cdaf286,2026-08-19,Tech Company,Twilio: Principal Engineer,Remote,0.0,,NEW,https://weworkremotely.com/remote-jobs/twilio-principal-engineer,,,Academic aggregate ~88.5% below 99.0% cutoff | No graduation batch restrictions specified | Role title 'Twilio: Principal Engineer' is a senior/experienced role,RSS (We Work Remotely - Software Engineering)
40fdeefdcd4f265b,2026-08-19,Tech Company,"Coinbase: Paralegal, Litigation",Remote,0.0,,NEW,https://weworkremotely.com/remote-jobs/coinbase-paralegal-litigation,,,No explicit CGPA/academic cutoff specified | No graduation batch restrictions specified | Requires 6.0+ years of prior work experience (Strict Fresher filter enabled),RSS (We Work Remotely - Software Engineering)
d6b53c19f951e71a,2026-08-19,Tech Company,Coinbase: Operations Senior Associate,Remote,0.0,,NEW,https://weworkremotely.com/remote-jobs/coinbase-operations-senior-associate,,,No explicit CGPA/academic cutoff specified | No graduation batch restrictions specified | Role title 'Coinbase: Operations Senior Associate' is a senior/experienced role,RSS (We Work Remotely - Software Engineering)
9701b4358959b47b,2026-08-19,Tech Company,"Coinbase: Manager, Corporate Programs",Remote,0.0,,NEW,https://weworkremotely.com/remote-jobs/coinbase-manager-corporate-programs,,,No explicit CGPA/academic cutoff specified | No graduation batch restrictions specified | Requires 6.0+ years of prior work experience (Strict Fresher filter enabled),RSS (We Work Remotely - Software Engineering)
889c6904fd1ca267,2026-08-19,Tech Company,Coinbase: M&A and Accounting Policy Manager,Remote,0.0,,NEW,https://weworkremotely.com/remote-jobs/coinbase-m-a-and-accounting-policy-manager,,,No explicit CGPA/academic cutoff specified | No graduation batch restrictions specified | Requires 9.0+ years of prior work experience (Strict Fresher filter enabled),RSS (We Work Remotely - Software Engineering)
b6963a6623ad0e9f,2026-08-19,Tech Company,Stripe: People Project Manager,Remote,0.0,,NEW,https://weworkremotely.com/remote-jobs/stripe-people-project-manager,,,No explicit CGPA/academic cutoff specified | No graduation batch restrictions specified | Requires 7.0+ years of prior work experience (Strict Fresher filter enabled),RSS (We Work Remotely - Software Engineering)
d1ed934dbc8c1433,2026-08-19,Tech Company,"Twilio: Manager, Software Engineering (L4)",Remote,0.0,,NEW,https://weworkremotely.com/remote-jobs/twilio-manager-software-engineering-l4,,,No explicit CGPA/academic cutoff specified | No graduation batch restrictions specified | Requires 10.0+ years of prior work experience (Strict Fresher filter enabled),RSS (We Work Remotely - Software Engineering)
e496089a900daf00,2026-08-19,Tech Company,Datadog: Staff Software Engineer - Security Agent,Remote,0.0,,NEW,https://weworkremotely.com/remote-jobs/datadog-staff-software-engineer-security-agent-1,,,No explicit CGPA/academic cutoff specified | No graduation batch restrictions specified | Role title 'Datadog: Staff Software Engineer - Security Agent' is a senior/experienced role,RSS (We Work Remotely - Software Engineering)
d31096de2760edc9,2026-08-19,Tech Company,Coinbase: Internal Audit Analyst,Remote,0.0,,NEW,https://weworkremotely.com/remote-jobs/coinbase-internal-audit-analyst,,,No explicit CGPA/academic cutoff specified | No graduation batch restrictions specified | Requires 3.0+ years of prior work experience (Strict Fresher filter enabled),RSS (We Work Remotely - Software Engineering)
67701d179e7b7cb7,2026-08-19,Tech Company,Twilio: Machine Learning Engineer,Remote,0.0,,NEW,https://weworkremotely.com/remote-jobs/twilio-machine-learning-engineer,,,No explicit CGPA/academic cutoff specified | No graduation batch restrictions specified | Requires 5.0+ years of prior work experience (Strict Fresher filter enabled),RSS (We Work Remotely - Software Engineering)
25226a5794b29bae,2026-08-19,Tech Company,Coinbase: HR Business Partner,Remote,0.0,,NEW,https://weworkremotely.com/remote-jobs/coinbase-hr-business-partner,,,No explicit CGPA/academic cutoff specified | No graduation batch restrictions specified | Requires 8.0+ years of prior work experience (Strict Fresher filter enabled),RSS (We Work Remotely - Software Engineering)
20f25ce7b55c8846,2026-08-19,Tech Company,"Coinbase: Head of Finance, Canada",Remote,0.0,,NEW,https://weworkremotely.com/remote-jobs/coinbase-head-of-finance-canada,,,No explicit CGPA/academic cutoff specified | No graduation batch restrictions specified | Requires 10.0+ years of prior work experience (Strict Fresher filter enabled),RSS (We Work Remotely - Software Engineering)
8fb2d95e07f6b974,2026-08-19,Tech Company,Stripe: Head of Self-Serve Paid Media,Remote,0.0,,NEW,https://weworkremotely.com/remote-jobs/stripe-head-of-self-serve-paid-media,,,No explicit CGPA/academic cutoff specified | No graduation batch restrictions specified | Requires 10.0+ years of prior work experience (Strict Fresher filter enabled),RSS (We Work Remotely - Software Engineering)
af54befc43ac8013,2026-08-19,Tech Company,Stripe: GTM Operations Process Architect,Remote,0.0,,NEW,https://weworkremotely.com/remote-jobs/stripe-gtm-operations-process-architect,,,No explicit CGPA/academic cutoff specified | No graduation batch restrictions specified | Role title 'Stripe: GTM Operations Process Architect' is a senior/experienced role,RSS (We Work Remotely - Software Engineering)
7c3d0e91ec0fbf8f,2026-08-19,Tech Company,"Stripe: Fullstack Engineer, Privy",Remote,0.0,,NEW,https://weworkremotely.com/remote-jobs/stripe-fullstack-engineer-privy,,,No explicit CGPA/academic cutoff specified | No graduation batch restrictions specified | Requires 8.0+ years of prior work experience (Strict Fresher filter enabled),RSS (We Work Remotely - Software Engineering)
069e452359d303b5,2026-08-19,Tech Company,Coinbase: GFCO Program Manager,Remote,0.0,,NEW,https://weworkremotely.com/remote-jobs/coinbase-gfco-program-manager,,,No explicit CGPA/academic cutoff specified | No graduation batch restrictions specified | Requires 8.0+ years of prior work experience (Strict Fresher filter enabled),RSS (We Work Remotely - Software Engineering)
16645cb6c51e6b63,2026-08-19,Tech Company,Coinbase: Creative Director,Remote,0.0,,NEW,https://weworkremotely.com/remote-jobs/coinbase-creative-director,,,No explicit CGPA/academic cutoff specified | No graduation batch restrictions specified | Role title 'Coinbase: Creative Director' is a senior/experienced role,RSS (We Work Remotely - Software Engineering)
63349f3e29f2d080,2026-08-19,Tech Company,"Coinbase: Counsel, Commercial",Remote,0.0,,NEW,https://weworkremotely.com/remote-jobs/coinbase-counsel-commercial,,,No explicit CGPA/academic cutoff specified | No graduation batch restrictions specified | Requires 5.0+ years of prior work experience (Strict Fresher filter enabled),RSS (We Work Remotely - Software Engineering)
37603856f2c0c6f0,2026-08-19,Tech Company,Airtable: Senior Solutions Architect,Remote,0.0,,NEW,https://weworkremotely.com/remote-jobs/airtable-senior-solutions-architect,,,Academic aggregate ~88.5% meets 80.0% cutoff | No graduation batch restrictions specified | Role title 'Airtable: Senior Solutions Architect' is a senior/experienced role,RSS (We Work Remotely - Software Engineering)
1ca71711b53069fb,2026-08-19,Tech Company,Airtable: Senior Solutions Architect- West Coast,Remote,0.0,,NEW,https://weworkremotely.com/remote-jobs/airtable-senior-solutions-architect-west-coast,,,Academic aggregate ~88.5% meets 80.0% cutoff | No graduation batch restrictions specified | Role title 'Airtable: Senior Solutions Architect- West Coast' is a senior/experienced role,RSS (We Work Remotely - Software Engineering)
2ee4fcde27afa566,2026-08-19,Tech Company,"Gusto, Inc.: Staff Software Engineer,  AI Developer Tools",Remote,0.0,,NEW,https://weworkremotely.com/remote-jobs/gusto-inc-staff-software-engineer-ai-developer-tools,,,"No explicit CGPA/academic cutoff specified | No graduation batch restrictions specified | Role title 'Gusto, Inc.: Staff Software Engineer, AI Developer Tools' is a senior/experienced role",RSS (We Work Remotely - Software Engineering)
0647787cdeb7d8b1,2026-08-19,Tech Company,"Coinbase: Communications Manager, Policy & Public Affairs",Remote,0.0,,NEW,https://weworkremotely.com/remote-jobs/coinbase-communications-manager-policy-public-affairs,,,No explicit CGPA/academic cutoff specified | No graduation batch restrictions specified | Requires 7.0+ years of prior work experience (Strict Fresher filter enabled),RSS (We Work Remotely - Software Engineering)
cefbe3882017ce98,2026-08-19,Tech Company,Dropbox: Head of Field and Partner Marketing,Remote,0.0,,NEW,https://weworkremotely.com/remote-jobs/dropbox-head-of-field-and-partner-marketing,,,No explicit CGPA/academic cutoff specified | No graduation batch restrictions specified | Requires 10.0+ years of prior work experience (Strict Fresher filter enabled),RSS (We Work Remotely - Software Engineering)
4387bcb976b531b8,2026-08-19,Tech Company,"Stripe: Credit Risk Analyst, North American Underwriter",Remote,0.0,,NEW,https://weworkremotely.com/remote-jobs/stripe-credit-risk-analyst-north-american-underwriter,,,No explicit CGPA/academic cutoff specified | No graduation batch restrictions specified | Requires 5.0+ years of prior work experience (Strict Fresher filter enabled),RSS (We Work Remotely - Software Engineering)
ae6d1cea0c0d1eb0,2026-08-19,Tech Company,"Coinbase: Business Operations Senior Associate, Institutional",Remote,0.0,,NEW,https://weworkremotely.com/remote-jobs/coinbase-business-operations-senior-associate-institutional,,,"No explicit CGPA/academic cutoff specified | No graduation batch restrictions specified | Role title 'Coinbase: Business Operations Senior Associate, Institutional' is a senior/experienced role",RSS (We Work Remotely - Software Engineering)
8bdd445d338644bc,2026-08-19,Tech Company,"Airtable: Program Manager, Professional Services - West",Remote,0.0,,NEW,https://weworkremotely.com/remote-jobs/airtable-program-manager-professional-services-west,,,Academic aggregate ~88.5% meets 80.0% cutoff | No graduation batch restrictions specified | Requires 5.0+ years of prior work experience (Strict Fresher filter enabled),RSS (We Work Remotely - Software Engineering)
ff75983fe148021d,2026-08-19,Tech Company,"Stripe: Credit Risk Analyst Commercial Underwriter, West Coast",Remote,0.0,,NEW,https://weworkremotely.com/remote-jobs/stripe-credit-risk-analyst-commercial-underwriter-west-coast,,,No explicit CGPA/academic cutoff specified | No graduation batch restrictions specified | Requires 5.0+ years of prior work experience (Strict Fresher filter enabled),RSS (We Work Remotely - Software Engineering)
b7e285361f6c2966,2026-08-19,Tech Company,"Airtable: Program Manager, Professional Services - East",Remote,0.0,,NEW,https://weworkremotely.com/remote-jobs/airtable-program-manager-professional-services-east,,,Academic aggregate ~88.5% meets 80.0% cutoff | No graduation batch restrictions specified | Requires 5.0+ years of prior work experience (Strict Fresher filter enabled),RSS (We Work Remotely - Software Engineering)
b469ed71d493d42b,2026-08-19,Tech Company,"Gusto, Inc.: Retirement Implementation Specialist",Remote,0.0,,NEW,https://weworkremotely.com/remote-jobs/gusto-inc-retirement-implementation-specialist,,,No explicit CGPA/academic cutoff specified | No graduation batch restrictions specified | Requires 5.0+ years of prior work experience (Strict Fresher filter enabled),RSS (We Work Remotely - Software Engineering)
b3ad6412519ffc67,2026-08-19,Tech Company,"Coinbase: Analytics Engineer, GFCO Analytics",Remote,0.0,,NEW,https://weworkremotely.com/remote-jobs/coinbase-analytics-engineer-gfco-analytics,,,No explicit CGPA/academic cutoff specified | No graduation batch restrictions specified | Requires 5.0+ years of prior work experience (Strict Fresher filter enabled),RSS (We Work Remotely - Software Engineering)
c11b37229ef2ec09,2026-08-19,Tech Company,"Gusto, Inc.: Enterprise Application AI Architect",Remote,0.0,,NEW,https://weworkremotely.com/remote-jobs/gusto-inc-enterprise-application-ai-architect,,,"No explicit CGPA/academic cutoff specified | No graduation batch restrictions specified | Role title 'Gusto, Inc.: Enterprise Application AI Architect' is a senior/experienced role",RSS (We Work Remotely - Software Engineering)
e59b58e26e54f65f,2026-08-19,Tech Company,"Cloudflare: Principal Partner Solutions Engineer, SAARC (Based in Bangalore)",Remote,0.0,,NEW,https://weworkremotely.com/remote-jobs/cloudflare-principal-partner-solutions-engineer-saarc-based-in-bangalore,,,"No explicit CGPA/academic cutoff specified | No graduation batch restrictions specified | Role title 'Cloudflare: Principal Partner Solutions Engineer, SAARC (Based in Bangalore)' is a senior/experienced role",RSS (We Work Remotely - Software Engineering)
83850849b8339fc7,2026-08-19,Tech Company,"Gusto, Inc.: Business Money Engineering",Remote,0.0,,NEW,https://weworkremotely.com/remote-jobs/gusto-inc-business-money-engineering,,,No explicit CGPA/academic cutoff specified | No graduation batch restrictions specified | Requires 8.0+ years of prior work experience (Strict Fresher filter enabled),RSS (We Work Remotely - Software Engineering)
82f34c5bbc1992ac,2026-08-19,Tech Company,"Cloudflare: Country Director, India",Remote,0.0,,NEW,https://weworkremotely.com/remote-jobs/cloudflare-country-director-india,,,"No explicit CGPA/academic cutoff specified | No graduation batch restrictions specified | Role title 'Cloudflare: Country Director, India' is a senior/experienced role",RSS (We Work Remotely - Software Engineering)
1cafdd08f3a1fb0e,2026-08-19,Tech Company,Wonderdog: Full-Stack Product Engineer - Agentic First,Remote,0.0,,NEW,https://weworkremotely.com/remote-jobs/wonderdog-full-stack-product-engineer-agentic-first,,,No explicit CGPA/academic cutoff specified | No graduation batch restrictions specified | Requires 5.0+ years of prior work experience (Strict Fresher filter enabled),RSS (We Work Remotely - Software Engineering)
bd2f0a88e506e9a7,2026-08-19,Tech Company,A.Team: Senior Independent AI Engineer / Architect,Remote,0.0,,NEW,https://weworkremotely.com/remote-jobs/a-team-senior-independent-ai-engineer-architect,,,No explicit CGPA/academic cutoff specified | No graduation batch restrictions specified | Role title 'A.Team: Senior Independent AI Engineer / Architect' is a senior/experienced role,RSS (We Work Remotely - Software Engineering)
caf3d5b2dd58aaa6,2026-08-19,Tech Company,A.Team: Senior Independent Software Developer ($90-$170/hr),Remote,0.0,,NEW,https://weworkremotely.com/remote-jobs/a-team-senior-independent-software-developer-90-170-hr,,,No explicit CGPA/academic cutoff specified | No graduation batch restrictions specified | Role title 'A.Team: Senior Independent Software Developer ($90-$170/hr)' is a senior/experienced role,RSS (We Work Remotely - Software Engineering)
e88b45c42b23d0ed,2026-08-19,Tech Company,Storetasker: Senior Shopify Developer (Remote + Flexible),Remote,0.0,,NEW,https://weworkremotely.com/remote-jobs/storetasker-senior-shopify-developer-remote-flexible-3,,,No explicit CGPA/academic cutoff specified | No graduation batch restrictions specified | Role title 'Storetasker: Senior Shopify Developer (Remote + Flexible)' is a senior/experienced role,RSS (We Work Remotely - Software Engineering)
